Geneid	baseMean	log2FoldChange	lfcSE	stat	pvalue	padj
K00147_upstream.fna.motif.h1_1;High-covariation	0	NA	NA	NA	NA	NA
K01889_upstream.fna.motif.h1_1;High-power	0	NA	NA	NA	NA	NA
K02014_upstream.fna.motif.h1_4;High-covariation	0	NA	NA	NA	NA	NA
K02094_upstream.fna.motif.h1_2.h1_4;High-covariation	4719.92354031457	-0.68955909352683	0.11376799242197785	-6.061099249859137	1.3519437241879321e-9	6.260717933041969e-9
K03320_upstream.fna.motif.h1_3;High-covariation	0	NA	NA	NA	NA	NA
K03325_upstream.fna.motif.h2_1;High-power	0	NA	NA	NA	NA	NA
K10716_upstream.fna.motif.h1_4;Conserved-sequence	0	NA	NA	NA	NA	NA
K03665_upstream.fna.motif.h1_2.h2_1;High-power	0.5324183896802834	-0.0012559208836892687	2.576577837267646	-4.874375869898503e-4	0.9996110810903867	0.9997075991720217
K21903_upstream.fna.motif.h2_1;High-covariation	0.5680637601255241	2.7745698649991954	1.9689783615568488	1.4091418774177764	0.15879322009745186	0.22117627085002223
K04485_upstream.fna.motif.h2_3;High-power	0.16561647492838974	-0.6847765897402994	3.5332176852745687	-0.19381103875774497	0.8463238432245015	0.8823028278639973
K04485_upstream.fna.motif.h1_3;High-power	0	NA	NA	NA	NA	NA
K07086_upstream.fna.motif.h2_3;High-power	5.343676401906025	-2.36335748757051	2.41832080769322	-0.9772721137957134	0.32843445486285	0.409530943910264
K07086_upstream.fna.motif.h1_1;Conserved-sequence	0.16214229430032537	-0.6832288110539874	3.533255348848526	-0.1933709125429185	0.8466684939258596	0.8823779506883477
K09121_upstream.fna.motif.h1_4;High-power	0	NA	NA	NA	NA	NA
K09942_upstream.fna.motif.h2_1;High-power	0	NA	NA	NA	NA	NA
K21703_upstream.fna.motif.h2_1;High-power	0	NA	NA	NA	NA	NA
K02110_downstream.fna.motif.h1_5;High-covariation	20.082073137442897	0.4620526277702315	0.7219436684187179	0.6400120230741424	0.5221647829203924	0.598317664535685
Candidate_RF01343_CRISPR-DR33	0	NA	NA	NA	NA	NA
Candidate_RF01701_Cyano-1	0.7978097548941145	2.0298953358522347	3.416842411825038	0.594085149735661	0.5524551628051994	0.6270327356242743
Candidate_RF02514_5_ureB_sRNA	9.190525490217677	0.13201123661943495	0.3992944972981136	0.3306112093021789	0.7409381781439807	0.7910345919037155
Candidate_RF02701_PsrR1	48.30854136570341	2.685908868982409	0.5579920460844666	4.813525368022588	1.4829076719167897e-6	5.101139355998564e-6
gene-SYNPCC7002_RS00010	558.2351626461515	5.688656241734972e-4	0.08041754742500237	0.007073899197237056	0.9943558921177946	0.9965108429675855
gene-SYNPCC7002_RS00015	524.5377850992326	-0.19545907905776744	0.09158723756130312	-2.134130084739575	0.032832133820873105	0.05492383316701097
gene-SYNPCC7002_RS00025	84.49000634910232	-0.3436439430038385	0.19444846934460028	-1.7672751251892602	0.07718216358455753	0.11846892708353145
gene-SYNPCC7002_RS00030	136.7154212669646	-0.6391392736009143	0.15211498919292207	-4.2016850344072045	2.6493557185335087e-5	7.754036583085865e-5
gene-SYNPCC7002_RS00035	114.00317135739813	-0.09489291818726135	0.11961835861259204	-0.7932972771729048	0.4276046428341038	0.5086939466571092
gene-SYNPCC7002_RS00040	628.5367337161225	-0.17850123009525173	0.0825675517101468	-2.1618811070222828	0.03062734162337912	0.05160890413059772
gene-SYNPCC7002_RS00045	540.301980131839	0.03786124896075067	0.06219775363594246	0.6087237359464963	0.5427075712968195	0.6177086977130565
gene-SYNPCC7002_RS00050	95.402685785447	-0.21345065567728877	0.158974765064554	-1.3426700494925345	0.17937883692323864	0.24582950682494642
gene-SYNPCC7002_RS00055	1492.8217411923563	0.8577720270519705	0.0789598991812267	10.863388073523682	1.7223790317067428e-27	2.2390927412187655e-26
gene-SYNPCC7002_RS00060	447.34226474436645	0.41835665324311017	0.12560093221547167	3.330840351769113	8.658424439339715e-4	0.0019919914648289026
gene-SYNPCC7002_RS16035	843.5029255369051	0.41601945950686936	0.11137687375744551	3.735240947890752	1.875355423062474e-4	4.835469957065464e-4
gene-SYNPCC7002_RS00070	1925.9894110340529	0.20689285562730741	0.10520501003720395	1.9665684700200428	0.04923298143105417	0.07897282502097241
gene-SYNPCC7002_RS00075	1596.3840589933122	0.1082844287722163	0.0630123817604359	1.7184627171196016	0.08571224922669789	0.12958923435162123
gene-SYNPCC7002_RS00080	408.00824702099084	0.533783527229225	0.08536297588817314	6.253103546067676	4.0237516150474375e-10	1.9794656501380782e-9
gene-SYNPCC7002_RS00085	175.33629799166	-0.16694996019728303	0.11360166597746894	-1.4696083790742547	0.14166784960971354	0.20009378301567168
gene-SYNPCC7002_RS00090	238.2348109219186	-0.3695823441129333	0.09527587683282251	-3.879075757669776	1.0485409867042697e-4	2.823733089818403e-4
gene-SYNPCC7002_RS00095	537.2719740998117	-0.16738292078624373	0.07624486082177555	-2.1953338098092394	0.028139661320426057	0.04784038009150165
gene-SYNPCC7002_RS00100	730.0972159659749	0.15366109407553977	0.06950916281211687	2.2106595426977793	0.027059422137650994	0.04634462934369114
gene-SYNPCC7002_RS00105	279.76572474568803	0.23523862597290163	0.077890007646379	3.0201386940528505	0.0025265895785295048	0.005380638464276321
gene-SYNPCC7002_RS00110	1858.9906910254613	0.7131696657453793	0.04863952568340262	14.662348280027242	1.1232015032365249e-48	2.75439641361866e-47
gene-SYNPCC7002_RS00115	515.2216787805606	-0.06067006892223885	0.0752039698007642	-0.8067402436729123	0.4198161531613557	0.5016407854497262
gene-SYNPCC7002_RS00120	1356.4088482394234	-0.02515558683132926	0.10084671978157334	-0.24944377849685576	0.8030175247627224	0.8451959742935993
gene-SYNPCC7002_RS00130	1045.6525931996023	0.29787708218666564	0.07837493771762959	3.800667545789468	1.4430680594643475e-4	3.7854224542026684e-4
gene-SYNPCC7002_RS00135	645.301621064171	0.3994190051165808	0.07914917157665055	5.046407904974354	4.501937398598024e-7	1.635552341106824e-6
gene-SYNPCC7002_RS00140	195.29487103548394	-0.1089792307130806	0.12870115393808804	-0.84676187725174	0.39712786130881744	0.4793075641523647
gene-SYNPCC7002_RS00145	449.8506140285554	0.1585151499539983	0.07756907930368731	2.0435352769033464	0.04099947893247008	0.06709570945622126
gene-SYNPCC7002_RS00150	500.9686192372463	-0.12323999704232069	0.06293182620805231	-1.958309562396773	0.0501936994229212	0.0804718249596995
gene-SYNPCC7002_RS00155	394.5874805704476	0.07026502811866508	0.10635300931189119	0.6606773853723841	0.5088192296379361	0.5863466879095761
gene-SYNPCC7002_RS00160	8141.424011851554	-0.03566594020747638	0.07893806183218818	-0.4518218382824933	0.6513973359912	0.715255487314625
gene-SYNPCC7002_RS16250	2176065.310416205	0.24453480788608092	0.07890346106880562	3.099164530600768	0.0019406721554510265	0.004218909178774327
gene-SYNPCC7002_RS00165	2413.4533582523404	-0.12258233377865946	0.05327134192528512	-2.3010934087334496	0.021386351821716852	0.037339601319793664
gene-SYNPCC7002_RS00170	1470.2611972161499	0.12671262454234133	0.07680234719646442	1.6498535418221505	0.09897289475591076	0.1462900732077092
gene-SYNPCC7002_RS00175	4513.053786854002	0.10623319415521888	0.06140891112043841	1.7299312464093153	0.08364255983501429	0.1268748670037213
gene-SYNPCC7002_RS00180	299.58221801951765	0.4192557252230132	0.10237626310307224	4.095243492145316	4.2172492113226724e-5	1.1952651461487324e-4
gene-SYNPCC7002_RS00185	3255.8524588530745	0.5642469307635934	0.0824335306561462	6.844871574374614	7.654450873009358e-12	4.488669832596248e-11
gene-SYNPCC7002_RS00190	1303.4417939181558	0.5465697932727347	0.08020081489304656	6.815015458404307	9.425363014478122e-12	5.477540408952546e-11
gene-SYNPCC7002_RS00195	642.3552226248889	0.4718178081841304	0.08664929865771745	5.445142840081231	5.1763829562161786e-8	2.0635408410433215e-7
gene-SYNPCC7002_RS00200	109.621123087079	0.38058939137688436	0.14115220769736653	2.696304914995566	0.007011345356552846	0.01353352708357875
gene-SYNPCC7002_RS00205	38614.677161047715	0.3082102153604059	0.06030413842949014	5.110929753532203	3.20577177857246e-7	1.1832478047022864e-6
gene-SYNPCC7002_RS00210	3670.247865280715	0.058015794458401486	0.059762806224226764	0.9707675747475681	0.33166403285695417	0.41308059806000796
gene-SYNPCC7002_RS00215	4427.428670202513	1.1828499997614916	0.05434469239333322	21.76569500477288	4.906049185406535e-105	4.179179266621304e-103
gene-SYNPCC7002_RS00220	1374.790861518449	0.42702727289213926	0.05817940771712465	7.339835341198346	2.1385679023580821e-13	1.3855404049749487e-12
gene-SYNPCC7002_RS00225	369.12169964136444	0.09868285975631877	0.12625031817209673	0.7816444440306306	0.43442355981278336	0.5149137238987923
gene-SYNPCC7002_RS00230	4511.048267270711	-0.30197899941728024	0.0753948555336487	-4.0052997950570655	6.19388749758611e-5	1.7209968952520375e-4
gene-SYNPCC7002_RS00235	1040.365016317647	-0.2743941063082499	0.09787528673579353	-2.8035075600744315	0.0050550047136682106	0.010119387914745825
gene-SYNPCC7002_RS00240	1289.0029410277286	-0.24710554869608375	0.07616272721195311	-3.2444419697369056	0.0011768099326583444	0.0026508933556124298
gene-SYNPCC7002_RS00245	12880.11582760987	-0.17879381977726527	0.06373072343923862	-2.8054572446165422	0.005024524680245684	0.010077067156106121
gene-SYNPCC7002_RS00250	3330.1968292632387	-0.4786984061667151	0.08392304520541499	-5.704016161413407	1.1701697494702405e-8	4.9449601553983924e-8
gene-SYNPCC7002_RS00255	3448.014228152764	0.6961925826095331	0.06306361450082446	11.039528706373648	2.4632173627689627e-28	3.2544631033808704e-27
gene-SYNPCC7002_RS00260	2561.6392353378415	0.24923566845751105	0.04653248029753559	5.356165561428516	8.500662215282901e-8	3.3393984940377125e-7
gene-SYNPCC7002_RS00265	3311.614200303218	0.03934039237687698	0.0631403826198958	0.6230623056832834	0.533243578982157	0.6086422655730755
gene-SYNPCC7002_RS00270	6362.7044183355765	-0.04900474718611859	0.07524459739104408	-0.6512726346509939	0.5148705101130071	0.5915743432633573
gene-SYNPCC7002_RS00275	145.8281258151453	0.32587516169662417	0.13513923201719588	2.4114030902229633	0.01589127440410374	0.028561940725199228
gene-SYNPCC7002_RS00280	423.1131888858825	-0.0463313971448461	0.0943710416176586	-0.4909493034161512	0.6234623045627437	0.6916201096194659
gene-SYNPCC7002_RS00285	376.71026229208934	-0.0735090842773687	0.09317594485503775	-0.7889277043740575	0.43015426227662695	0.5107884618449895
gene-SYNPCC7002_RS00290	10445.965672518041	-0.25389997059455377	0.082330756817862	-3.083901817594723	0.0020430500789263032	0.004432542295901102
gene-SYNPCC7002_RS00295	3996.0227422494195	0.026021086549385584	0.055435429393164266	0.4693945160023283	0.6387876675329511	0.7045164156061884
gene-SYNPCC7002_RS00300	1344.6751041818854	-0.06759584027392393	0.08672355202409723	-0.7794404022466881	0.43572033191762777	0.5158839482141043
gene-SYNPCC7002_RS00305	507.2754898291164	0.25673038558686095	0.13345233648977223	1.9237608897655887	0.054384561814859025	0.08629550323269541
gene-SYNPCC7002_RS00310	719.8874176664835	0.26934982032076143	0.07273574703053688	3.7031285346898195	2.1295691569076614e-4	5.462294263795642e-4
gene-SYNPCC7002_RS00315	1017.6113185011195	0.25444994680598754	0.07203826900010311	3.5321496523691223	4.121960140455021e-4	0.001005484926499842
gene-SYNPCC7002_RS00320	3063.801543282625	0.16569129186630838	0.0557694601664451	2.971004047229421	0.002968278690220442	0.006214953505979023
gene-SYNPCC7002_RS00325	1298.8400942424616	-0.684006807234016	0.06713790150259444	-10.188087383213544	2.2413021560950102e-24	2.6097464313955212e-23
gene-SYNPCC7002_RS00330	356.25735667581745	0.11763405632623009	0.08257597756009881	1.4245554191667424	0.15428575455598667	0.2153613572650836
gene-SYNPCC7002_RS00335	1639.0801823187312	-0.07065829946545793	0.06300254044185773	-1.1215150844697344	0.26206867429962866	0.33959819804159247
gene-SYNPCC7002_RS00340	339.93982832728176	-0.04223700989439585	0.08239763381883583	-0.5125997912423136	0.6082312992671992	0.6806066870191756
gene-SYNPCC7002_RS00345	438.64421262786243	0.029749141904350754	0.0956886324673926	0.3108952561788177	0.7558802509222756	0.8051281251185937
gene-SYNPCC7002_RS00350	833.7045235870982	0.3113861503870108	0.09887224049212469	3.1493789241259598	0.0016361789158319093	0.00361276340419365
gene-SYNPCC7002_RS00355	1430.8798575381813	0.08252074757329782	0.08771933359585034	0.9407361432258026	0.3468400921137358	0.42802949987501443
gene-SYNPCC7002_RS00360	258.17464940981756	0.26039869481771555	0.09423372012193766	2.76332818529038	0.005721520609346595	0.011306814537518271
gene-SYNPCC7002_RS00365	1051.5567812124857	-0.11361057203013497	0.06170705538179747	-1.841127749933894	0.06560283996139057	0.10214352715489239
gene-SYNPCC7002_RS00370	8696.13660542576	-0.021952810404636303	0.08625829900502552	-0.25450084986439747	0.7991086476062672	0.8423037096390383
gene-SYNPCC7002_RS16605	3.387943590283612	1.1649727985487204	0.648449596044871	1.7965510436806678	0.072406922383929	0.11176977003184461
gene-SYNPCC7002_RS00375	1725.8265380502044	0.8143922958029549	0.060491087427925125	13.46301298969538	2.581702018461156e-41	5.064829959853794e-40
gene-SYNPCC7002_RS00380	2125.961351050911	0.9304047642011076	0.04647789511013007	20.018220747658635	3.8212515715243304e-89	2.5243655789845422e-87
gene-SYNPCC7002_RS00385	2162.8290021876483	0.1037929565175646	0.08123661742647637	1.2776622144749314	0.2013685536827906	0.2714827189800888
gene-SYNPCC7002_RS16340	1095.0848066167562	0.22934714763730318	0.08106817014662618	2.8290653066732374	0.0046684171527657786	0.009415368425858458
gene-SYNPCC7002_RS00390	4126.751150930573	0.37610954099061483	0.06395122557935634	5.881193637546552	4.0731830425325145e-9	1.784153384124188e-8
gene-SYNPCC7002_RS00395	766.1726010173285	-0.9522426630397517	0.11282196573816566	-8.440224000791584	3.167300897252915e-17	2.5190547922377607e-16
gene-SYNPCC7002_RS17030	31.960128191384587	0.10877427351803147	0.29660215665162565	0.3667346008066705	0.7138169944216484	0.7676497046321847
gene-SYNPCC7002_RS17035	82.97723834678669	-0.20965600974119064	0.17833835795815875	-1.1756080528137394	0.23975153611196676	0.3144553170155739
gene-SYNPCC7002_RS00405	442.79067841425683	-0.2746457648987921	0.084004276099653	-3.269426006040264	0.001077659188834245	0.002439428527452064
gene-SYNPCC7002_RS00410	1557.827739935484	-0.18408310706881856	0.05337612487860064	-3.4487911493668677	5.631020488575636e-4	0.0013412519000382144
gene-SYNPCC7002_RS00415	2261.974386893498	-0.18251211902137496	0.07775310167387499	-2.3473291108938352	0.01890854469245373	0.03346471250381231
gene-SYNPCC7002_RS00420	276.85835240956857	0.13944863324010848	0.09668369805025538	1.4423179507224086	0.14921269845200671	0.20945425190335895
gene-SYNPCC7002_RS00425	440.3161497110623	0.17417651201139028	0.11645569822323842	1.4956461097979474	0.13474590054209165	0.19206185823634991
gene-SYNPCC7002_RS00430	909.4151028818993	0.42545021585285797	0.0637713990157986	6.671489451681274	2.5322015997916814e-11	1.410798034169651e-10
gene-SYNPCC7002_RS00435	667.2245288271127	1.1542736020444162	0.07076810642707998	16.31064698945688	8.290989706620709e-60	2.8250456505611827e-58
gene-SYNPCC7002_RS00440	230.15235458990392	0.4221741780413487	0.09695411914261176	4.354370724779256	1.3344970398112529e-5	4.098450586213497e-5
gene-SYNPCC7002_RS00445	685.9186810911214	0.19421555764918316	0.07228349096337357	2.686859130082597	0.0072127364689556035	0.013905674776658302
gene-SYNPCC7002_RS00450	554.8874047154188	0.4534922886719888	0.08780053806640026	5.1650285825017335	2.404021842417122e-7	8.996322201045347e-7
gene-SYNPCC7002_RS00455	948.4327650264711	0.04044307394467483	0.10388851668325083	0.38929301558884577	0.6970594023811251	0.753634363897028
gene-SYNPCC7002_RS00460	2360.248095766832	-0.19069029691444506	0.06028083574422955	-3.1633651816564123	0.001559565672552558	0.0034530192079703353
gene-SYNPCC7002_RS00465	2776.344965699899	-0.42310740552713827	0.06127673475614775	-6.904862134232584	5.025220695735922e-12	3.006772530886724e-11
gene-SYNPCC7002_RS00470	1587.6138893168722	0.110728030412022	0.07080733545985776	1.5637932100240683	0.11786613938913347	0.17101420582816004
gene-SYNPCC7002_RS17175	89.1043073713592	-0.25056928133545386	0.1643010662461613	-1.5250618091549244	0.12724368174165182	0.18297991905718655
gene-SYNPCC7002_RS00475	22345.382475968505	-0.2745030068983548	0.052161050242192836	-5.262605059211606	1.4202845607747518e-7	5.427935210422517e-7
gene-SYNPCC7002_RS00480	382.9999545904353	-0.3444610985880698	0.08153052893307933	-4.224933936964952	2.3901088241343025e-5	7.046249784811236e-5
gene-SYNPCC7002_RS00485	1111.4874432888241	-0.7974165420660713	0.10308083985518876	-7.735836681058355	1.0272526438678434e-14	7.21305164468592e-14
gene-SYNPCC7002_RS00490	4531.012748291097	-0.2694081332517539	0.054894979200914795	-4.907700798386756	9.215029096531609e-7	3.2493517631234006e-6
gene-SYNPCC7002_RS00495	1428.490569944257	0.0625247747725522	0.06500202753425388	0.9618896078219059	0.33610505933167223	0.4174873664837387
gene-SYNPCC7002_RS00500	857.5891362556335	0.0352362127555734	0.07164023142391425	0.49184951046670106	0.6228257330745559	0.6911508049236673
gene-SYNPCC7002_RS00505	31.625793349821485	-0.9139904584453159	0.32706636813479767	-2.7945106788498117	0.005197832403528097	0.010379632011240253
gene-SYNPCC7002_RS00510	4255.8296308128965	0.5125449736441772	0.05582178860033704	9.181808510540677	4.2391114598593284e-20	4.1083843699295347e-19
gene-SYNPCC7002_RS00515	8106.89420676661	0.10449817090748231	0.050990236047238534	2.0493760964485985	0.040425352786168295	0.06625664150320343
gene-SYNPCC7002_RS00520	2259.5873761653643	-0.17143006312267425	0.05217492168266608	-3.285679356939561	0.001017367487894798	0.002312653481963105
gene-SYNPCC7002_RS00525	4129.669945531678	0.0030500801917395237	0.06079502580616741	0.05016989714691601	0.9599869999305383	0.970783479779804
gene-SYNPCC7002_RS00530	32672.13924051183	-0.13466919686940046	0.05822792875638953	-2.312793873071138	0.020733974814738418	0.03627885214881527
gene-SYNPCC7002_RS00535	328.9514182351107	-0.3977079190309431	0.08238537580601364	-4.827409174747162	1.3832073788355199e-6	4.7835921851395065e-6
gene-SYNPCC7002_RS00540	1819.651224265272	-0.4543296517560827	0.08123041280271032	-5.593097906070516	2.23053425257402e-8	9.209488999466969e-8
gene-SYNPCC7002_RS00545	553.4964922059556	0.3123805926054992	0.0869982226033636	3.590654880728813	3.2984815563820647e-4	8.186977797031111e-4
gene-SYNPCC7002_RS00550	8776.169121526862	0.03832413563999609	0.06345400285186206	0.6039671875305731	0.5458654576375037	0.620641547724833
gene-SYNPCC7002_RS00555	23438.544637675204	-0.7266022245673418	0.08638808434612924	-8.410907940221023	4.0684896552162775e-17	3.219975798028139e-16
gene-SYNPCC7002_RS00560	215.2582656672264	-0.04328281508741428	0.10028920615642234	-0.43157999495883465	0.6660467006969639	0.7273931073401053
gene-SYNPCC7002_RS00565	762.9915315565881	-0.3244714077002452	0.08853577854482095	-3.66486196917535	2.474720135710419e-4	6.307613448263485e-4
gene-SYNPCC7002_RS00570	6267.612925438919	-0.656316807531306	0.06636913244934912	-9.888886343846467	4.6517375902621605e-23	5.139138081801574e-22
gene-SYNPCC7002_RS00575	643.963856969121	0.709204211556312	0.06574853225151026	10.786616632647664	3.9817977563207655e-27	5.0944977617432083e-26
gene-SYNPCC7002_RS00580	4518.055325236874	-0.0010253286486532713	0.05749657958443929	-0.01783286338185521	0.9857721877368807	0.9906689139100537
gene-SYNPCC7002_RS00585	2249.627375775339	0.6327403821521744	0.12877120784071774	4.913679018487085	8.938304185373331e-7	3.1621082675468273e-6
gene-SYNPCC7002_RS00590	3859.8911307678254	-0.11231581401505457	0.04843110184976427	-2.319084425612779	0.02039045906529133	0.03573574228172606
gene-SYNPCC7002_RS00595	2755.612776967914	0.15058100388069687	0.05676845386523265	2.652547209373953	0.007988695551860506	0.015193541422663019
gene-SYNPCC7002_RS00600	3227.02824392559	-0.092062944876558	0.05379330335758909	-1.7114201792846373	0.0870035746700186	0.1311129288672487
gene-SYNPCC7002_RS00605	767.6167786504462	-0.2059996191318874	0.0728654156834413	-2.827124736745321	0.0046968028671991145	0.009466719104061976
gene-SYNPCC7002_RS00610	4022.1202921100007	0.2325162892855482	0.05657428216127716	4.109929112714334	3.9578059568138494e-5	1.1297546633339003e-4
gene-SYNPCC7002_RS00615	437.4431365158406	0.716743776777676	0.084283943109123	8.503918425478776	1.8329635893920816e-17	1.490779683131198e-16
gene-SYNPCC7002_RS00620	19570.168505168018	-0.4967099871451672	0.31958727237767176	-1.554223306359275	0.12013116002705267	0.17383306437531046
gene-SYNPCC7002_RS00625	603.757066142386	0.18524652785557197	0.10469358062946416	1.76941629794098	0.07682442777615876	0.11802594813071947
gene-SYNPCC7002_RS00630	80.44632139061858	0.9694363519048378	0.1522187166439231	6.368706643169165	1.906288144330675e-10	9.73289388517097e-10
gene-SYNPCC7002_RS00635	154.83277401753935	0.7376103012989847	0.12957189840386332	5.692671870870668	1.2506659880383294e-8	5.271361723020927e-8
gene-SYNPCC7002_RS00640	5668.124826763139	-0.20874948109107822	0.06035797164547188	-3.45852379396084	5.431442947009766e-4	0.0012956212836750635
gene-SYNPCC7002_RS00645	217.55880394972968	0.8300705728467099	0.14955556239988735	5.550248747199624	2.8526341592837403e-8	1.1644359109207398e-7
gene-SYNPCC7002_RS00650	549.6468380824693	1.3223422641561338	0.07123230405466179	18.563800254746827	6.308048523221524e-77	3.047634786517623e-75
gene-SYNPCC7002_RS00655	539.5024510084118	1.0870848940845483	0.06691962847541706	16.244634330029033	2.43790723131207e-59	8.135572894595021e-58
gene-SYNPCC7002_RS00660	561.0344082408186	0.006961596546120007	0.07705468662209372	0.09034617946423422	0.928012124264114	0.9464320246512089
gene-SYNPCC7002_RS00665	663.4154128079905	-0.04781683894048461	0.11040950421462596	-0.43308625720783106	0.6649521063285067	0.7271790433058702
gene-SYNPCC7002_RS00670	9372.92084063403	-0.5187904050887958	0.09491754180090316	-5.46569575281457	4.610946241095427e-8	1.856422012739539e-7
gene-SYNPCC7002_RS00675	1648.0216122565862	-0.33626068117176244	0.06372597904205216	-5.276665595829721	1.3155563417300332e-7	5.0455638367063e-7
gene-SYNPCC7002_RS00680	13.761566016549844	-0.9856627802029294	0.48202707499329905	-2.044828664897364	0.04087175268138555	0.06694580998867022
gene-SYNPCC7002_RS00685	5561.916002453327	-0.2834354398184505	0.07274862876071256	-3.896093227416515	9.77567728328943e-5	2.645808308194639e-4
gene-SYNPCC7002_RS00690	365.17904246970306	0.5443154137012238	0.0771308757625566	7.057036605896588	1.7009082866144566e-12	1.0408015356844983e-11
gene-SYNPCC7002_RS00695	8517.421167802157	0.33384878463038836	0.09584788690632648	3.4831105348901805	4.956236825097879e-4	0.0011919270878782938
gene-SYNPCC7002_RS00700	60391.016497490586	0.5387388364635141	0.036662327546516625	14.694616313707035	6.979268065105481e-49	1.7513093586625149e-47
gene-SYNPCC7002_RS00705	393.41484357117355	-0.06957480050045992	0.08707893846660156	-0.7989854002083958	0.4242988776782991	0.5056905254214485
gene-SYNPCC7002_RS00710	1119.0276199168093	0.07568686437407003	0.053525030465138915	1.4140461708539376	0.1573483465164427	0.21925811350569308
gene-SYNPCC7002_RS00715	1512.1780177170442	0.2027862963171341	0.06933224361433787	2.9248483208640605	0.0034462415456473472	0.007114466762283458
gene-SYNPCC7002_RS00720	282.18555296811405	0.19023407959408767	0.10764397750473385	1.7672524186104304	0.07718596454098481	0.11846892708353145
gene-SYNPCC7002_RS00725	652.5870325352638	0.0923962844943155	0.0916895086932291	1.0077083606528103	0.3135944901126025	0.3957525787502902
gene-SYNPCC7002_RS00730	16695.920813186982	-0.33425653911383496	0.08510599047357277	-3.927532448113964	8.582184517442919e-5	2.348312027300315e-4
gene-SYNPCC7002_RS16040	569.0474934744379	-0.10934831163594957	0.07430327654684021	-1.4716485829129924	0.14111579896636928	0.19964678376492018
gene-SYNPCC7002_RS00740	101.34934859935547	-0.01305745018411105	0.13546193197541115	-0.09639202684988443	0.9232092242900402	0.9427218482734573
gene-SYNPCC7002_RS00745	68.48310882297262	0.520353221121238	0.147542137763157	3.5268109098198	4.2059702586291775e-4	0.0010244338395171291
gene-SYNPCC7002_RS00750	7837.742305846986	-0.5235051796165074	0.08042075761975806	-6.5095778143712835	7.53623091026143e-11	3.960191470213677e-10
gene-SYNPCC7002_RS00755	429.27838163329284	-0.05850494809636253	0.08691882032409708	-0.6730987360184273	0.5008844780054154	0.5788515013579184
gene-SYNPCC7002_RS00760	2378.671865333104	-0.2001460630931687	0.04707851414287963	-4.2513249777964734	2.1250954687763477e-05	6.310948653604621e-5
gene-SYNPCC7002_RS00765	873.9294633648415	0.12171934982945466	0.09277514730379988	1.3119822858472496	0.18952611151311946	0.25824057408787776
gene-SYNPCC7002_RS00770	511.5420778193203	-0.14669257409313805	0.08189256540611173	-1.7912807269582767	0.07324825732972422	0.1129607474875261
gene-SYNPCC7002_RS00775	859.32327231578	0.7464793439260026	0.07874971400788579	9.479137204882447	2.5639420577009083e-21	2.626417861005646e-20
gene-SYNPCC7002_RS00780	49966.45406762894	0.8284265012959238	0.12162882734890727	6.81110325037896	9.685308456555576e-12	5.608469315540322e-11
gene-SYNPCC7002_RS00785	2027.4172964242787	0.22237723656367342	0.07124341311499494	3.121372585065954	0.0018001012612769293	0.0039424409896843165
gene-SYNPCC7002_RS00790	2386.359327526396	-0.0960509129470496	0.07842741578705412	-1.224710925167377	0.22068415631334032	0.29312868854586893
gene-SYNPCC7002_RS00795	1900.5212581413955	-0.2961328614248885	0.05264125839458119	-5.625489786075706	1.8498235219521456e-8	7.686622260024511e-8
gene-SYNPCC7002_RS00800	1037.5818394800685	0.08000446056236685	0.08436771734034655	0.948282863214398	0.3429854725305974	0.4244051890602232
gene-SYNPCC7002_RS00805	812.519553947995	-0.20890796803100783	0.0961672767474253	-2.172339439118005	0.029830069309159497	0.05034407421989014
gene-SYNPCC7002_RS00810	3582.062000013899	0.15298963109524094	0.040867529596685985	3.74354977178868	1.8143864188865493e-4	4.694779246951047e-4
gene-SYNPCC7002_RS00815	4731.290993361865	-0.13875543987282102	0.04617838256230618	-3.0047704612781803	0.0026578134319161285	0.005630459475858971
gene-SYNPCC7002_RS00820	5481.019513853905	-0.1891732319782033	0.07147132240716073	-2.646841077047848	0.008124752564919046	0.015407043967570564
gene-SYNPCC7002_RS00825	1660.4820940451655	-0.06424573031467062	0.08207445661401089	-0.7827737516047504	0.4337599840405884	0.5145038726051244
gene-SYNPCC7002_RS00830	28701.86094235568	-0.43015288674011354	0.06861088110474083	-6.269455803714947	3.6231211102498034e-10	1.7850902639084648e-9
gene-SYNPCC7002_RS00835	12444.59210997557	0.17476070965335344	0.09612353328648184	1.818084538491789	0.06905121277585036	0.10689563642057753
gene-SYNPCC7002_RS00840	1370.899244051157	0.5467109721392789	0.08996080717658028	6.077212836320632	1.2228940514962092e-9	5.703902081690532e-9
gene-SYNPCC7002_RS00845	817.341551736233	0.20116805724670503	0.0864652632564092	2.326576588914665	0.019987811760212002	0.03510610236994371
gene-SYNPCC7002_RS00850	22999.66100970929	-2.599799054414774	0.07620955972989472	-34.11381805155543	4.602300829849976e-255	1.6552941984693746e-252
gene-SYNPCC7002_RS00855	23581.93365585968	-2.5916963838482214	0.06881850936279875	-37.659873889236195	2.2551980059776e-310	1.2166793242249152e-307
gene-SYNPCC7002_RS00860	14932.555373257797	-2.584462688049638	0.07360653975590098	-35.11186229675256	4.443304058722308e-270	2.0547107482977303e-267
gene-SYNPCC7002_RS00865	12560.263108193145	-2.64035982098034	0.06043848811131922	-43.68672849852179	0	0
gene-SYNPCC7002_RS00870	4783.044298684159	-2.4572906268179846	0.07089594831296574	-34.66052271380063	3.1010435131928813e-263	1.2547597315256696e-260
gene-SYNPCC7002_RS00875	1970.1508726336006	-0.11167602874872659	0.05554395786123536	-2.0105882448586962	0.04436896672729558	0.07206339452897932
gene-SYNPCC7002_RS00880	3202.5360813844572	-0.2518585483963119	0.08473122705203365	-2.9724407064427965	0.0029544226939196413	0.006197969060413402
gene-SYNPCC7002_RS00885	1452.1074581756213	9.88709537327705e-4	0.0682336171058234	0.014490064857536676	0.9884390055281025	0.9920996902160489
gene-SYNPCC7002_RS00890	188.71154123383192	-0.17706383511288515	0.0952678185762383	-1.8585902118792548	0.06308524556662178	0.09850793048680882
gene-SYNPCC7002_RS00895	1076.9335890815055	-0.3872377588680191	0.1096305004448285	-3.5322082567970794	4.121046702737436e-4	0.001005484926499842
gene-SYNPCC7002_RS00900	4322.675772858635	-0.293844890070536	0.05741553775922697	-5.117863587776179	3.090159636798832e-7	1.1431824850648935e-6
gene-SYNPCC7002_RS00905	559.9166458237387	-0.2925143089405916	0.07930185768430889	-3.6886186210801735	2.2547489978490357e-4	5.76966206010856e-4
gene-SYNPCC7002_RS00910	1.7252747538237365	-1.909255663380148	1.361598922849578	-1.402215903185664	0.16085078408378534	0.2235991779725042
gene-SYNPCC7002_RS00915	1575.3528575578014	0.051633182381441954	0.05566502932606988	0.9275694813522776	0.35363093457856226	0.435413973081326
gene-SYNPCC7002_RS00920	2217.674487143977	1.0243618247764215	0.12100082247977371	8.465742660118298	2.5452559240807507e-17	2.0546118269948606e-16
gene-SYNPCC7002_RS00925	5773.443157284316	1.4602575737001708	0.10157375420947042	14.376327675048374	7.28593017453135e-47	1.6492696485984603e-45
gene-SYNPCC7002_RS00930	7602.2860603964455	0.25385286704380866	0.04577505349995591	5.545659647214899	2.9284799006420383e-8	1.1938903574783727e-7
gene-SYNPCC7002_RS00935	1607.3973746087438	0.16905561868181962	0.0608084435645692	2.7801339546260313	0.00543364794570855	0.010803881081239912
gene-SYNPCC7002_RS00940	1652.0398936561946	-0.02376084876093611	0.06167742720997296	-0.38524383775032184	0.7000567671947158	0.7556131228440462
gene-SYNPCC7002_RS00945	1234.7632950793081	0.04755337708266716	0.07613286604165533	0.624610362844462	0.5322268166439279	0.6076960160410563
gene-SYNPCC7002_RS00950	1138.0085276032805	-0.8441672889752313	0.07958201461068069	-10.607513432588268	2.7496945787957726e-26	3.449907500605394e-25
gene-SYNPCC7002_RS00955	364.14976528257336	-0.05883446883764922	0.12525695319439	-0.46971020240562816	0.6385620777429939	0.7045164156061884
gene-SYNPCC7002_RS00960	1332.920582225377	-0.6040699067339236	0.0875779215904685	-6.897513617172518	5.2920572076712225e-12	3.154767805015055e-11
gene-SYNPCC7002_RS00965	229.39778468786318	-0.1679831577598034	0.13170372154288076	-1.275462498644054	0.20214558955153486	0.2721051030010481
gene-SYNPCC7002_RS00970	309.3554566584402	-0.1465862276461818	0.11351136894869959	-1.2913792601023961	0.19657219871985396	0.2660134645719763
gene-SYNPCC7002_RS00975	596.6288506220699	0.20417855821624611	0.07284479289726245	2.8029259209263158	0.00506412997859331	0.010131389827383527
gene-SYNPCC7002_RS00980	442.0793545933319	0.3383556480704626	0.12394364877425283	2.7299151785238567	0.006335062299122335	0.012385412471324075
gene-SYNPCC7002_RS00985	378.1112359670269	0.2587923421439344	0.08597412850848558	3.0101188186908083	0.002611455084485482	0.005539502037011472
gene-SYNPCC7002_RS00990	400.8987023609851	0.09113166478461343	0.09083033619669038	1.0033174884134584	0.3157077007723662	0.3977990764500387
gene-SYNPCC7002_RS00995	1030.7741636659662	0.1255332158026811	0.06892373112053934	1.821335173848011	0.06855592278303382	0.10623050361353782
gene-SYNPCC7002_RS01000	180.88545513523434	-0.04995657317342857	0.13485385865339264	-0.3704497125427398	0.7110474389822113	0.7656888090437185
gene-SYNPCC7002_RS01005	114.30378809845136	-0.01737143442103502	0.1785390690359474	-0.09729766439824676	0.9224900107421365	0.9422846843711883
gene-SYNPCC7002_RS01010	317.1673630468191	-0.06549813555338994	0.10772411314482712	-0.608017403358267	0.5431759314106219	0.6178005938075134
gene-SYNPCC7002_RS01015	225.87786399736243	0.05168343447647067	0.10365050648191004	0.4986317600434581	0.6180388264684967	0.6876613426996739
gene-SYNPCC7002_RS01020	112.17793044343266	0.0549193740627012	0.1352947899284861	0.40592379123934036	0.6847985965412442	0.7436071979215054
gene-SYNPCC7002_RS01025	527.7680752156747	0.23302860381175428	0.0954934563666703	2.4402572980182478	0.014676804302544883	0.02661558292848055
gene-SYNPCC7002_RS01030	690.0507552995301	0.3909533864362458	0.0758241745792871	5.156051992724792	2.5221089290801727e-7	9.405606685982165e-7
gene-SYNPCC7002_RS01035	1057.975680681931	0.3074879107733922	0.06967043967629875	4.413463044040424	1.0173009020005435e-5	3.175509180111629e-5
gene-SYNPCC7002_RS01040	81.68217011472352	0.07120974474739679	0.15409531924054265	0.46211491107162345	0.6439989177126502	0.7088148577476534
gene-SYNPCC7002_RS01045	7344.481097337928	-0.9287350558693102	0.054027682850946494	-17.189984964403113	3.1561417645172857e-66	1.2162417728264826e-64
gene-SYNPCC7002_RS16540	333.07349664671045	-0.3321915347804442	0.0812755069608091	-4.0872280863240436	4.36557876585821e-5	1.2309563122894621e-4
gene-SYNPCC7002_RS01055	8508.941434022654	-0.8934960932893762	0.05354844363496633	-16.685752799469537	1.6639526172281745e-62	5.984682913297335e-61
gene-SYNPCC7002_RS01060	17199.39423757241	0.6193695097974387	0.05171264036759074	11.977139542571276	4.6820106115790475e-33	7.502806113703651e-32
gene-SYNPCC7002_RS01065	2890.4388749782115	-0.9962788561446332	0.07708574548758396	-12.924294236800263	3.28295189377891e-38	5.871223911691896e-37
gene-SYNPCC7002_RS01070	2795.874140645933	0.2533393513473655	0.0911742025014262	2.7786297482931386	0.005458870742691945	0.010847369302697252
gene-SYNPCC7002_RS01075	3497.065990783575	0.22924291912414763	0.11174760299909937	2.051434777764273	0.04022462515833238	0.06606144679732213
gene-SYNPCC7002_RS01080	2568.263641333986	0.1783567554664819	0.04638285993502245	3.845316043821815	1.2039715932515105e-4	3.1918558946397534e-4
gene-SYNPCC7002_RS01085	792.7060187257368	-0.09169256686917789	0.07615156634918081	-1.204079853705652	0.2285587158292244	0.3021006791095138
gene-SYNPCC7002_RS01090	596.9867829967976	0.12974780629338933	0.09938608902782584	1.3054926254021617	0.1917251566642505	0.26076232442108355
gene-SYNPCC7002_RS01095	276.90494715152244	0.42851052788515914	0.08183107965732171	5.2365254091673075	1.636277245947375e-7	6.194888239920062e-7
gene-SYNPCC7002_RS01100	8414.887459947407	-0.39418475962641164	0.07526932543692762	-5.236990730795391	1.632158863173232e-7	6.186531897062941e-7
gene-SYNPCC7002_RS01105	849.2009828935237	0.07949820106149968	0.06233180150352438	1.2754035523424536	0.20216644198873054	0.2721051030010481
gene-SYNPCC7002_RS01110	53.4777236374191	0.49148109116591526	0.22299179655246024	2.204032160664221	0.027522082403706332	0.046938346017279975
gene-SYNPCC7002_RS16350	5531.3451564799825	0.7356718985984783	0.05218078444135326	14.098521255948357	3.878109880367501e-45	8.20486384493438e-44
gene-SYNPCC7002_RS01120	2432.440387742444	0.6401056073473271	0.10505673030170336	6.092951927107031	1.1084735808128996e-9	5.192661332983149e-9
gene-SYNPCC7002_RS01125	4630.368419107163	0.6886786972036801	0.05027462563734785	13.69833566084432	1.0387813502140826e-42	2.1015845191518658e-41
gene-SYNPCC7002_RS01130	2101.2969425759834	0.36837257067735757	0.07372425909398547	4.996626282913841	5.834197532643062e-7	2.0937136821691345e-6
gene-SYNPCC7002_RS01135	3015.297700581496	0.14397232193574144	0.07772433973790717	1.8523453839714545	0.06397624260846713	0.09980293846920872
gene-SYNPCC7002_RS01140	5999.550161358815	0.20114516300954102	0.06808016040966455	2.9545342108357717	0.0031314143278530814	0.006522772316126399
gene-SYNPCC7002_RS01145	4039.8303169933	0.10235510960717184	0.08179048638233426	1.2514305041384286	0.21077745389142624	0.28228656112807066
gene-SYNPCC7002_RS16355	714.1016877247345	0.0666789471308319	0.1046910767136262	0.6369114658475303	0.5241825138066241	0.5995684795731598
gene-SYNPCC7002_RS16360	11137.461629530762	0.03904204771819636	0.060126613251816424	0.6493305643989004	0.5161247340643207	0.5924453064419171
gene-SYNPCC7002_RS01150	3307.1680373717	-0.14846662725421145	0.1835516246050209	-0.8088548797848683	0.41859862478976284	0.5003706604300082
gene-SYNPCC7002_RS01155	967.8282237342388	-0.1313515252986187	0.0653096510382272	-2.011211562311606	0.04430311501507055	0.07199256189948965
gene-SYNPCC7002_RS01160	1451.0700392391282	-0.1879787512089706	0.054637264461157804	-3.440486141882279	5.806701723922253e-4	0.0013790384064810222
gene-SYNPCC7002_RS01165	1493.1201468750326	-0.33098246321633434	0.09211388560064254	-3.5931875097669916	3.266573415652896e-4	8.121273537994182e-4
gene-SYNPCC7002_RS01170	616.6647348064931	0.07275251540516557	0.06756806709593333	1.0767292677156408	0.2816012330069053	0.36186708663888545
gene-SYNPCC7002_RS17040	8029.9236157731275	-0.3841383810035815	0.07764326815290373	-4.947478257188938	7.518109863162891e-7	2.6801896065042154e-6
gene-SYNPCC7002_RS01185	1188.8170063460007	0.1061468888788033	0.061199350728366415	1.7344446896166714	0.08283921153456407	0.12577416873235642
gene-SYNPCC7002_RS01190	833.1515977377512	0.04024829390972276	0.0725565080294117	0.5547165237528742	0.5790885721901853	0.6531392711427282
gene-SYNPCC7002_RS01195	7.02263329719813	-0.6747831161318552	0.6401430110152853	-1.05411307242366	0.2918311518573053	0.3727929907506303
gene-SYNPCC7002_RS01200	42959.298528709034	0.20113474303479367	0.07426184924073236	2.708453197587113	0.006759764556483071	0.013079114088066767
gene-SYNPCC7002_RS16055	704.2898224567502	0.5383776219845167	0.08157557042775108	6.5997408189911555	4.11877199251848e-11	2.225787135189035e-10
gene-SYNPCC7002_RS01210	1928.5124835713223	1.9818852209906603	0.10838133178173594	18.28622317524097	1.0654636500172957e-74	4.927008335865694e-73
gene-SYNPCC7002_RS01215	1512.6352155247066	0.10926459184817126	0.06340145312725134	1.723376775432406	0.08482041198262778	0.12848089545520175
gene-SYNPCC7002_RS01220	72326.48907448532	-0.7444634314495815	0.11008689059545458	-6.762507573997371	1.3562358652835266e-11	7.715528112342312e-11
gene-SYNPCC7002_RS01225	2212.790852881622	0.22690008548326326	0.04601035469045666	4.931500463532098	8.160037425561535e-7	2.90264188423546e-6
gene-SYNPCC7002_RS01230	1103.9848480842672	-0.06485181541556582	0.08001326109827975	-0.8105133389815068	0.4176452017723735	0.4994625500298233
gene-SYNPCC7002_RS01235	174.81346045127506	-0.40518548137184274	0.1271209497863959	-3.1874013060214286	0.0014355744139222411	0.0031915895452378396
gene-SYNPCC7002_RS01240	2160.2489659558546	0.2396860887818376	0.06662064603354535	3.597774909915298	3.2095118742135034e-4	7.985541842297548e-4
gene-SYNPCC7002_RS01245	849.9896676546197	-0.0867377498004658	0.10025937832686942	-0.86513352913161	0.38696550363215004	0.4693170982604982
gene-SYNPCC7002_RS01250	813.5796481938676	0.1775000449953621	0.09303422202359453	1.9079005674959701	0.05640406893403783	0.08910686732039065
gene-SYNPCC7002_RS01255	4.243465200575496	0.2377881111264292	0.616008696510696	0.386014211282	0.6994861439031771	0.7554411862492922
gene-SYNPCC7002_RS01260	1391.4718047976346	0.11067160592110825	0.07872081671593807	1.405874716981961	0.1597613301764163	0.22223782801076905
gene-SYNPCC7002_RS01265	354.6953373144381	-0.5612363325011568	0.08924887173162513	-6.288441765278742	3.2066831284663264e-10	1.5920296452217023e-9
gene-SYNPCC7002_RS01270	699.2619935047469	-0.47964117295600156	0.06729607009960564	-7.1273281225200735	1.023359385689565e-12	6.321783075338019e-12
gene-SYNPCC7002_RS01275	75.95412021825065	0.5315856349722858	0.17506960327937332	3.03642451353471	0.0023940204492688476	0.005132082247869709
gene-SYNPCC7002_RS16920	111.05615811414502	0.3791051452379028	0.13670084650108283	2.773246508278936	0.0055500061327246565	0.011014941662556538
gene-SYNPCC7002_RS01280	771.0530161254535	-0.2181492092935179	0.09327063019106703	-2.338884264496061	0.019341424087235475	0.03408175817658206
gene-SYNPCC7002_RS01285	1243.9657177691445	0.12460912197633196	0.0501091410311749	2.486754300952947	0.012891439776387778	0.023616067094605116
gene-SYNPCC7002_RS01290	988.0934733639182	0.057536218576565906	0.10139402498885408	0.5674517663431418	0.5704072880037098	0.6446956673421818
gene-SYNPCC7002_RS01295	1985.569473768296	0.9556862876596992	0.04894573859045069	19.525423768886665	6.676083093784402e-85	4.001940921218539e-83
gene-SYNPCC7002_RS01305	7773.650804572031	-0.18488835617855284	0.07821334929496868	-2.3638976957920197	0.018083805562696877	0.03212803436138847
gene-SYNPCC7002_RS01310	140.7535576701908	0.05156872599229369	0.1290291932543109	0.39966711944524047	0.6894017130358854	0.7473520914591967
gene-SYNPCC7002_RS16925	1101.560199055144	-0.17859041698880757	0.2126900289183102	-0.8396746095577448	0.4010908538464409	0.483189837700383
gene-SYNPCC7002_RS01315	17435.502620196185	-0.017695199562212098	0.04253126287716078	-0.416051590410554	0.67737225245111	0.7370265482972246
gene-SYNPCC7002_RS01320	3261.9025368641724	-1.004118655355846	0.07529931195450845	-13.335030949054055	1.4479460955058707e-40	2.78988185187649e-39
gene-SYNPCC7002_RS01325	1015.6001544252799	-0.7358634233660586	0.09977497677587105	-7.375230214476133	1.6406130604776755e-13	1.070698483218999e-12
gene-SYNPCC7002_RS01330	39098.69149524236	-0.7430412938376025	0.08719353707384533	-8.52174735391582	1.571639324231843e-17	1.2846960839743626e-16
gene-SYNPCC7002_RS01335	6769.167050227565	0.2624529429082165	0.08360967022498854	3.1390261700826185	0.0016951030854127813	0.0037326861819599816
gene-SYNPCC7002_RS01340	7055.296963153632	-0.35887617942699895	0.18502348833224208	-1.9396249776816115	0.05242528305240615	0.08363757577163072
gene-SYNPCC7002_RS01345	26744.77226332056	-0.14046436764192777	0.05795847478358387	-2.423534576546739	0.015370290003829053	0.02773334935473503
gene-SYNPCC7002_RS01350	1439.303037617751	0.34229583862586604	0.06728846723492903	5.086991169389907	3.637887657731553e-7	1.3366449884309917e-6
gene-SYNPCC7002_RS01355	2603.8407200426072	-0.08646575155360965	0.041285030480956296	-2.0943608505628704	0.036227847468048205	0.060076609761307395
gene-SYNPCC7002_RS01360	1646.6260093231106	-0.10746111391640767	0.04589393473421611	-2.3415101481000344	0.01920590382299727	0.033916808878910076
gene-SYNPCC7002_RS01365	818.3396343141574	0.33346337653943686	0.07244349200958354	4.603082586015084	4.1628305819461765e-6	1.365256595112439e-5
gene-SYNPCC7002_RS01370	857.6844001551484	0.12485764304108424	0.08262606801835805	1.5111168428508917	0.1307586841894672	0.18753471897266522
gene-SYNPCC7002_RS01375	206.04533489088223	-0.015936188259690322	0.09463225616342878	-0.16840122919788275	0.8662676411545908	0.8970276245737077
gene-SYNPCC7002_RS01380	1706.434064059501	-0.006850230379991511	0.0680983841342279	-0.10059314133635101	0.9198734415097708	0.9402053458058504
gene-SYNPCC7002_RS01385	750.7631658570928	0.3380432738635185	0.078255685796186	4.3197279587318365	1.5622166116806573e-5	4.7438041013229714e-5
gene-SYNPCC7002_RS01390	805.2566046385732	0.20879290365562714	0.06671929821940245	3.129422958991926	0.0017514999492374778	0.0038438002275808236
gene-SYNPCC7002_RS01395	1477.1331914416717	0.7024856304238976	0.05227581211089184	13.43806250075515	3.6178552985707453e-41	7.054817832212953e-40
gene-SYNPCC7002_RS01400	2181.9524875571406	-0.36041586002439174	0.0605711724658282	-5.950286998781867	2.6767270921811737e-9	1.2017428013024215e-8
gene-SYNPCC7002_RS01405	1782.5201287816292	-0.8311805961691516	0.17039141641474942	-4.878066123624306	1.0713101349919841e-6	3.73688675319941e-6
gene-SYNPCC7002_RS01410	9804.487675184464	0.5028392929992401	0.0832079421517889	6.04316463063051	1.511203120188887e-9	6.968325498648756e-9
gene-SYNPCC7002_RS01415	26024.579189163094	0.5153552670132971	0.05753110936979449	8.957853805681586	3.3105903428539644e-19	3.0186988562868403e-18
gene-SYNPCC7002_RS01420	4595.91372724441	0.27555103638865497	0.0618106703630585	4.457984920243473	8.273372067289483e-6	2.6051464379198498e-5
gene-SYNPCC7002_RS01425	2410.531103239152	-0.25256233235073766	0.06923923508527499	-3.647676523862259	2.646225001088823e-4	6.692054944159782e-4
gene-SYNPCC7002_RS01430	1288.8795542714188	-0.3475296305717304	0.08366004585631186	-4.154069329206691	3.266141442994536e-5	9.422905393024344e-5
gene-SYNPCC7002_RS01435	1389.7910524818137	0.026712180626669132	0.08886222864516052	0.30060219098639374	0.7637178605290278	0.8113405692590951
gene-SYNPCC7002_RS01440	1378.114120479273	-0.043325562867683964	0.06601089892248725	-0.6563395374839335	0.5116056837314935	0.5887193737073745
gene-SYNPCC7002_RS01445	2884.940846187637	0.033218268471358135	0.05748229850745631	0.5778869205630187	0.5633404663196371	0.6375989823344983
gene-SYNPCC7002_RS01450	2094.1768967141543	-0.12991189777196605	0.04718892018215788	-2.753016963950061	0.005904883642358738	0.01160540883443548
gene-SYNPCC7002_RS01455	7613.045157212406	0.17399153234370016	0.04856548783857265	3.5826167940911553	3.4016944432058296e-4	8.40556100202845e-4
gene-SYNPCC7002_RS01460	595.9461935172583	-0.09872607539909234	0.08581769095995173	-1.1504163569859334	0.249972426319078	0.3257490917853686
gene-SYNPCC7002_RS01465	7106.062009193058	0.24708174933281768	0.05390870531764163	4.583336733408067	4.576142130702506e-6	1.4887409122697498e-5
gene-SYNPCC7002_RS01470	2402.719769472161	0.06274314046444003	0.05871258943226794	1.0686488378582215	0.2852279333066468	0.36565656242123395
gene-SYNPCC7002_RS16370	1577.2905914220862	-0.1258913420504623	0.06567999674303233	-1.9167379459990226	0.05527123193296213	0.08748800868801879
gene-SYNPCC7002_RS01475	1131.3325428173578	-0.031809454671688595	0.05833812953130248	-0.5452601056504666	0.5855746379757044	0.6588477939267832
gene-SYNPCC7002_RS01480	1143.691501389897	0.5171130318119848	0.0578212857463809	8.943298737426492	3.777228958100107e-19	3.43451970150844e-18
gene-SYNPCC7002_RS01485	681.9671506484138	-0.16083241457455807	0.07302299185175468	-2.2024900719086795	0.027630709661347494	0.04709879261389249
gene-SYNPCC7002_RS01490	283.30886845257464	3.8264032024856824	0.1331419777227936	28.73926967235226	1.2334662185188432e-181	2.1014369207081556e-179
gene-SYNPCC7002_RS01495	329.7253701851739	3.3568637196652475	0.10965478872726485	30.613015251112223	8.214467610854867e-206	1.8993022611669435e-203
gene-SYNPCC7002_RS01500	305.306958912948	2.4794841997709303	0.1274739412671675	19.450910320363278	2.8630301114089458e-84	1.6549336554697782e-82
gene-SYNPCC7002_RS01505	2844.647980988892	-0.24255243363622184	0.06451444257408846	-3.7596609992820498	1.7014375390695787e-4	4.4131036169617197e-4
gene-SYNPCC7002_RS01510	715.0321674888534	0.1371930989346693	0.0818814141432471	1.67550964245265	0.09383428079646514	0.13971553217026572
gene-SYNPCC7002_RS01515	1120.435263342787	0.19337672388993465	0.06443551349268198	3.0010892038890433	0.0026901574483172044	0.00568781166571051
gene-SYNPCC7002_RS01520	1053.3147865381347	0.50894418107763	0.08430605251952833	6.036864090626709	1.5713796121972398e-9	7.22522131346941e-9
gene-SYNPCC7002_RS01525	5068.624005914572	-0.10714177631805398	0.05647918221468312	-1.8970135918540247	0.05782614424694438	0.09099816671237673
gene-SYNPCC7002_RS01530	1348.1308128380997	8.590738835742046e-4	0.08006033979327788	0.01073033022083595	0.9914385994780508	0.9942028334914653
gene-SYNPCC7002_RS01535	718.3689374729659	0.09876814685785577	0.08066681746850934	1.2243962258262242	0.22080279239027115	0.2931659716847037
gene-SYNPCC7002_RS01540	2826.2189058580825	0.20466243867634853	0.07229830013979824	2.830805679809994	0.004643092029954378	0.009375975608834885
gene-SYNPCC7002_RS01545	570.1028284691658	0.04008797029020195	0.06891395191875324	0.5817105125165953	0.5607616893341276	0.6349022694559535
gene-SYNPCC7002_RS01550	763.0507245602	0.008363679345707625	0.07893590413315864	0.1059553246086693	0.9156177983794456	0.9379287384032484
gene-SYNPCC7002_RS01555	1724.9417612925508	-0.1378110154301462	0.06241364251264528	-2.2080271216701557	0.027242382591959498	0.046568774849570956
gene-SYNPCC7002_RS01560	878.7787635338755	-0.1397799358778007	0.06498302169740205	-2.1510224090331724	0.03147443097787328	0.052926095104091325
gene-SYNPCC7002_RS01565	2142.921339248918	-0.5181123946736502	0.05427304651970777	-9.546403378802625	1.3427710073588517e-21	1.402112822845356e-20
gene-SYNPCC7002_RS01570	9451.75791966359	-0.18302813971712256	0.06986008805505901	-2.619924263090996	0.008794929709567063	0.016551853180156152
gene-SYNPCC7002_RS01575	1294.391279154008	-0.047109756603435436	0.08036641497332177	-0.5861871108605986	0.5577497822841714	0.6323768985127365
gene-SYNPCC7002_RS01580	5725.98450527113	-0.4281074534863382	0.0728804846474335	-5.874102725267951	4.2513969749708906e-9	1.8596989199974017e-8
gene-SYNPCC7002_RS01585	16226.928539519515	-0.16797381989984203	0.06331855626332887	-2.6528371746391914	0.007981836413183925	0.015189420616976111
gene-SYNPCC7002_RS01590	3863.498083863325	0.10664858376757157	0.046586419618574	2.2892633656064607	0.022064054878019206	0.03836983799234876
gene-SYNPCC7002_RS01595	11236.229591654339	0.07089690795035894	0.05756187567545591	1.2316643111160641	0.2180745066420441	0.2903772842452887
gene-SYNPCC7002_RS01600	521.45869729853	-0.346103457224088	0.06425521292830352	-5.386387212042592	7.188800493378123e-8	2.837822828910364e-7
gene-SYNPCC7002_RS01605	5563.4219597951915	-0.052364185011324275	0.06863731216036079	-0.7629113577318297	0.4455162621967388	0.5255598180505989
gene-SYNPCC7002_RS01610	8356.038919977613	0.13287775061596885	0.039389518231713515	3.3734291908395457	7.423813785177958e-4	0.0017338301026422116
gene-SYNPCC7002_RS01615	621.7853540459406	0.5390624921397775	0.08883935214796851	6.067834569999217	1.2964634242498402e-9	6.02967256364473e-9
gene-SYNPCC7002_RS01620	4744.376966389173	0.4508853564273936	0.053904713523739496	8.364488501155373	6.037627529926118e-17	4.743640853002632e-16
gene-SYNPCC7002_RS01625	4205.2638158625405	-0.5593975334897218	0.05749266201726173	-9.729894457170325	2.2482610737998256e-22	2.4178143175714405e-21
gene-SYNPCC7002_RS01630	225.5342282933994	-0.5044111730601488	0.11150988539601349	-4.523465980337037	6.083510149620414e-6	1.9478063654125894e-5
gene-SYNPCC7002_RS01635	1829.4547466768295	0.5425696142545323	0.07059913809970461	7.685215837738427	1.5273926687100052e-14	1.0541940444806583e-13
gene-SYNPCC7002_RS01640	790.8091638924412	0.4079670505943587	0.0781851591857945	5.217960222155338	1.8090430147273403e-7	6.825025919198602e-7
gene-SYNPCC7002_RS01645	248.4788414283085	0.5219472186896285	0.1312640234149744	3.9763158640929297	6.999114728567449e-5	1.9331172676086033e-4
gene-SYNPCC7002_RS01650	509.48894976584364	0.07136678789897444	0.08342377754622851	0.8554729838195975	0.3922893544922641	0.47452938732864686
gene-SYNPCC7002_RS01655	1442.5081579619143	-0.18129642088297107	0.07269549303039685	-2.493915555496183	0.012634259785016462	0.023171160863511776
gene-SYNPCC7002_RS01660	1402.092321390881	0.31972290225429856	0.05905052619223079	5.414395482497227	6.149611110945645e-8	2.439496466437629e-7
gene-SYNPCC7002_RS01665	422.6250741780356	0.5056808350096996	0.09268662401410147	5.4558124258875225	4.8749433788599934e-8	1.9529940244269553e-7
gene-SYNPCC7002_RS01670	274.34545478221014	-0.3481120663515097	0.09751444960044398	-3.569851112095338	3.571841806025389e-4	8.792434924794057e-4
gene-SYNPCC7002_RS01675	3059.5898792508497	-0.7984694135649932	0.06350131579691787	-12.574060923691098	2.9326430902590702e-36	5.022733165697677e-35
gene-SYNPCC7002_RS01680	33691.05505719166	0.09151356426072084	0.06156625465024419	1.4864240935331587	0.13716698083367682	0.19515986196632212
gene-SYNPCC7002_RS17180	104.6096504772079	0.38339641212276	0.14624992391014477	2.621515292946866	0.008753983469743555	0.01648437724930767
gene-SYNPCC7002_RS01685	197.70250609185624	0.12177387033179801	0.0954522172302372	1.2757573775166606	0.20204129877111776	0.2721051030010481
gene-SYNPCC7002_RS01690	2698.752811737351	0.6693738396548711	0.06343377496974942	10.552325476043087	4.9555144589276797e-26	6.076136478617008e-25
gene-SYNPCC7002_RS01695	3991.224860546311	0.9329102679518027	0.11232011202674355	8.305816751052346	9.913513323413387e-17	7.751218026060177e-16
gene-SYNPCC7002_RS01700	2115.0136872086714	-0.09210474583515306	0.064690575617147	-1.4237737870852956	0.1545119660579156	0.2155841526420141
gene-SYNPCC7002_RS01705	1555.4838599866332	-0.0973507027182811	0.08120544734071564	-1.198819856380132	0.23059799989846283	0.3042991136042903
gene-SYNPCC7002_RS01710	2886.4525083882404	0.05202135777861998	0.06655374992800298	0.7816442775184875	0.4344236576977454	0.5149137238987923
gene-SYNPCC7002_RS01715	3783.2197211954417	0.031374506038405775	0.07130950671651946	0.4399764839649017	0.6599541393625117	0.7226899692545502
gene-SYNPCC7002_RS17185	118.5011217927694	0.4518133199343494	0.15291044079878002	2.9547578149284504	0.0031291458270425406	0.006522244070918676
gene-SYNPCC7002_RS01720	28222.70892624338	0.5775867342403561	0.064797547054641	8.913712948937743	4.9351488221706595e-19	4.437521315935118e-18
gene-SYNPCC7002_RS01730	888.8115344280252	0.22120185403055337	0.06197985529419761	3.568931437167484	3.5844020600624246e-4	8.809954038285549e-4
gene-SYNPCC7002_RS01735	2202.733359738368	-0.2042217840220133	0.07908726262255585	-2.5822335639136007	0.009816312587652004	0.018377908528762022
gene-SYNPCC7002_RS17190	220.35664408740794	-0.04896960182866539	0.09613245837897062	-0.5093971656859	0.610473862627476	0.6828278829734415
gene-SYNPCC7002_RS01740	3111.2744372196007	0.15061597417895978	0.03911885409111747	3.850214370496078	1.1801448663913356e-4	3.13897200699158e-4
gene-SYNPCC7002_RS01745	8203.019518867135	-0.014376928654355914	0.06443033638252536	-0.22313912143806824	0.8234272313352756	0.8624094646017522
gene-SYNPCC7002_RS01750	3414.8601940300223	0.16324895690010374	0.051595716132945196	3.1640021524163915	0.001556156446235922	0.003447829169381026
gene-SYNPCC7002_RS01755	263.24235417323627	0.012123955454164472	0.09654474988030151	0.1255786096001703	0.9000654959586485	0.9246309141282593
gene-SYNPCC7002_RS01760	154.17618871872236	-0.30631841753424394	0.13342422651726896	-2.2958230714914243	0.021685999714821044	0.03776093656636671
gene-SYNPCC7002_RS01765	1041.339191255812	0.49097423452832656	0.08543720103053008	5.746609540180069	9.105065386172232e-9	3.878039033557831e-8
gene-SYNPCC7002_RS01770	920.0206328844537	0.041212291135727205	0.0693316439755377	0.5944225287700973	0.552229544002571	0.6269965043620913
gene-SYNPCC7002_RS01775	224.64242185531546	0.06110398058995508	0.09765823316845038	0.6256920549090522	0.5315169455318789	0.6070996304469626
gene-SYNPCC7002_RS01780	773.5230177627627	0.8046969628252452	0.06903187931932322	11.656889117894789	2.1163410674705574e-31	3.113907288819179e-30
gene-SYNPCC7002_RS01785	588.044075024609	-0.1569498502975096	0.08263101183806132	-1.8994061285985089	0.057511098324758037	0.0905464130725884
gene-SYNPCC7002_RS01790	2952.862701041817	-0.20389691887372413	0.05979054006625737	-3.410186940070689	6.491836573069024e-4	0.0015260766148892106
gene-SYNPCC7002_RS01795	17199.555495825636	0.06256806254171643	0.043205599343460424	1.4481470802970517	0.14757592096002095	0.20751661865664112
gene-SYNPCC7002_RS01800	15704.796752758624	-1.2919892550471306	0.06097652033028915	-21.18830736894894	1.2241951468397667e-99	9.435046881715058e-98
gene-SYNPCC7002_RS01805	978.2111406312705	-0.4770794043911897	0.06255848176243435	-7.626134633556123	2.4189720206603557e-14	1.6381197554137178e-13
gene-SYNPCC7002_RS01810	1372.4643997157714	0.870697305893805	0.06991427135637436	12.453785028461432	1.333670237124623e-35	2.225304411119796e-34
gene-SYNPCC7002_RS01815	1437.5323338617873	0.5413189708980619	0.057430588279828484	9.425621208344666	4.2756704346258374e-21	4.3523098103408294e-20
gene-SYNPCC7002_RS01820	1120.6907445801621	0.409157512768522	0.07092665836210875	5.768740868625312	7.986600012534169e-9	3.419659291081098e-8
gene-SYNPCC7002_RS01825	2859.1450878996784	0.03811917274214495	0.045544557010952856	0.8369643980284581	0.4026125801981902	0.48448212717529426
gene-SYNPCC7002_RS01830	619.2070168877232	-0.19706033609602785	0.092352515688596315	-2.1337841706499487	0.032860452244432584	0.054942811939684026
gene-SYNPCC7002_RS01835	3057.573283064074	-0.08994686964890802	0.038442187931108186	-2.3397957944043353	0.019294286188514337	0.03403575171238197
gene-SYNPCC7002_RS01840	1148.1763817828464	0.1832801546331128	0.05283945115148286	3.4686233607475567	5.231322920053412e-4	0.0012515737096979228
gene-SYNPCC7002_RS01845	2993.711723251158	-0.27845209527201775	0.060850209652150856	-4.576025240731038	4.738933945041993e-6	1.5401535321386476e-5
gene-SYNPCC7002_RS17195	287.85563634219955	-0.4544946281955363	0.0889882963938603	-5.1073528386694	3.2670335457229175e-7	1.2044860578024013e-6
gene-SYNPCC7002_RS01850	2334.7168331115718	-0.2424779324362843	0.12887377687946186	-1.88151490790154	0.05990190927414284	0.09394500015523273
gene-SYNPCC7002_RS01855	741.6184785956259	0.7603155005714315	0.08381683300867422	9.07115519972875	1.1776177352652633e-19	1.1017192511715772e-18
gene-SYNPCC7002_RS01860	520.5277846482804	1.1412178757682494	0.10078555568213306	11.323228492855955	1.0069394862816653e-29	1.3870055817420215e-28
gene-SYNPCC7002_RS01865	323.69986671281004	0.9831494319006501	0.08698792234190898	11.302137186773445	1.2806286767194178e-29	1.7565233163308285e-28
gene-SYNPCC7002_RS01870	99.92396347400019	0.20105242420877892	0.16568966126696433	1.213427697729655	0.2249663420206326	0.29783887489602767
gene-SYNPCC7002_RS01875	1306.1689936813493	0.2187725463051316	0.06257797416903624	3.4959991787874283	4.7229015342411054e-4	0.0011400471488693855
gene-SYNPCC7002_RS01880	474.31614272112506	0.5307713004795526	0.08950201493428048	5.930272082358003	3.024331131975414e-9	1.3465969565618178e-8
gene-SYNPCC7002_RS01885	8358.734287823485	0.8953614591713758	0.0651218365428283	13.7490204008993	5.162377693303569e-43	1.0509821756744437e-41
gene-SYNPCC7002_RS01890	5874.902457078431	0.15404774842660932	0.06089358833901811	2.529786018997042	0.011413210836381658	0.021111179129924242
gene-SYNPCC7002_RS01895	13765.482843434585	-0.07920269709751836	0.05874244410761091	-1.3483044211171413	0.17756049074012406	0.24395726168326892
gene-SYNPCC7002_RS01900	391.5123728418237	-0.08828682170892412	0.10498139915879746	-0.8409758530211555	0.40036146209030704	0.48267041072116346
gene-SYNPCC7002_RS01910	3460.2443874146547	0.024729186242514113	0.07431622055731218	0.3327562415992768	0.7393182917185046	0.7895655923103924
gene-SYNPCC7002_RS01915	2470.676694572523	0.12017919810560082	0.07250736253353168	1.6574757915104534	0.09742331930254987	0.14432919202853728
gene-SYNPCC7002_RS01920	1220.6163480583152	0.47403517009551327	0.056043780076306886	8.458301161165194	2.7130073080523186e-17	2.1845782726779487e-16
gene-SYNPCC7002_RS01925	254.5873971003953	-0.11816195946642055	0.08917581172765592	-1.3250449553213903	0.1851562412632826	0.2532111334893307
gene-SYNPCC7002_RS01930	364.81553419725435	-0.012506471523241311	0.08704093839100108	-0.14368493440477798	0.8857492683453658	0.9142762696536828
gene-SYNPCC7002_RS01935	13661.47191199857	-0.44421831826671093	0.07053121942153169	-6.298180038712055	3.0116060214324224e-10	1.5044087486692517e-9
gene-SYNPCC7002_RS01940	372.9789205745523	-0.021058474403992087	0.08733056748672458	-0.24113520626318224	0.8094503270486357	0.8501592176042939
gene-SYNPCC7002_RS01945	3228.236851994534	0.007854743178727577	0.057426632369702676	0.1367787532474498	0.8912056782377283	0.9187365542851996
gene-SYNPCC7002_RS01950	1653.1752558260118	0.02193878931006418	0.09166119580936746	0.23934653171764653	0.8108368866227069	0.8513392805701272
gene-SYNPCC7002_RS01960	3922.3917192943163	-0.2038926736408502	0.1627865805976847	-1.252515243530769	0.21038217732720021	0.2819905209143466
gene-SYNPCC7002_RS01965	6429.243396289503	-0.14152495906149923	0.19385395761303956	-0.7300596841257347	0.4653537031870227	0.5447920206930895
gene-SYNPCC7002_RS01970	38933.48194804391	-0.6369979556436195	0.10882267165576887	-5.8535408656257815	4.812159423148594e-9	2.102153853270175e-8
gene-SYNPCC7002_RS01975	802.4569877136569	0.31677999741186486	0.07490854093795819	4.22889023661845	2.3484688186601924e-5	6.94245987762835e-5
gene-SYNPCC7002_RS01980	328.15099539835154	0.3083133888762351	0.08429857637940949	3.657397338343934	2.5478925592797326e-4	6.458518570390364e-4
gene-SYNPCC7002_RS01985	1023.1797680854877	0.06795155662876608	0.06705830749734136	1.0133204842883954	0.3109071062767312	0.3928205710451908
gene-SYNPCC7002_RS01990	1819.1611684317384	0.3909189128100571	0.07197539255714419	5.43128559527745	5.5949509083272286e-8	2.2249208956087518e-7
gene-SYNPCC7002_RS01995	481.3823251315794	-0.21201867952067874	0.10369324435740443	-2.0446720597332635	0.040887199983812496	0.06694580998867022
gene-SYNPCC7002_RS02000	811.7389080296723	-0.19424318286559536	0.09832057023505503	-1.9756108248886077	0.04819887168035614	0.07754460617759086
gene-SYNPCC7002_RS02005	898.067282822213	-0.2217683336033703	0.08341848575395355	-2.6585034671749574	0.007848854300668673	0.014998076370286006
gene-SYNPCC7002_RS02010	650.1107730274368	0.40826550361264013	0.09036882777557001	4.5177691651214404	6.249455936898779e-6	1.9969880422252072e-5
gene-SYNPCC7002_RS02015	536.6922783240352	0.5688229303074145	0.1035826725512256	5.491487295098606	3.985629996019962e-8	1.6086638774459623e-7
gene-SYNPCC7002_RS02020	333.2722615139903	0.0865435243850523	0.11203997894944984	0.7724343149341271	0.4398572365238498	0.5200211375557713
gene-SYNPCC7002_RS02025	206.87130962012074	0.07477940744142511	0.11257347134855404	0.664272022045855	0.5065162243881367	0.5843168276352098
gene-SYNPCC7002_RS02030	345.6457011984679	-0.03216446442284348	0.12145213262724408	-0.2648324383200527	0.7911385466554144	0.8360807951431852
gene-SYNPCC7002_RS02035	632.69515934276	-0.774899836623622	0.10986211481202941	-7.0533853999574925	1.7461632890982173e-12	1.0664774654360244e-11
gene-SYNPCC7002_RS02040	857.6281150522101	-0.5405114840535026	0.0894460392379229	-6.042877791556132	1.5138932460748293e-9	6.970800053405722e-9
gene-SYNPCC7002_RS02045	1274.118083255417	-0.516961026068568	0.09198100174558452	-5.62030219564753	1.9062372975576856e-8	7.900755611004134e-8
gene-SYNPCC7002_RS02050	596.3239053160186	-0.2481007682944808	0.07993235405407896	-3.103884168438552	0.001909980913105551	0.0041577728417771815
gene-SYNPCC7002_RS02055	498.9804527738532	-0.7541612005795401	0.12987085075961102	-5.80700901063227	6.359871513823298e-9	2.7596386179954444e-8
gene-SYNPCC7002_RS02060	1204.124610916234	-0.7394333037727141	0.081446252066834	-9.078788587668127	1.0978995872161084e-19	1.0301162213966791e-18
gene-SYNPCC7002_RS02065	1085.7721308961063	-0.6487611078062078	0.10493139618389408	-6.182716816892847	6.300768347857946e-10	3.0260515047501736e-9
gene-SYNPCC7002_RS02070	1073.540183028133	-0.20423617954631174	0.09394053653612915	-2.174100628728721	0.029697578769316474	0.05022521550484714
gene-SYNPCC7002_RS02075	1437.927692795056	-0.03460633273364338	0.06807123698530299	-0.5083840733071313	0.6111840199153422	0.6833860699364293
gene-SYNPCC7002_RS02080	1579.6597593484062	-0.20392780181438877	0.06872160017387267	-2.9674483902940354	0.0030028268992855827	0.006275113410579361
gene-SYNPCC7002_RS02085	730.3817526239491	-0.2509109298879748	0.07381779133813363	-3.399057670780735	6.761845674901105e-4	0.0015849452896201939
gene-SYNPCC7002_RS02090	3752.0452717673916	-0.029081682792031716	0.08427145917047785	-0.3450952799239018	0.7300227418163712	0.7814429944641512
gene-SYNPCC7002_RS02095	1147.0913146040953	-1.7027287435265506	0.08467646979826508	-20.108641132337773	6.199913496608001e-90	4.181066664275021e-88
gene-SYNPCC7002_RS02100	476.9814157513203	0.31447265692402826	0.1047192735183715	3.0030064796893243	0.0026732673955356602	0.00565949415261539
gene-SYNPCC7002_RS02105	2715.665842963749	0.3339960093262398	0.06801410908594518	4.910687117935925	9.075780342396332e-7	3.207238096980014e-6
gene-SYNPCC7002_RS02110	2862.8442372351437	0.6609911215273538	0.086392336002254	7.651038878148964	1.9936205043241773e-14	1.3557457085078492e-13
gene-SYNPCC7002_RS02115	5592.916414772064	1.0006189872951443	0.06099949325642245	16.40372622586979	1.7985957787715173e-60	6.193675038173831e-59
gene-SYNPCC7002_RS02120	1035.6942048616822	-0.03738065689076062	0.05769995580683305	-0.6478455029654262	0.5170848814458696	0.5933370298618504
gene-SYNPCC7002_RS02125	388.3686764715297	0.14095501758621756	0.08636418254093503	1.6321004082845048	0.10265833577668895	0.15132287473093906
gene-SYNPCC7002_RS02130	5061.0290165088445	-1.1730618322440358	0.05558124018588181	-21.105355481830454	7.10187259685779e-99	5.346223626983411e-97
gene-SYNPCC7002_RS02140	3389.9482245876047	-0.5214049268050175	0.08231689894514647	-6.334117702277222	2.3870324366594347e-10	1.2054327609152246e-9
gene-SYNPCC7002_RS16060	1302.9155314640877	-0.42088501385614246	0.10389993462222415	-4.050868899835817	5.102779275118115e-5	1.4301035942473886e-4
gene-SYNPCC7002_RS02150	10623.958890798132	1.323367452502188	0.04211567856689884	31.422204213095583	1.006626750862307e-216	2.9622279932193523e-214
gene-SYNPCC7002_RS02155	3189.8543018676405	0.2560099886488636	0.05202553707565212	4.920852393634893	8.616810063660327e-7	3.058400677200491e-6
gene-SYNPCC7002_RS16615	24.712263312748163	0.1278192779028808	0.23352563833516057	0.5473458024314747	0.5841411823532916	0.6574634934901269
gene-SYNPCC7002_RS02160	5419.185481564195	0.2480653598579664	0.05318819613601867	4.663917520789511	3.1024577004575386e-6	1.0321331527626981e-5
gene-SYNPCC7002_RS16930	1208.771905313444	-0.20652490832604986	0.05995175397724317	-3.4448518120828253	5.713725434167611e-4	0.0013599506787059235
gene-SYNPCC7002_RS02170	2592.2846251628503	0.04414107214971239	0.05668020005579668	0.7787741064121048	0.4361127933815047	0.5161598216365377
gene-SYNPCC7002_RS02175	46.66371649077339	0.3565917952550116	0.3332476633830063	1.0700503992586905	0.2845966236157669	0.365281233403742
gene-SYNPCC7002_RS02180	45.46846822315892	-0.4968907918726014	0.26105947858110423	-1.9033623853585941	0.0569932756270789	0.08986226653913999
gene-SYNPCC7002_RS16935	40.540747808372465	1.1145828847030872	0.2357966896460813	4.7268809684140125	2.2799482370492507e-6	7.711799836288844e-6
gene-SYNPCC7002_RS02185	127.46650047521918	0.29235023748976696	0.148626054018461	1.967018766800159	0.04918104725977689	0.07892863162116896
gene-SYNPCC7002_RS02190	2418.1275914155203	2.2830253151203372	0.07674647847017131	29.747623091366595	1.861347695926163e-194	3.544224995125288e-192
gene-SYNPCC7002_RS02195	8950.681882101031	-0.28615694805454944	0.0698390511346395	-4.097377375630156	4.178573914440676e-5	1.188116847824952e-4
gene-SYNPCC7002_RS02200	1108.8405574674298	0.3448196991362837	0.08647135869317034	3.9876752759236815	6.672390570299939e-5	1.850773631196307e-4
gene-SYNPCC7002_RS02205	1785.2968410936228	0.265314103749961	0.06692489044436493	3.964356190773569	7.35942965529995e-5	2.0291715327262297e-4
gene-SYNPCC7002_RS02210	3507.0033251954355	0.2945554283301419	0.06103310879394598	4.826158033741836	1.3919207313229166e-6	4.808588481635305e-6
gene-SYNPCC7002_RS02215	4707.2921944393765	0.1725963686902271	0.06449430798533022	2.6761488584308184	0.007447355939315573	0.014332396656102564
gene-SYNPCC7002_RS02220	1707.9752244343078	-0.11725994913812905	0.11228105837269597	-1.0443431050400913	0.2963266765315872	0.37734439493813837
gene-SYNPCC7002_RS02225	975.0187505569182	0.1135024240664419	0.0768309448850864	1.477300900518715	0.13959499672644396	0.19784107022920275
gene-SYNPCC7002_RS02230	2722.605884540176	-0.5060964109813239	0.08591612923917372	-5.890586732235694	3.848268315105884e-9	1.6925060510866502e-8
gene-SYNPCC7002_RS02235	830.4584248357467	-0.03991466261967456	0.06727968478263215	-0.5932647090816676	0.5530040128419693	0.6274356780825289
gene-SYNPCC7002_RS02240	1702.3271817328298	0.07160179260687116	0.0727214873971104	0.9846029718269523	0.3248191293454528	0.40611800760572836
gene-SYNPCC7002_RS02245	2319.115384433603	0.04769423775279006	0.059534978498136555	0.8011128744135331	0.42306630360481484	0.5047790728967142
gene-SYNPCC7002_RS02250	3620.0233840460915	0.6515921313188464	0.07061476123371162	9.227421008509692	2.77226153656715e-20	2.727602004215156e-19
gene-SYNPCC7002_RS02255	1627.879577421591	0.6098010726140207	0.0853238506975578	7.146900516428227	8.875915396452246e-13	5.493563697574746e-12
gene-SYNPCC7002_RS02260	4623.016342954523	0.0859808183779297	0.039150032874917355	2.1961876418503827	0.028078515550632826	0.04778662189137669
gene-SYNPCC7002_RS02265	1054.4944078843187	0.3987622701728584	0.05618424531294999	7.0974036930055036	1.271223306560446e-12	7.823098561475597e-12
gene-SYNPCC7002_RS02270	405.6731016573342	0.5887705828284302	0.07372554185502131	7.985978373495401	1.3941212836693175e-15	1.0186841072771063e-14
gene-SYNPCC7002_RS02275	2291.6655266672983	0.10210777958914333	0.0602344649053335	1.6951720206964458	0.0900427929667129	0.13500163077037963
gene-SYNPCC7002_RS02280	954.7030678180656	0.037344434118848316	0.06933234087093532	0.5386293560802504	0.5901426274263812	0.6628354215750161
gene-SYNPCC7002_RS02285	1361.466360722478	-0.03854919189442885	0.06960344400976394	-0.5538402940093192	0.5796881493474024	0.6535877880311882
gene-SYNPCC7002_RS02290	669.6802492938023	-0.004703628062931299	0.08816922411759044	-0.05334773113868072	0.9574548503708751	0.9685254220782883
gene-SYNPCC7002_RS02295	381.3345245009113	0.7365818274215796	0.07447988194882016	9.889675012209763	4.6152372070818496e-23	5.116274944973954e-22
gene-SYNPCC7002_RS02300	635.8540532647671	-0.11746073547380188	0.06435902841571242	-1.8250855919559745	0.06798811408231849	0.10555276992060669
gene-SYNPCC7002_RS02305	1586.0518395137583	0.24910024646887657	0.05690571191847983	4.377420790828953	1.2009198313837087e-5	3.695225754932571e-5
gene-SYNPCC7002_RS02310	1352.9063690108887	-0.01122914788900087	0.062304583410454854	-0.18022988477468244	0.8569720979105715	0.8899642864730575
gene-SYNPCC7002_RS02315	346.7516588112005	-0.5004443730803955	0.11380727571283154	-4.3972968331406195	1.0960740094726233e-5	3.3952072427396e-5
gene-SYNPCC7002_RS02320	541.2201518806036	-0.5287868252443466	0.1308783584189611	-4.040292311366111	5.338462218297487e-5	1.4909924245581506e-4
gene-SYNPCC7002_RS02325	1247.673549942669	-0.7987642699261869	0.11985799892920142	-6.664255010614742	2.6601123172578907e-11	1.4769783140589694e-10
gene-SYNPCC7002_RS02330	45686.06140500472	-2.872365725908367	0.06720993338094734	-42.7372202502826	0	0
gene-SYNPCC7002_RS02335	2349.5045362676015	-3.196658080914585	0.17119178250925665	-18.67296452002149	8.216296032654951e-78	4.2897016544683994e-76
gene-SYNPCC7002_RS02345	12581.261063178055	-2.7245111917604206	0.0705873314143823	-38.597736125852414	0	0
gene-SYNPCC7002_RS02350	1217.0086844617763	0.40276035907959973	0.058262832179376584	6.9128180696675035	4.751191274278808e-12	2.858662854059573e-11
gene-SYNPCC7002_RS02355	549.7655725883801	-0.18720124694100007	0.14665933267608217	-1.2764359657524178	0.20180144922924587	0.2719530770837089
gene-SYNPCC7002_RS02360	1109.0562792566084	0.2505897352417293	0.0617933996303316	4.055283197571899	5.0073598029864304e-5	1.4068546047908107e-4
gene-SYNPCC7002_RS02365	3159.1385327220733	0.09861408175219995	0.051342413028295945	1.9207138101953163	0.054767797577504725	0.08673354244539276
gene-SYNPCC7002_RS02370	1117.0290148662923	0.0444417264632862	0.0591519249139011	0.7513149661312559	0.45246312433584374	0.5329778506095801
gene-SYNPCC7002_RS02375	3280.9141204748344	0.006091214095600563	0.07192097894187556	0.08469314774654702	0.9325053437014121	0.9498174315800727
gene-SYNPCC7002_RS02380	2500.384454168951	-0.5611978596929894	0.046016638593467545	-12.195542239642341	3.2831126613053e-34	5.367391759921846e-33
gene-SYNPCC7002_RS02385	23291.267776189772	-0.44955782406077743	0.045945523585211805	-9.78458376313887	1.3113372476375175e-22	1.4389148035941168e-21
gene-SYNPCC7002_RS02390	1077.2686030136083	0.17179752663235892	0.06151092777920804	2.7929594437109113	0.005222823966573473	0.010410271662437397
gene-SYNPCC7002_RS02395	2193.506203558549	0.7607247541213894	0.05296484655591534	14.362823713994663	8.854467878169291e-47	1.9904105917801387e-45
gene-SYNPCC7002_RS02400	18.755428027095913	-0.03288556942385226	0.44388823115946263	-0.07408524740102522	0.9409425538685293	0.955605151458749
gene-SYNPCC7002_RS02405	706.2077063377635	0.1138902919860739	0.10857171192842406	1.0489867937345974	0.2941841966041148	0.37505878078279625
gene-SYNPCC7002_RS02410	904.5060598291132	2.02501315697416	0.07757192054479219	26.10497642384477	3.2010776419476186e-150	4.505168837819322e-148
gene-SYNPCC7002_RS16255	184112.76814096983	0.607039594198542	0.0840336043990798	7.223771948608566	5.056502825818246e-13	3.1720735750336558e-12
gene-SYNPCC7002_RS02415	711.377331987049	-0.25017179674585577	0.07184165992457692	-3.482266375923093	4.97188846125922e-4	0.0011948034854562804
gene-SYNPCC7002_RS16375	13338.00541082529	-0.2893851622809436	0.08423573442483472	-3.4354204217114996	5.916351947872679e-4	0.001401993503313606
gene-SYNPCC7002_RS02425	3199.012980791568	-0.3843510749979467	0.059935354042773566	-6.412760567388157	1.4290787499326894e-10	7.389661203725424e-10
gene-SYNPCC7002_RS02430	1700.4890464017221	-0.2632912868568267	0.06999711941672047	-3.7614588864628806	1.6892519085122607e-4	4.3850107681268544e-4
gene-SYNPCC7002_RS02435	1364.7905388020704	0.19374789473559503	0.05047619429792226	3.838401397539003	1.238379246854436e-4	3.275027469009648e-4
gene-SYNPCC7002_RS02440	3613.997380638787	0.07312579134696544	0.05094081443992529	1.4355049512057365	0.1511432584527661	0.21170520450523753
gene-SYNPCC7002_RS02445	1664.4499202875095	0.5664030078798097	0.07885093389209022	7.183212422758982	6.809217726410711e-13	4.222497659078826e-12
gene-SYNPCC7002_RS02450	1737.714359120084	0.26334527838059973	0.07315874320168152	3.59964191367556	3.186556903150984e-4	7.940634869514809e-4
gene-SYNPCC7002_RS02455	4001.90645843299	0.10836390609373822	0.09570157903815438	1.1323105342967812	0.2575039028309573	0.3344864098971945
gene-SYNPCC7002_RS02460	271.95179899487266	0.1191683765515342	0.15427443419577574	0.7724441004937239	0.43985144274186433	0.5200211375557713
gene-SYNPCC7002_RS02465	943.0997349431099	0.06723260652803954	0.06397004244373168	1.0510014369175638	0.29325792988954735	0.37432015735507285
gene-SYNPCC7002_RS02470	1042.4570891234328	-0.042701078506364835	0.05935005807488427	-0.7194782935593295	0.47184627185115136	0.551196817748891
gene-SYNPCC7002_RS02475	1594.7179481397309	-0.18204038962944338	0.043812606075882186	-4.154977435356267	3.253196458677741e-5	9.393931254897277e-5
gene-SYNPCC7002_RS02480	7659.72682167001	-0.43520625314507905	0.050591426136946734	-8.602371713479915	7.808541315095802e-18	6.497750189451185e-17
gene-SYNPCC7002_RS02485	3417.162792839798	-0.33028615015708335	0.06439628778135446	-5.128962577447137	2.9134324598160116e-7	1.0827532574540103e-6
gene-SYNPCC7002_RS02490	4258.158814472816	-0.3528207574915444	0.05060843154670921	-6.971580558980718	3.133997714503667e-12	1.906908007866235e-11
gene-SYNPCC7002_RS02495	17015.19489839429	-0.3599943418221799	0.038824998236339	-9.272230732137839	1.8229280559467278e-20	1.8045315342812104e-19
gene-SYNPCC7002_RS02500	541.651242473411	-0.33987209143752195	0.08270486179637711	-4.10945721999151	3.965901726769643e-5	1.1310681841016152e-4
gene-SYNPCC7002_RS02510	634.2938842360101	-0.4708249173933421	0.09789152538911898	-4.809659626017801	1.511875199486948e-6	5.1897561195538185e-6
gene-SYNPCC7002_RS02515	1201.7871530380055	-0.039709092523694096	0.06342202252181678	-0.6261088963227941	0.5312435174077806	0.6070015057709093
gene-SYNPCC7002_RS02520	173.42341410925695	0.5779414386029873	0.16045690225309764	3.601848412175925	3.1596259728188273e-4	7.879591120196105e-4
gene-SYNPCC7002_RS02525	1358.0195685350911	0.20907764785055014	0.079055600340267	2.64469116609891	0.00817655060535	0.015486763421889963
gene-SYNPCC7002_RS02530	451.6390946713673	0.13313384407359694	0.0890082932898914	1.4957465102717213	0.134719725094723	0.19206185823634991
gene-SYNPCC7002_RS02535	1767.7599948243362	0.25938741262127374	0.04748369485919519	5.462662781201904	4.690450913323227e-8	1.8837456087378768e-7
gene-SYNPCC7002_RS02540	2928.4893728926177	0.021159861419478093	0.054441139686958594	0.38867410824147297	0.6975172379539838	0.7538775623562756
gene-SYNPCC7002_RS02545	1225.7854631541027	-0.22284874693151493	0.06913813873011057	-3.2232390258788	0.001267497377947028	0.0028393695587643803
gene-SYNPCC7002_RS02550	2345.461305558272	-0.11121621350394316	0.04792064088569634	-2.3208415298372955	0.02029539818722587	0.035588409497318604
gene-SYNPCC7002_RS02555	683.8337811943679	-0.1128651067431737	0.08775969849742397	-1.2860699008268202	0.19841866753327558	0.26817587758046474
gene-SYNPCC7002_RS16065	2763.829614627928	-0.01857971429645523	0.05867953975071786	-0.3166301981130984	0.7515242190882625	0.8015432939666246
gene-SYNPCC7002_RS02565	6278.574113664706	0.12757700456726612	0.06116343655839424	2.0858377446706284	0.03699332311468286	0.06125186031827541
gene-SYNPCC7002_RS02570	564.8574307446115	1.9026816881008133	0.10962270015127704	17.35663950509477	1.757117963654173e-67	7.021964010306863e-66
gene-SYNPCC7002_RS02575	7136.141333512418	-0.2693319160454079	0.053414013837578114	-5.042345569917198	4.5985984668668497e-7	1.6669275741599096e-6
gene-SYNPCC7002_RS02580	10905.472855016124	-0.16713887076363312	0.059877745464734844	-2.7913354029348016	0.005249104760574351	0.010456216683064108
gene-SYNPCC7002_RS02585	938.4704102751955	-0.19640349497613202	0.06290414168746931	-3.1222665107161958	0.0017946439681627302	0.003933149983035042
gene-SYNPCC7002_RS02590	356.8571065281642	0.1940693667054611	0.07971993831531064	2.434389323507405	0.014916940936742201	0.02702078221165893
gene-SYNPCC7002_RS02595	3469.1997381600045	0.5480648855825564	0.05878295275531546	9.32353445843187	1.1252790477211484e-20	1.1277177329638876e-19
gene-SYNPCC7002_RS02600	366.2196623915182	0.37604736280573464	0.11396935217813764	3.2995481295529427	9.684062019806624e-4	0.0022075569547967636
gene-SYNPCC7002_RS02605	58.14763996370925	0.5347426990845314	0.17343607821701165	3.0832264231403768	0.002047692898571652	0.004436667946905245
gene-SYNPCC7002_RS02610	3547.905300884219	-0.29942300863595345	0.04900530903400947	-6.110011640333809	9.96238735468041e-10	4.6804423609724945e-9
gene-SYNPCC7002_RS02615	4597.607363928339	0.2577635956892264	0.07876856242547838	3.2724171643108537	0.0010663211399469968	0.0024188377925777357
gene-SYNPCC7002_RS02620	712.9373110423498	-0.1290068167722284	0.07019867750454925	-1.8377385637196377	0.0661009384051251	0.10286958539297593
gene-SYNPCC7002_RS02625	1270.9025769483412	-0.21199875716011632	0.0895386476519409	-2.367678792561269	0.017900068858986037	0.0318497060755652
gene-SYNPCC7002_RS02630	13858.82228056307	1.6862586699134863	0.08948189605993163	18.844690872264184	3.24857473921375e-79	1.7238748247270343e-77
gene-SYNPCC7002_RS02635	4402.487257527357	0.5924452190552545	0.05083125056319362	11.65513758743205	2.1603120569477045e-31	3.164221777529285e-30
gene-SYNPCC7002_RS02640	3179.8552712691094	-0.15274557834132738	0.06325176360536149	-2.4148825208152775	0.01574028556559225	0.028337766616141333
gene-SYNPCC7002_RS02645	3701.0213614423474	0.24340582389139964	0.05655649193445599	4.30376452933972	1.6792013508418008e-5	5.075233214449028e-5
gene-SYNPCC7002_RS02650	1165.291344887873	0.2580251454553933	0.063905666620316	4.037594146203077	5.4002175013541435e-5	1.5069400044727036e-4
gene-SYNPCC7002_RS02655	4442.657411870052	0.21239096737200022	0.05185693117035264	4.095710304844017	4.2087596140196654e-5	1.1940188317775335e-4
gene-SYNPCC7002_RS02660	363.5830301249152	0.46234312934493765	0.08618507708009207	5.364538096488336	8.115663020978497e-8	3.195912554611605e-7
gene-SYNPCC7002_RS02665	200.00968370738872	0.45186788780113474	0.11690224531580956	3.865348236729079	1.1093080952719223e-4	2.967628350739845e-4
gene-SYNPCC7002_RS16620	154.13663110423462	0.35299695428132877	0.13231938932182613	2.6677643850272954	0.007635778556961105	0.01465146128564499
gene-SYNPCC7002_RS02670	996.0050874708099	0.5922364848618128	0.09027668037562059	6.560237731357117	5.3722062585421147e-11	2.8791112018047723e-10
gene-SYNPCC7002_RS02675	89.2964574245625	0.37864167824974865	0.14927012636459908	2.5366206050157625	0.011192818157300359	0.02075094637753795
gene-SYNPCC7002_RS02680	332.9708967453581	0.4018502263980669	0.13940424429713527	2.8826254783286025	0.003943760288293165	0.008054228424734999
gene-SYNPCC7002_RS02685	301.1924373400368	0.35804118960603115	0.09254352110123197	3.8688952543136463	1.0932959394817821e-4	2.934493330101599e-4
gene-SYNPCC7002_RS02690	219.8503371050218	-0.12616768128549963	0.1226040712604282	-1.029066000732568	0.30344866144386	0.3844474822284833
gene-SYNPCC7002_RS02695	3622.2194163252366	-0.8372888561869521	0.087748374882466	-9.541930062049051	1.4019840396360686e-21	1.4592354779105962e-20
gene-SYNPCC7002_RS02700	4347.095646056209	0.3354818170621528	0.07188883758621749	4.666674665031325	3.061134362904817e-6	1.0194333264118202e-5
gene-SYNPCC7002_RS02705	439.06118763196906	0.6257439376465863	0.09625758495195749	6.500723428277339	7.993467186084189e-11	4.1936553130234233e-10
gene-SYNPCC7002_RS02710	5691.695884935836	0.07127327654279536	0.05891130750650996	1.2098403440616108	0.2263401620316838	0.299290483862974
gene-SYNPCC7002_RS02715	5528.464170966899	0.09297634535831711	0.04954807002359064	1.876487728261657	0.06058833823080404	0.09483774219202741
gene-SYNPCC7002_RS02720	1015.1490064584983	0.03722968863634968	0.07089886047512474	0.5251098309176905	0.5995068423609609	0.6719541719953013
gene-SYNPCC7002_RS02725	3459.9211701555378	0.11594399917288867	0.06179592941369749	1.8762400739487686	0.06062232161765771	0.09484507253569743
gene-SYNPCC7002_RS02730	1900.182180467574	0.3164929889836701	0.1009382139685289	3.1355120775403074	0.0017155436425713981	0.0037725643824752823
gene-SYNPCC7002_RS02735	10331.997405753193	0.14059718761405093	0.06364383775856321	2.209124913984838	0.027165953662354227	0.046477902751078555
gene-SYNPCC7002_RS02740	2654.1556038079184	-0.0516157765124337	0.05737498227863114	-0.8996216549884251	0.36832162902639437	0.45012873376125817
gene-SYNPCC7002_RS02745	841.8222892116744	0.5493687958726602	0.07502039565338713	7.322925866865333	2.426218489569104e-13	1.5613656562097793e-12
gene-SYNPCC7002_RS02750	1988.3482539723204	0.23124425249004227	0.07235804066511876	3.1958335295488025	0.0013942753112823095	0.0031019032182961074
gene-SYNPCC7002_RS02755	272.94953541120816	0.669947619185137	0.11367228015817478	5.893676261731586	3.7769680591051205e-9	1.6656737884636615e-8
gene-SYNPCC7002_RS02760	1832.766633377825	-0.7507946688832834	0.10014093007544704	-7.497380624661946	6.510572088350171e-14	4.309759069527506e-13
gene-SYNPCC7002_RS02765	3463.90113642229	0.14095540811918705	0.0683327019827114	2.062781128643935	0.03913342778526076	0.06446560088594863
gene-SYNPCC7002_RS02770	1167.8094681908601	-0.19927412087517035	0.05727998288520657	-3.4789486804584215	5.033849770077453e-4	0.0012079000523158424
gene-SYNPCC7002_RS02775	659.2096588441599	0.10525544167039233	0.0823595650322521	1.277998999013341	0.20124977921163664	0.2714356397116949
gene-SYNPCC7002_RS02780	1539.1598315029214	-0.22471271897018436	0.05825241170994764	-3.85756936706898	1.1452018419313153e-4	3.058596008524478e-4
gene-SYNPCC7002_RS02785	333.5790754851248	-0.3589631823051716	0.12987492764463043	-2.763914396837107	0.005711252035504932	0.01129341651736681
gene-SYNPCC7002_RS02790	1391.3696453157731	-0.4387050643909063	0.08179597739564495	-5.363406347831772	8.166700272787452e-8	3.212103132808382e-7
gene-SYNPCC7002_RS02795	1768.1751158123711	-0.1995030139408461	0.09035671992322586	-2.2079488289344664	0.027247840458785106	0.046568774849570956
gene-SYNPCC7002_RS02800	1016.9275223682382	0.28975917381013866	0.06433471543260989	4.503931848640243	6.670760686597524e-6	2.1295120653369018e-5
gene-SYNPCC7002_RS02805	4578.502697506771	-0.14309712308212003	0.04760796145794766	-3.0057393490481292	0.0026493599431854607	0.005616226677204543
gene-SYNPCC7002_RS02810	925.854253308687	-0.2640319831874573	0.06637129352997427	-3.97810512866103	6.946665842199122e-5	1.9219108830084236e-4
gene-SYNPCC7002_RS02815	2755.74144252867	-0.4727902414706962	0.0710973033657515	-6.649903991976796	2.932842655508338e-11	1.6228396027146139e-10
gene-SYNPCC7002_RS02820	1514.6842087374182	-0.2409287591980889	0.05946279106260305	-4.051756651389549	5.083452263974906e-5	1.425921575258819e-4
gene-SYNPCC7002_RS02825	6103.8400561756325	-2.94420055429936	0.05978221405649015	-49.24877073835522	0	0
gene-SYNPCC7002_RS02830	4374.437188019569	-0.04495367062715658	0.04962747952681292	-0.9058221585254765	0.36502999062624486	0.44723772886341956
gene-SYNPCC7002_RS02835	275.19643134842676	-0.3582327031785752	0.10586679424751996	-3.3838060907088168	7.148847267721569e-4	0.001670817227842218
gene-SYNPCC7002_RS02840	648.3892579395078	-0.08214674682099966	0.07834937810313779	-1.0484671200945983	0.29442344337479326	0.3752160181906322
gene-SYNPCC7002_RS02845	7653.198015673497	-0.5014677954164565	0.07682894833136175	-6.527068329162019	6.706945538937369e-11	3.576669309644195e-10
gene-SYNPCC7002_RS02850	7237.703236646693	-0.4423092483488233	0.0640188779438034	-6.909044059427098	4.8793041331001774e-12	2.930298233551999e-11
gene-SYNPCC7002_RS02855	9314.586252981539	-0.15226809585073622	0.054932201957764534	-2.7719277659360877	0.005572540086002524	0.0110496222341629
gene-SYNPCC7002_RS02860	4709.587487153793	-0.47024386737667184	0.0734267280228246	-6.404260138494761	1.5110029441488645e-10	7.78840211816859e-10
gene-SYNPCC7002_RS02865	380.85978345921336	-0.13935126996785452	0.09729027658166212	-1.432324738545561	0.15205090637179985	0.21269158974381852
gene-SYNPCC7002_RS02870	3542.673964988988	0.16792614689128996	0.09931853335774757	1.690783595106225	0.09087814148259456	0.1359392532251195
gene-SYNPCC7002_RS02875	3863.886842791339	0.17376909081134986	0.06694818264899284	2.595575920595419	0.009443253794944435	0.01772047103433921
gene-SYNPCC7002_RS02880	3588.424980598192	-0.4772718646903139	0.05477987183815448	-8.712540732121456	2.9713848864373323e-18	2.517898659004619e-17
gene-SYNPCC7002_RS02885	3187.989349923446	1.1043279678488107	0.0594228197638967	18.58424040186264	4.310597271695847e-77	2.1466774413045316e-75
gene-SYNPCC7002_RS16380	120.38195688820088	1.566118288599205	0.13287608057491812	11.786307075156369	4.592399139886481e-32	7.045306168631535e-31
gene-SYNPCC7002_RS02890	716.0111209931497	0.9443057011453161	0.07974889386613945	11.84098807351933	2.396132471746006e-32	3.7469955608897686e-31
gene-SYNPCC7002_RS02895	1356.1209078259462	-0.5595298073971177	0.10483504024980492	-5.337240354597554	9.4371903042364e-8	3.693855503604985e-7
gene-SYNPCC7002_RS02900	2660.1979175893284	-0.2797233345159408	0.0470174180000051	-5.949355503016147	2.6920037439486715e-9	1.206927440327126e-8
gene-SYNPCC7002_RS02905	1122.3463453054378	-0.22826641926577648	0.06717315153924919	-3.3981793921400385	6.783592200886556e-4	0.001588892037211996
gene-SYNPCC7002_RS02910	4494.652048587371	-0.03536077982993677	0.06726133426334176	-0.5257222476659792	0.5990812037560722	0.6717361765145374
gene-SYNPCC7002_RS02915	1154.2970607580407	-0.16801678886120208	0.0731493207005049	-2.2969015604275103	0.021624385961209018	0.037694204284563056
gene-SYNPCC7002_RS02920	3460.5853179819414	0.1086281576612415	0.07574534731495812	1.4341231707546704	0.15153711673912265	0.21207334495656724
gene-SYNPCC7002_RS02925	21.380491345495948	-0.33178267096175035	0.2691705980628776	-1.232611114844894	0.2177208880846102	0.2900257262262894
gene-SYNPCC7002_RS02930	113.65396337683949	-0.14099318199982663	0.1421556076988293	-0.9918228642695167	0.3212839421019822	0.40226358366304626
gene-SYNPCC7002_RS02935	122.49972263398462	-0.06944931016685461	0.12943748168651137	-0.5365471365941439	0.5915804679376593	0.6639895890132466
gene-SYNPCC7002_RS02940	1072.9482769227925	0.13459597692136852	0.10402610130549526	1.293867358597802	0.19571124103928986	0.2651809490348184
gene-SYNPCC7002_RS02945	5974.933169739801	-0.04747193927634533	0.04621954592985797	-1.0270966172707101	0.3043749713743721	0.38547018088374113
gene-SYNPCC7002_RS02950	793.9020598110042	0.0029246902108236578	0.08459104362727794	0.03457446657958642	0.972419062041024	0.9799877035575325
gene-SYNPCC7002_RS02955	594.5378316907247	0.16049908030263388	0.09114932682935374	1.7608367048405533	0.07826604541216918	0.11989928490259898
gene-SYNPCC7002_RS02960	7875.56132272333	0.07045893742750549	0.07078803474817279	0.9953509470655874	0.31956560713879245	0.40126735842595673
gene-SYNPCC7002_RS02965	5523.369383883731	0.18310688584718712	0.0811581344927254	2.256174159148519	0.02405972621561772	0.04162551243183034
gene-SYNPCC7002_RS02970	714.1470290874065	-0.4248266168558822	0.079821116254993	-5.322233473893674	1.025008986874884e-7	3.9879255895600956e-7
gene-SYNPCC7002_RS02975	658.2878589452009	-0.44294566348970005	0.09022419912256228	-4.909388698346817	9.136073439187597e-7	3.2250239610305614e-6
gene-SYNPCC7002_RS02980	1666.1379108958822	-0.45632813933256006	0.052819479045029274	-8.63939114097537	5.651338325596933e-18	4.7515278337551354e-17
gene-SYNPCC7002_RS02985	1799.6329563490456	0.051071191602103584	0.068561657187385	0.7448943578262929	0.45633558626863474	0.5361736089842362
gene-SYNPCC7002_RS02990	1178.7360270044521	0.103508085955358	0.06991131785926913	1.480562648864936	0.1387231547309389	0.1968640297518848
gene-SYNPCC7002_RS02995	2186.86293651644	1.893704036256757	0.08757663468595725	21.623393534673113	1.0822000905074264e-103	8.982260751211639e-102
gene-SYNPCC7002_RS03000	1766.4427598472398	-0.3181167240008688	0.17417282175768087	-1.8264429593007967	0.06778356589997017	0.10528570192812066
gene-SYNPCC7002_RS03010	1610.193721055929	0.1530724022697976	0.06444273569062763	2.3753243966031694	0.01753353308374271	0.03125332962118676
gene-SYNPCC7002_RS03015	3018.8714544792283	0.3696615407351996	0.047700024014042185	7.749713933610948	9.209979284511322e-15	6.509323786891517e-14
gene-SYNPCC7002_RS03020	1422.4216741921314	0.3799453373599305	0.05923983755083308	6.413679595827782	1.4204859307893412e-10	7.356980732744156e-10
gene-SYNPCC7002_RS03025	119.19619109067185	-0.4850106070543261	0.17100853207531816	-2.8361778279034078	0.004565701651412153	0.009248545835807972
gene-SYNPCC7002_RS03030	2636.905282583591	0.6183835548142423	0.04911042055260846	12.591697400591643	2.345742500088612e-36	4.0605178998860084e-35
gene-SYNPCC7002_RS03035	632.0464902205385	0.5320246364888929	0.08970446323648526	5.93086026373439	3.0135159866680787e-9	1.3436296486011807e-8
gene-SYNPCC7002_RS03040	1198.942892931495	0.5661283865198785	0.08237636604643292	6.872461285810666	6.310350941436134e-12	3.7342972572995914e-11
gene-SYNPCC7002_RS03045	1451.2051106708159	0.473483106161238	0.07465057330303465	6.342658672414914	2.2583341449505705e-10	1.1439024179884371e-9
gene-SYNPCC7002_RS03050	3.684314611951145	-0.8764401565087587	1.0054483108313947	-0.8716909134633082	0.38337701863404877	0.4660125457448051
gene-SYNPCC7002_RS03055	1561.3318109376926	0.03893986588864054	0.05594065226042119	0.6960924536125055	0.4863709321729114	0.5642948772199692
gene-SYNPCC7002_RS03060	1883.9077169180418	-0.13875985480857095	0.06746203229447825	-2.0568585038006395	0.03969983855956634	0.06533216950549886
gene-SYNPCC7002_RS03065	2992.855807554697	-0.1793006884585959	0.04899789637451041	-3.659354823891406	2.5285103812279573e-4	6.424480458426137e-4
gene-SYNPCC7002_RS03070	610.0357026816303	0.20932729183748658	0.06538659830992745	3.201379139579816	0.001367714386498316	0.0030490988079167
gene-SYNPCC7002_RS03075	1108.0216216332017	0.1297040868921841	0.08151278979982599	1.5912114799493833	0.11156199017234937	0.16281612361942963
gene-SYNPCC7002_RS03080	18122.205977226713	0.5469342180012884	0.060193260670150246	9.086303215876661	1.0246371027087761e-19	9.669825951802648e-19
gene-SYNPCC7002_RS03085	11769.1529113301	0.8076909833347798	0.05039003011810294	16.028785484782073	8.043953710794476e-58	2.5527723688080116e-56
gene-SYNPCC7002_RS03090	798.1300470961443	0.0268808542848998	0.0757672937208928	0.35478176617897883	0.7227530894255222	0.7757134451161855
gene-SYNPCC7002_RS03095	2880.87133095692	0.09963604218203023	0.06133470951789288	1.6244642383602368	0.10427676676766336	0.1531535228770993
gene-SYNPCC7002_RS03100	3081.847360550978	0.06654515176694294	0.0637906639400917	1.0431801090742383	0.2968648840404392	0.37765689595326263
gene-SYNPCC7002_RS03105	1415.1048890241625	0.17249888791178816	0.08404386745380972	2.052486316227571	0.040122423559071974	0.06592704825417055
gene-SYNPCC7002_RS03110	921.0874670891646	0.11865806543514175	0.07302878287895796	1.6248123103983856	0.1042025571797588	0.1531535228770993
gene-SYNPCC7002_RS03115	254.27218964443747	-0.08418057017883356	0.3216808673169062	-0.26168970160075594	0.7935606808638878	0.8380932867720733
gene-SYNPCC7002_RS03120	2842.427757082389	-0.4913493371415418	0.06359997461514176	-7.725621592065263	1.1130883332866987e-14	7.782002019112406e-14
gene-SYNPCC7002_RS03125	704.5799648639207	-0.5420941048261099	0.07515572461530039	-7.212944956634069	5.475455243568266e-13	3.4282492501799764e-12
gene-SYNPCC7002_RS03130	7736.713222521833	-0.478163640830264	0.04105271003569153	-11.647553606437796	2.3614076936955026e-31	3.44318770472628e-30
gene-SYNPCC7002_RS03135	370.79888852835927	-0.9414462504763507	0.12512118244573223	-7.524275522928952	5.301344782460484e-14	3.538237744499915e-13
gene-SYNPCC7002_RS03140	695.7216713391667	-0.8858011238068253	0.11134471482072704	-7.955484238592092	1.7843223660525966e-15	1.3008674547099674e-14
gene-SYNPCC7002_RS03145	262.5685985124903	0.20586297876304394	0.08657548054517261	2.3778439053033096	0.01741419589981872	0.031057714670916364
gene-SYNPCC7002_RS03150	161.5969279837387	0.08040329720130115	0.11793961655282613	0.6817327336763712	0.4954079651749835	0.573546345948291
gene-SYNPCC7002_RS03155	610.5610602344583	-0.09144820455734007	0.0886037044692981	-1.0321036248436724	0.302023575945867	0.38309181635453426
gene-SYNPCC7002_RS03160	442.37942421325084	-0.20399806265413575	0.1164402619487417	-1.7519546868070253	0.07978159989567955	0.12176003718166653
gene-SYNPCC7002_RS03165	202.88401741886761	0.016190816860258406	0.11641363304297886	0.139080075391865	0.8893868727278109	0.9171536498948468
gene-SYNPCC7002_RS03170	303.579363688682	0.09089554819060784	0.09664961652778153	0.9404646542439233	0.3469792717781297	0.4280380726927614
gene-SYNPCC7002_RS03175	394.61568539892096	-0.10118839641820916	0.09701141651958128	-1.043056580848758	0.29692208841552464	0.37765689595326263
gene-SYNPCC7002_RS03180	164.47946646772772	-0.3131956512048265	0.11774111151295145	-2.6600364747735132	0.007813218966154008	0.014947629901560592
gene-SYNPCC7002_RS03185	552.8411514608613	-0.4995395988054217	0.07474581469804643	-6.683178192965468	2.338149749304725e-11	1.311714166117746e-10
gene-SYNPCC7002_RS03190	2875.1104234625855	-1.8121733591132274	0.09999171276166463	-18.123235506852808	2.089388037197667e-73	9.26486174850527e-72
gene-SYNPCC7002_RS03195	840.0187967137217	0.0391834659087188	0.07104445515585811	0.5515344698295973	0.5812673439891356	0.654912075354275
gene-SYNPCC7002_RS03200	1157.3183340473738	0.007616302780585445	0.056609645573999196	0.1345407254074668	0.8929750095924905	0.9202674645179535
gene-SYNPCC7002_RS03205	442.74757411153973	0.1962121164630818	0.09934032086405424	1.97515082251038	0.04825103479521144	0.07758996504326847
gene-SYNPCC7002_RS03210	16078.474313434457	-0.2743356965569832	0.27384353404726913	-1.0017972398414532	0.31644153059198293	0.39828358896724414
gene-SYNPCC7002_RS03215	2630.714055969857	-0.5226331223411995	0.05677728285918349	-9.2049688893604	3.41770216062021e-20	3.342326856171487e-19
gene-SYNPCC7002_RS03220	916.64219151403	-0.7756502279581793	0.0731380874764119	-10.605284533976059	2.8160550798578177e-26	3.5195252098454656e-25
gene-SYNPCC7002_RS16625	136.3387796105503	-1.034844430998173	0.17403211392583404	-5.9462843245079755	2.7429753379910114e-09	1.2280789998723242e-8
gene-SYNPCC7002_RS03225	691.0273465351227	-0.0464701796583894	0.09155451552376048	-0.5075684076590338	0.6117560509363023	0.6837894809671307
gene-SYNPCC7002_RS03230	261.23265045987824	-0.21152801575366123	0.10476843320465751	-2.0190052412109347	0.04348667475431647	0.07084366692487289
gene-SYNPCC7002_RS03235	513.7423389343469	0.02606028807642567	0.07598049292725106	0.3429865623717074	0.7316085693492312	0.7828816327218054
gene-SYNPCC7002_RS03240	339.81314310029836	0.09426201831221989	0.10806900679970627	0.8722391470380025	0.3830779274277409	0.4659989669611414
gene-SYNPCC7002_RS03245	110.12878975502902	-0.1410252679098079	0.15603902389846355	-0.9037820436609161	0.3661109849711253	0.4483924549192329
gene-SYNPCC7002_RS17045	126.34875566895589	-0.2894220919996487	0.12920567838204597	-2.2400106220089	0.025090233293635713	0.043285727008605564
gene-SYNPCC7002_RS03255	8056.292403953867	-0.029551610107630147	0.06468647041861304	-0.45684375598775745	0.6477833527971484	0.7120117870982577
gene-SYNPCC7002_RS03260	2114.4093938916826	0.19200752315216824	0.10948326416084163	1.7537614047576293	0.07947139890134175	0.12134382936020909
gene-SYNPCC7002_RS03270	5928.331777411126	2.409888878318514	0.16424856478749822	14.67220661219405	9.713408686078266e-49	2.4001758715141485e-47
gene-SYNPCC7002_RS03275	6362.099429638101	-0.0690390520370777	0.07954727201947466	-0.8678996813388604	0.3854492534308992	0.46770238776293477
gene-SYNPCC7002_RS03280	5616.12227392127	0.14791980922751197	0.09262083587077188	1.5970467966181532	0.11025527627014653	0.16105430021952363
gene-SYNPCC7002_RS03285	3789.7523243468263	0.09914939517525168	0.08186568922277025	1.2111227074073678	0.22584837983170258	0.2987622417307811
gene-SYNPCC7002_RS03290	306.05505012682124	0.20595283182269497	0.09706902417768232	2.1217152801052546	0.0338616546870275	0.0564128544631539
gene-SYNPCC7002_RS03295	223.68575155775636	-0.2764679748190001	0.11524168431968343	-2.3990275432982284	0.01643867813093112	0.0294640094738782
gene-SYNPCC7002_RS03305	470.92568545394676	-0.007902979917372823	0.09572720390672074	-0.08255730445311771	0.9342035514396388	0.9505421458805678
gene-SYNPCC7002_RS03310	266.98760166715516	-0.18740946639395678	0.1440784079507873	-1.3007463717809127	0.19334528389612485	0.26274503945077926
gene-SYNPCC7002_RS03315	64.4874230172588	-0.7345303017312662	0.29034881579237304	-2.529820208588435	0.01141209881658007	0.021111179129924242
gene-SYNPCC7002_RS03320	50.357298744631514	-0.20345833838316324	0.2551378023819908	-0.7974448963801398	0.4251926934688463	0.5063829097713964
gene-SYNPCC7002_RS03325	68.12934817226957	-0.05294566561971763	0.21928566093316162	-0.24144609088624128	0.8092093938017093	0.8501592176042939
gene-SYNPCC7002_RS03330	34.72866776285972	-0.2311930502797725	0.23631594947035117	-0.9783218221112011	0.32791518028247946	0.40951444389443903
gene-SYNPCC7002_RS03335	55.30783205697615	-0.0014123192833051885	0.2231240553665613	-0.006329749076068681	0.9949496246629613	0.9967972562779344
gene-SYNPCC7002_RS03340	121.4674032821274	-0.2771057567773136	0.11696494348412688	-2.3691351316295823	0.017829737739776804	0.03176382006805587
gene-SYNPCC7002_RS03345	77.16237031904265	-0.1944763725087842	0.15211903523952416	-1.278448632037173	0.20109128590882466	0.2714289777256821
gene-SYNPCC7002_RS03350	1377.897340449382	0.25365328740670795	0.09476704315869224	2.6765980973148293	0.007437379003760417	0.014321710788323897
gene-SYNPCC7002_RS03355	219.342588728403	0.45374252314384567	0.10094407213107008	4.494989290254578	6.9573448747042395e-6	2.2122716463082146e-5
gene-SYNPCC7002_RS03360	2528.7691047400476	1.2904891139617758	0.06401757603644437	20.158356405545835	2.273079911074423e-90	1.565523334499555e-88
gene-SYNPCC7002_RS03365	3241.572736866854	1.045474894149396	0.05918921127274528	17.66326787717821	8.044446282824065e-70	3.338445207371987e-68
gene-SYNPCC7002_RS03370	301.5291858022394	0.32774382464681984	0.14998325476639351	2.18520277585186	0.028873982090893317	0.04896023050194954
gene-SYNPCC7002_RS03375	1672.0323206517762	-0.23343353210540538	0.0683259044709097	-3.4164718917814185	6.343821241967728e-4	0.001495626319027643
gene-SYNPCC7002_RS03380	2035.6710072445678	-0.14778833301640285	0.055746770514514585	-2.6510653738753125	0.008023830900070538	0.015242453417563575
gene-SYNPCC7002_RS03385	5246.99713315488	-0.004177579464329388	0.060076888553754676	-0.06953721414169839	0.9445620117290214	0.9578782055033968
gene-SYNPCC7002_RS03390	382.3849026836235	-0.011705223809114285	0.07693242099839333	-0.15214942747426002	0.8790690804882949	0.9091203238148916
gene-SYNPCC7002_RS03395	887.0598058422006	1.0428133012291922	0.11074249727953228	9.416559377354115	4.6611144231953656e-21	4.729789149806708e-20
gene-SYNPCC7002_RS03400	559.0008159233959	0.30569752159374614	0.08767208901309621	3.4868283057345866	4.887850439703559e-4	0.0011772300500982457
gene-SYNPCC7002_RS03405	494.4052693472297	0.4587202915899771	0.08686149574306792	5.28105448410478	1.2844248421446405e-7	4.937866049907602e-7
gene-SYNPCC7002_RS03410	3597.3669914917627	0.07413035662968673	0.048485963543672954	1.5289034436309592	0.1262883824408115	0.1816868862048475
gene-SYNPCC7002_RS03415	53485.495328790275	-0.884369292837923	0.05764663593411261	-15.341212518432393	4.055484844558251e-53	1.112508851002971e-51
gene-SYNPCC7002_RS03420	503.95200258053575	-0.675863967009687	0.08990281771290846	-7.517717288549954	5.574087104871721e-14	3.7126172754053e-13
gene-SYNPCC7002_RS03425	776.7021614113738	0.2567632373120326	0.0976208440124002	2.630209151637917	0.008533235163796254	0.016106170393707566
gene-SYNPCC7002_RS03430	597.291930969368	-0.03553032849126352	0.07513187859210098	-0.4729061638956412	0.6362801271671366	0.702708553954289
gene-SYNPCC7002_RS03435	1140.7555262122564	0.22611809940729122	0.06452142435078351	3.504542896913673	4.5739187342734485e-4	0.0011073878042515445
gene-SYNPCC7002_RS03440	1636.8740360972479	0.0771016625929533	0.07271607506135216	1.0603111145355537	0.2890030844477639	0.3699102350167702
gene-SYNPCC7002_RS03445	630.151927585662	0.08206386353131538	0.08452418881008082	0.9708920568963566	0.3316020340151637	0.41308059806000796
gene-SYNPCC7002_RS03450	2150.260822597944	-0.142033369613749	0.057729084360760685	-2.460343363947258	0.01388041469468493	0.0252704737720445
gene-SYNPCC7002_RS03455	1136.2803937481988	0.13982520312175403	0.05981373739807315	2.3376770822927777	0.01940400590782691	0.03415484889811621
gene-SYNPCC7002_RS03460	891.1361818732851	0.7500106853650321	0.06811379865276906	11.011141651171757	3.376971019226614e-28	4.4435996704213616e-27
gene-SYNPCC7002_RS03465	690.3136404851875	0.7092378401628795	0.06708002110408774	10.573011583618296	3.9752025517872426e-26	4.930165003883259e-25
gene-SYNPCC7002_RS03470	4764.972508132176	0.6726820247447434	0.07871950461063976	8.545303074148455	1.2819938974797188e-17	1.0531787576517466e-16
gene-SYNPCC7002_RS03475	4380.808607789047	-0.09538215633467155	0.04238239374705321	-2.250513666215546	0.02441635697343657	0.0421523986789409
gene-SYNPCC7002_RS03480	8165.49641959952	-0.018883381446120524	0.04019627488588675	-0.4697793887550171	0.63851264158297	0.7045164156061884
gene-SYNPCC7002_RS03485	3191.6840982141866	-0.14284674973893724	0.05506587397061536	-2.594106647888021	0.009483706411125047	0.017775771657679084
gene-SYNPCC7002_RS03490	2056.7556798850487	-0.17483038362791356	0.059435943815235544	-2.941492511188126	0.0032663474048926808	0.006768992669422284
gene-SYNPCC7002_RS03495	3343.6029309831274	-0.033607193790204035	0.0720049970717375	-0.466734187305385	0.6406900670324513	0.7061333833789735
gene-SYNPCC7002_RS03500	1264.129947756889	0.2097324187606475	0.05550224157012438	3.778809879158859	1.5757967300473718e-4	4.106967806089648e-4
gene-SYNPCC7002_RS03505	226.58562359831552	0.03433431213399146	0.13774386215897594	0.24926201135818887	0.8031581145897779	0.8451959742935993
gene-SYNPCC7002_RS03510	579.5947814640208	-0.09897952790800965	0.0724816418923796	-1.365580653580861	0.17207062227850034	0.23742225247890264
gene-SYNPCC7002_RS03515	644.7065273999566	-0.13595399818409265	0.07975123763103528	-1.7047258728833319	0.08824556211015788	0.13249113383607658
gene-SYNPCC7002_RS03520	365.2751581813027	0.40724568736902456	0.0772853761947514	5.269375752830733	1.3688849081523774e-7	5.243882186614492e-7
gene-SYNPCC7002_RS03525	1502.54395782092	0.47894213869260077	0.08840934365591126	5.417324899013404	6.049734854857018e-8	2.402821070573272e-7
gene-SYNPCC7002_RS03530	1768.7561311990448	0.0179243257200304	0.06846588455642767	0.2617993740409163	0.7934761216832416	0.8380932867720733
gene-SYNPCC7002_RS03535	39063.64247718642	-0.6067636783383865	0.04126244369453543	-14.704986520678196	5.988284541285301e-49	1.514381020323478e-47
gene-SYNPCC7002_RS03540	12562.455084605992	0.5844635581306794	0.058841285275300276	9.9328822508916	2.9947160711254393e-23	3.3776640844017586e-22
gene-SYNPCC7002_RS03545	601.2555607097418	-0.464990819681942	0.10215110830474346	-4.551989962700677	5.3140871475844525e-6	1.713316742702278e-5
gene-SYNPCC7002_RS03550	4940.9141906682125	-0.07499057274493254	0.039917251876284976	-1.878650689114317	0.06029220501689752	0.09446557000953401
gene-SYNPCC7002_RS16940	1260.0917590146266	-0.19132323772150822	0.04947076257280807	-3.8674002132053302	1.1000181737405048e-4	2.9476480367533227e-4
gene-SYNPCC7002_RS03555	3026.7738734273757	0.49062120564682815	0.04942326413077764	9.92692842683575	3.17897346018916e-23	3.5730337120251084e-22
gene-SYNPCC7002_RS03560	288.18344513058685	0.2658923593604224	0.09600381156334312	2.769602112984724	0.0056124808355695575	0.011118482536559766
gene-SYNPCC7002_RS03565	594.1095633732123	0.22340661965475223	0.08194983503194003	2.726138735577433	0.006408005769470651	0.012510684364159528
gene-SYNPCC7002_RS03570	1781.8704040900875	0.1354315794301834	0.0716375715505724	1.8905104751432809	0.0586897209484156	0.09222263432525304
gene-SYNPCC7002_RS03575	1580.30143482264	-0.01401611252891075	0.06303742613383559	-0.2223458886020022	0.8240446320708124	0.8624094646017522
gene-SYNPCC7002_RS03580	274.65438611957205	0.3989251024221052	0.0898165393767986	4.441555031958352	8.931109862890967e-6	2.8040739695614025e-5
gene-SYNPCC7002_RS03585	1930.9781684174006	-0.0797819322957268	0.04676527484100671	-1.7060079849198069	0.08800659292228898	0.13237794669584083
gene-SYNPCC7002_RS03590	2590.4183853062013	0.4067490872413454	0.053405093682650756	7.616297607459912	2.6105540283252183e-14	1.756832305548593e-13
gene-SYNPCC7002_RS03595	412.0314464203026	-0.20914390216158715	0.09602978951670771	-2.1779064935386465	0.02941299897696362	0.04984810350179646
gene-SYNPCC7002_RS03600	1062.199503919135	-0.2548781373147716	0.070638450832809	-3.6082067812901406	3.083207140924806e-4	7.712783242019782e-4
gene-SYNPCC7002_RS03605	1590.2963359546732	0.18660565032076035	0.07525375710567983	2.479685500070217	0.013149831051075703	0.024035010227177894
gene-SYNPCC7002_RS03610	1659.3851530433255	0.053806633413528794	0.07513373410012936	0.7161448057649001	0.4739019398473013	0.5531989106692081
gene-SYNPCC7002_RS03615	572.5500520120552	0.20278832215076859	0.10960455115349073	1.8501815847663374	0.06428738222010866	0.10019174590586988
gene-SYNPCC7002_RS03620	3710.3212312199103	0.2541917578146236	0.08613859251565302	2.950962517392331	0.003167853575123333	0.006590194101975725
gene-SYNPCC7002_RS03625	2191.84323815979	-0.01838103605040093	0.07985227440262706	-0.23018800889403612	0.8179456792162444	0.8582464063607725
gene-SYNPCC7002_RS03630	1470.3456161551546	0.004321341903288998	0.06814454448396864	0.06341434866155156	0.9494365616685754	0.9617729799478698
gene-SYNPCC7002_RS03635	1494.5354522818425	-0.06702226285350558	0.05570407961754205	-1.203184099148086	0.2289050867198546	0.30229657094118173
gene-SYNPCC7002_RS03640	981.7111993667198	0.07490221707054034	0.05772079476508051	1.2976643404753345	0.19440270236960933	0.26396038069229255
gene-SYNPCC7002_RS16070	1112.344610008295	0.22179202350747224	0.05394056811796093	4.111785085808556	3.926116865894778e-5	1.1216981725420474e-4
gene-SYNPCC7002_RS03650	7912.994324418193	-0.15384852739227703	0.05263490332870463	-2.9229373982411246	0.003467462232948315	0.007153712713864687
gene-SYNPCC7002_RS03655	28125.057345545025	-0.051060792522070804	0.10160449701966393	-0.5025446119002863	0.6152844794804047	0.6861977237184262
gene-SYNPCC7002_RS03660	46926.642847496776	-0.08800526876828958	0.10925424308015977	-0.8055089329914644	0.4205260535588493	0.5023036292878211
gene-SYNPCC7002_RS03665	17085.06600677356	-0.054680915447545796	0.15805242953619628	-0.34596694026157365	0.7293675601355564	0.7812583693444063
gene-SYNPCC7002_RS03670	20065.96850702096	-0.10792514277439	0.12379902641564212	-0.8717769912991299	0.38333004903517093	0.4660125457448051
gene-SYNPCC7002_RS03675	19992.531781908176	-0.06728122467431205	0.11536976196916895	-0.5831790195796024	0.5597727933082514	0.6340043848631244
gene-SYNPCC7002_RS03680	21758.310513753684	-0.1474404432468037	0.1539277904794597	-0.9578546069397281	0.33813607883036984	0.41952720857566395
gene-SYNPCC7002_RS03685	64233.217482718836	-0.1000079413344829	0.09672383250714442	-1.0339534605092897	0.3011579206767756	0.3821435473268219
gene-SYNPCC7002_RS03690	60559.70707475196	-0.14976136594297107	0.10122191255466559	-1.4795350350853271	0.13899737483600536	0.19708037772411272
gene-SYNPCC7002_RS03695	852.552886613755	0.06863765162963992	0.10688702370171838	0.6421513973593453	0.5207748867432809	0.5969363698257791
gene-SYNPCC7002_RS03700	228.749279580182	-0.08443547086484264	0.10220054049464092	-0.8261744062818355	0.40870516441781546	0.4903553066050662
gene-SYNPCC7002_RS03705	319.4413924008963	-0.7173242943818917	0.09259423026050423	-7.746965360193335	9.41146167865521e-15	6.622804663871068e-14
gene-SYNPCC7002_RS03710	8688.385114262283	0.0028758757449617103	0.0407444164527869	0.07058330920738962	0.9437293946001268	0.9573337669447229
gene-SYNPCC7002_RS03715	4467.605501692782	-0.04004532585728923	0.05819425762666994	-0.688131913533283	0.49136971516448963	0.569278370790069
gene-SYNPCC7002_RS03720	899.9773995782905	-0.12093066459795496	0.07417651391866714	-1.630309355472713	0.1030361312884104	0.15167255888157546
gene-SYNPCC7002_RS03725	566.2579021777258	0.09733447592881397	0.06818389329194523	1.4275288668550172	0.15342751065356353	0.21434823132739972
gene-SYNPCC7002_RS03730	571.0218037676489	-0.15524827933432303	0.09659800698536615	-1.6071582031484557	0.1080196682014631	0.15814548438178927
gene-SYNPCC7002_RS03735	453.89782467241866	-0.2376056814230254	0.07835005150955146	-3.0326167863981492	0.002424432640538073	0.005190402418929724
gene-SYNPCC7002_RS03740	43621.63830309152	-0.1006729093565716	0.10690111415835189	-0.9417386352722713	0.34632646940995954	0.42755865045005303
gene-SYNPCC7002_RS03745	6394.160757412542	-0.02435157581464892	0.10891499428764163	-0.22358331810895615	0.8230815453039784	0.8624094646017522
gene-SYNPCC7002_RS03750	9060.08605028677	-0.4129074405251351	0.07742397257872037	-5.333069678197071	9.656623535529768e-8	3.770626101870912e-7
gene-SYNPCC7002_RS03755	1452.5607500822932	0.3317900472551166	0.07914862678801485	4.1919874130445205	2.765213417095581e-5	8.056701918216378e-5
gene-SYNPCC7002_RS03760	5025.160978819102	0.11042412392407705	0.0504072724930613	2.1906387404570884	0.028477945363804907	0.04833933358292422
gene-SYNPCC7002_RS03765	961.5396592864435	0.05594661219768452	0.06719267053095855	0.8326296864761092	0.40505361104414617	0.4865152278107239
gene-SYNPCC7002_RS03770	16299.904710318006	0.23627957826751192	0.05379436465746183	4.392273796187265	1.1217131242457741e-5	3.467989859774184e-5
gene-SYNPCC7002_RS16385	1601.389278002029	-0.3571790009507413	0.0672075386611445	-5.314567503381008	1.0691094529364044e-7	4.149529135677627e-7
gene-SYNPCC7002_RS17200	2113.2273039706292	-0.2936633604509251	0.08032734366544146	-3.655833083115698	2.5634812032591573e-4	6.492948869287865e-4
gene-SYNPCC7002_RS03775	902.1979810454424	0.2724724377473694	0.061937999578062036	4.399115883682447	1.0869277797650127e-5	3.376569311995534e-5
gene-SYNPCC7002_RS03780	518.2922472517259	0.4131038917737517	0.1072377165678706	3.85222573731602	1.1704904265183094e-4	3.1184177042302614e-4
gene-SYNPCC7002_RS03785	2329.6251641660647	-0.005208490197829271	0.06254364625826354	-0.08327768701430806	0.9336307418391019	0.9505421458805678
gene-SYNPCC7002_RS03790	236.9325495190879	0.17085769661958633	0.12869042626929353	1.3276643925481675	0.1842890016764913	0.25223826571957814
gene-SYNPCC7002_RS16630	15.81652053389594	-0.13858627716705593	0.30260776782743615	-0.4579732971233097	0.6469716257947113	0.7116028381574858
gene-SYNPCC7002_RS03795	2516.926747245943	-0.27090841481076045	0.1227218019715383	-2.2075003011574883	0.027279125980168607	0.046597641581955555
gene-SYNPCC7002_RS03805	447.34767094568036	0.5630608354582273	0.0843425752484782	6.67587910138405	2.457545058685604e-11	1.3715643715457413e-10
gene-SYNPCC7002_RS17205	223.49950090410093	0.46925334093902227	0.10801301365105402	4.344414854074791	1.3964739368907298e-5	4.2645152204861246e-5
gene-SYNPCC7002_RS03810	589.5967106101269	0.7237772996779657	0.07306257292270381	9.906266241727927	3.9098543819217224e-23	4.349209152673751e-22
gene-SYNPCC7002_RS03815	508.202268751625	1.1917822347469462	0.07140649338929075	16.690110075138975	1.5468532221977056e-62	5.6260268317460375e-61
gene-SYNPCC7002_RS03820	3599.0507376941405	0.775717461697056	0.05319793614699358	14.581720981686896	3.6714325830744476e-48	8.803279460305175e-47
gene-SYNPCC7002_RS03825	247.40716960203497	-0.2428588181173929	0.129333792844407	-1.8777676953273954	0.060412951360198155	0.09460896156408391
gene-SYNPCC7002_RS03830	712.7863198370314	0.03131018150812776	0.068522987626248	0.45692960264526283	0.6477216457228505	0.7120117870982577
gene-SYNPCC7002_RS03835	1915.3244315320298	-0.22873170612831628	0.07318460717692522	-3.1254073083340175	0.0017755901827023707	0.0038940280632842636
gene-SYNPCC7002_RS03840	1327.5804391148604	-0.37557011466207724	0.0704572358331969	-5.330469045808383	9.795942985511729e-8	3.820417764349574e-7
gene-SYNPCC7002_RS03845	1036.0794904032043	-0.1023038005504199	0.06270858914605372	-1.6314160778222186	0.10280255465457117	0.15139757480293306
gene-SYNPCC7002_RS03850	1316.1874795173026	-0.19878552299142016	0.059041118761795346	-3.3668996651881096	7.601834084149571e-4	0.0017728484820167263
gene-SYNPCC7002_RS03855	774.809383762406	0.34911804312563566	0.07096552362870155	4.9195443825970315	8.674589766686624e-7	3.0755363718252578e-6
gene-SYNPCC7002_RS03860	167.93614208032486	0.004897385791497574	0.13283115215783337	0.036869256284688214	0.9705892530039656	0.9784482752954957
gene-SYNPCC7002_RS03865	808.1912356777207	-0.3444583629751715	0.07542315038543299	-4.567011073057739	4.947278863940048e-6	1.604643455167729e-5
gene-SYNPCC7002_RS03870	1147.3866530374385	0.43613281701876244	0.0599802836968526	7.271269659593958	3.561242194044598e-13	2.273716170043859e-12
gene-SYNPCC7002_RS16635	210.72563217373803	0.21528790696893535	0.11623978850805974	1.8521016747549217	0.06401122407631143	0.09980940863921971
gene-SYNPCC7002_RS16640	341.7861249345353	-0.01318388440344482	0.08737479971849521	-0.15088886550722588	0.8800633839593037	0.9098579284178429
gene-SYNPCC7002_RS16390	4346.577343714201	-0.23198720368145673	0.08403200957256705	-2.7607004147761196	0.005767755749123022	0.011370417393368588
gene-SYNPCC7002_RS03880	447.2121105820732	0.09358841317857519	0.0826073762155086	1.1329304653669054	0.2572434550593546	0.3342822416809036
gene-SYNPCC7002_RS03885	3225.0185097331446	-0.22791817540538004	0.06220371775190497	-3.6640603430556227	2.482482590360546e-4	6.322420255701879e-4
gene-SYNPCC7002_RS03890	324.2726124092383	0.02202370296648003	0.09068771624604906	0.24285210696812012	0.8081199680674337	0.849313096309832
gene-SYNPCC7002_RS03895	199.9061875973289	0.38501216623046014	0.1492961182018045	2.578849141342287	0.009913006756407425	0.018548209751728807
gene-SYNPCC7002_RS03900	521.4406698640643	-0.00723516923262255	0.08745755580956528	-0.08272777767053988	0.9340679971863888	0.9505421458805678
gene-SYNPCC7002_RS03905	23366.983699660716	-0.3926281272494975	0.2293616914960941	-1.7118295766326077	0.08692807977828794	0.13106017430941688
gene-SYNPCC7002_RS03910	792.4147702638921	0.10130180936440153	0.07033722591412755	1.4402303765587463	0.14980223175922522	0.2101906476829701
gene-SYNPCC7002_RS03915	2.72594600834909	0.07068890813387449	0.9636067409231428	0.07335866918713536	0.9415207061505134	0.955692231360681
gene-SYNPCC7002_RS03920	2985.7706669945105	0.15054966679209297	0.06065879041626053	2.4819101363375653	0.013068022685362436	0.023926012122465045
gene-SYNPCC7002_RS03925	1115.5103076346602	0.32960861356040094	0.056609914582947424	5.822453822597513	5.798982524885887e-9	2.5230250582064e-8
gene-SYNPCC7002_RS03930	1037.7198443287932	0.3495597001855328	0.05754985488738595	6.0740326951224155	1.2473731399283018e-9	5.809707703522177e-9
gene-SYNPCC7002_RS03935	7480.1236029713755	-0.0632715873093268	0.05221280883507657	-1.2118020217832246	0.22558817421689614	0.2985400326819676
gene-SYNPCC7002_RS03940	295.38582300591054	-0.010681778648873286	0.09140790345044383	-0.116858370509114	0.9069722875806914	0.9305449429155938
gene-SYNPCC7002_RS03945	2068.907342465584	0.2538775760501696	0.08319319209811173	3.0516628782649144	0.0022757754030196006	0.004891557091350894
gene-SYNPCC7002_RS03950	152.73276565066607	-0.029721224467054025	0.1335391443409358	-0.2225656350708181	0.8238735848215528	0.8624094646017522
gene-SYNPCC7002_RS03955	4246.512904465233	0.7250358946974695	0.04955735656727915	14.630237464606482	1.8015725811834625e-48	4.352007794993185e-47
gene-SYNPCC7002_RS03960	20177.609699766224	-0.06119563588847596	0.05148068349399406	-1.1887106334867383	0.2345535547886557	0.3088892826895356
gene-SYNPCC7002_RS03965	1984.12513290527	0.9104826065800864	0.19775734076480733	4.604039491322462	4.143738341033606e-6	1.3603733275786797e-5
gene-SYNPCC7002_RS03970	1559.4748446250933	0.5533689891594842	0.2618441288787771	2.1133526710299884	0.03457059368125197	0.05756430645381307
gene-SYNPCC7002_RS03975	416.11228415472976	0.409276262328345	0.2285453888042817	1.7907876613464948	0.07332737602362674	0.11302891247070464
gene-SYNPCC7002_RS03980	794.3983417675072	0.5723651239386804	0.1072023933911963	5.339107699303328	9.340514815437798e-8	3.660441459754498e-7
gene-SYNPCC7002_RS03985	463.7386895140363	0.5631925574311948	0.11002564662723469	5.118738900388226	3.075854379619938e-7	1.1391922913992836e-6
gene-SYNPCC7002_RS03990	730.3930629011563	0.073233568200189475	0.09095485634898787	0.8051639147138778	0.4207250969131813	0.5023560083762331
gene-SYNPCC7002_RS03995	1637.1761899564594	0.07142859390582702	0.05132318951102636	1.3917411327384708	0.16400080174295487	0.22715900523831617
gene-SYNPCC7002_RS04000	1767.105840488527	0.08088391036542802	0.08250039362469282	0.9804063570094171	0.3268855730622123	0.40838618294186846
gene-SYNPCC7002_RS04005	7488.05827757522	-0.10364060977501016	0.058312661903442205	-1.7773259939089188	0.07551461923788508	0.11612390616296152
gene-SYNPCC7002_RS04010	1468.1345417271432	-0.005792421836437219	0.12272170756367318	-0.0471996515647557	0.962354105225234	0.9725695406225671
gene-SYNPCC7002_RS16075	167.47455612120706	0.034503220599675935	0.12715587834717831	0.2713458555606099	0.7861250412527733	0.8318688324731047
gene-SYNPCC7002_RS04020	217.12853636781978	0.12203014805599262	0.10531437450282921	1.1587226210294241	0.2465692670858303	0.3220922992561875
gene-SYNPCC7002_RS16395	11.989476036211341	-0.068363557897396	0.3809316472315948	-0.17946410699721424	0.8575732982200546	0.8900175589414288
gene-SYNPCC7002_RS04025	3042.8524759692355	0.2638383801272401	0.06515226415758657	4.049565790823215	5.1312751087278275e-5	1.436845806829756e-4
gene-SYNPCC7002_RS04030	2361.821519453574	0.17416349814027515	0.05533351761943083	3.147522616185821	0.001646603674484541	0.003633303404435214
gene-SYNPCC7002_RS04035	26331.580470178098	-0.3569188119609266	0.09056165580192006	-3.941169237691426	8.108538957597292e-5	2.2281273858864545e-4
gene-SYNPCC7002_RS04040	623.4095955484232	0.5130288790982499	0.07096585892760436	7.229235111796716	4.857219037771521e-13	3.0589140126977457e-12
gene-SYNPCC7002_RS04045	1457.2852353259002	0.055350221403510584	0.0667945388942056	0.8286638746197288	0.4072946330109567	0.48884417021003584
gene-SYNPCC7002_RS04050	90640.22808789846	-0.7426482839530151	0.0816471806371834	-9.095822760287714	9.387299106172899e-20	8.93726094314167e-19
gene-SYNPCC7002_RS04055	2279.1057933688953	-0.5514135119992698	0.0758461518310388	-7.270158059272993	3.590671124548216e-13	2.287992604362712e-12
gene-SYNPCC7002_RS04060	559.6064344948659	-0.2707396092257341	0.09816464634735551	-2.758015429177244	0.005815345299473511	0.011450287551335616
gene-SYNPCC7002_RS04065	6489.306507785908	2.5437474379634496e-4	0.10107080501213422	0.002516797444779485	0.9979918882961293	0.9992266447307673
gene-SYNPCC7002_RS04070	491.97751313024577	-0.10746511758661047	0.09435236161092887	-1.1389764469251265	0.25471297809486887	0.33112687152332954
gene-SYNPCC7002_RS04075	1483.3590302693963	-0.08415783820416785	0.06532467853414188	-1.288300839631118	0.19764126097135057	0.2673484169512168
gene-SYNPCC7002_RS04080	445.93456143569045	0.11367048224224653	0.08630550312924587	1.3170710802997179	0.18781479975094062	0.25641354145668277
gene-SYNPCC7002_RS04085	2145.113510109293	0.07429274788653537	0.0544778917768184	1.3637228876420773	0.17265479779548432	0.23802537498466045
gene-SYNPCC7002_RS04090	574.232535653298	-0.23821009693566322	0.07547500772711307	-3.156145379897595	0.001598691555531244	0.0035348118615127298
gene-SYNPCC7002_RS04095	359.4686944649378	-0.17229270986359818	0.07624426442711735	-2.259746502352246	0.023836988388197065	0.04126220931154754
gene-SYNPCC7002_RS04100	3832.3548857029195	0.16757309394941375	0.05057492010231612	3.3133634934153773	9.218109244681815e-4	0.002107275397248237
gene-SYNPCC7002_RS04105	579.31039975666	-0.18161145590052763	0.08438169150650376	-2.1522613810903497	0.03137677364129562	0.05278930159920682
gene-SYNPCC7002_RS04110	12883.992431270171	-0.5704976639333932	0.07465682153575294	-7.641601292390723	2.145366491245874e-14	1.4558807824240867e-13
gene-SYNPCC7002_RS04115	820.3270933455511	0.1690794478823806	0.12843689117245552	1.3164398977498861	0.1880264385987103	0.25659425874537317
gene-SYNPCC7002_RS04120	435.5942609620044	0.1511793462568173	0.10975428382325417	1.3774345837860245	0.16837792667575185	0.23262456195023848
gene-SYNPCC7002_RS04125	10155.26911541916	0.2713960210748602	0.05166922469901986	5.252566158206908	1.4999455981271988e-7	5.705433491348699e-7
gene-SYNPCC7002_RS04130	373.23704157878495	-0.056568078776017584	0.08653279272822159	-0.653718399609315	0.5132932468318654	0.5904209693443937
gene-SYNPCC7002_RS04135	592.3249145137663	0.1610695662521569	0.10341603693371575	1.5574911882902074	0.11935391106077683	0.17295129029424916
gene-SYNPCC7002_RS04140	470.8554674171289	0.009128340440299029	0.11778609785828593	0.07749930260260231	0.9382263460492689	0.953544327209257
gene-SYNPCC7002_RS04150	15314.56252627407	0.3915931404506585	0.04894204004528087	8.001160966897967	1.2325153876216595e-15	9.088046263624856e-15
gene-SYNPCC7002_RS04160	540.1967971197049	0.10210892681510166	0.13356656623537033	0.7644796874927953	0.44458143689894547	0.5246482359613148
gene-SYNPCC7002_RS04165	342.7318539151484	-0.042784415607462004	0.09022323312205038	-0.47420618976915796	0.6353528798598604	0.702163629944134
gene-SYNPCC7002_RS04170	869.2244665063754	-0.23171691862978058	0.08263556652301896	-2.8040821692101976	0.005046004341162359	0.010107621319518909
gene-SYNPCC7002_RS04175	358.66747909463766	0.2332448228896267	0.09435209618211265	2.472068266924688	0.01343338612166427	0.02449795542300126
gene-SYNPCC7002_RS04180	578.8310950247989	-0.11628839988037627	0.0804325432662239	-1.4457879256095754	0.14823669377002419	0.2081744805785546
gene-SYNPCC7002_RS04185	4282.157824827309	-0.2945833956314073	0.06122062480117002	-4.811832557869899	1.4955262781700528e-6	5.139085522756328e-6
gene-SYNPCC7002_RS16645	86.36424264774205	-0.06301647120943937	0.15142014641228557	-0.41616966237675285	0.6772858575255811	0.7370265482972246
gene-SYNPCC7002_RS04190	3461.1738652382523	0.09614830733302746	0.06903364900192104	1.3927745197179406	0.16368798586195715	0.22682277835409045
gene-SYNPCC7002_RS04195	1099.6776431799149	-0.048971303834369505	0.08194305590117214	-0.597626037933362	0.5500894864530574	0.6250051483497883
gene-SYNPCC7002_RS04200	60463.34798957479	-0.3715754345145733	0.07661545090766984	-4.849875972959595	1.235386964102952e-6	4.294141653874114e-6
gene-SYNPCC7002_RS04205	65951.01404377908	-0.42139793882554505	0.07136509649474473	-5.904818455007294	3.5303529827531383e-9	1.5633040499551175e-8
gene-SYNPCC7002_RS04210	2941.6767039221413	0.5716605802681232	0.06452830751918932	8.8590666987217	8.068708637777503e-19	7.136177557509773e-18
gene-SYNPCC7002_RS04215	2065.981289234568	0.4708911468117178	0.053643373398273055	8.778179241555252	1.6614234475388084e-18	1.430326515873171e-17
gene-SYNPCC7002_RS04220	378.0504735522104	0.06431417382448225	0.09641128608140419	0.6670813805987302	0.5047201526485507	0.5824524542329265
gene-SYNPCC7002_RS04225	3544.1273478548883	-0.3292605852791848	0.10168476085092125	-3.2380524133985977	0.0012034869722034145	0.002705338422932259
gene-SYNPCC7002_RS04230	11423.770479927092	-0.12168494704474818	0.044091659237741096	-2.7598178237889863	0.0057833601899861505	0.01139424037430625
gene-SYNPCC7002_RS04235	275.2210133008771	0.32429960486083215	0.10307203046411482	3.14633953945187	0.001653279516146739	0.003645548905835827
gene-SYNPCC7002_RS04240	268.5139737764165	0.26508966317102867	0.08374804081092066	3.1653237568807846	0.0015491047705398814	0.003434556261806573
gene-SYNPCC7002_RS04245	1243.833498228775	0.44441675175972734	0.08179749607209762	5.433133935640417	5.5372813114820715e-8	2.2046961384092824e-7
gene-SYNPCC7002_RS04250	1757.6831481362901	0.7208025364440637	0.07518744648101394	9.586740475699997	9.091171331225213e-22	9.648564458746234e-21
gene-SYNPCC7002_RS04255	1111.8669377857059	0.2389298703358502	0.08013693163722263	2.981520073884014	0.002868212421927993	0.006024921226334143
gene-SYNPCC7002_RS04260	32406.328414906675	-0.24296964714275876	0.06255191097743433	-3.884288159164479	1.0263013036043553e-4	2.768447766472748e-4
gene-SYNPCC7002_RS17210	1315.307017637457	-0.1498661877464555	0.0679672579603238	-2.204976223021099	0.027455763058021613	0.046849923573440144
gene-SYNPCC7002_RS04265	21209.555398920733	0.004740580226294319	0.0755614935369834	0.06273804294212439	0.9499751031616104	0.9618609349184025
gene-SYNPCC7002_RS04270	91.48543113826139	0.23226264615579817	0.3444116865700684	0.6743750436254311	0.5000729049418446	0.5783265427998396
gene-SYNPCC7002_RS04275	1123.9584643869666	-0.317587361152398	0.08215938087460996	-3.8655033396258625	1.1086033196268418e-4	2.967628350739845e-4
gene-SYNPCC7002_RS04280	986.7500591024103	0.5439758498612813	0.0597662672688066	9.101720330210332	8.891213946483428e-20	8.48992906925276e-19
gene-SYNPCC7002_RS16945	931.9284419950977	1.0290686763505643	0.07711719622799891	13.344217978414271	1.280068221064483e-40	2.4811861266980425e-39
gene-SYNPCC7002_RS04290	885.3538815887625	-0.46946830378569837	0.1068042582020254	-4.3955953787692295	1.1046954358138497e-5	3.418641611596015e-5
gene-SYNPCC7002_RS04295	1102.3860533475672	-0.3942861058491102	0.1801710978806721	-2.1883981975302564	0.028640609469183	0.04858996480699442
gene-SYNPCC7002_RS04300	794.0951685690007	-0.4120366703626329	0.14158527500061338	-2.9101661197525512	0.003612366984198569	0.007428991059625647
gene-SYNPCC7002_RS04305	864.4385873795544	-0.1705120352747469	0.22879939962490653	-0.7452468649580555	0.45612249631564405	0.5361178360834203
gene-SYNPCC7002_RS04310	624.3863683796968	-0.14832725180886808	0.14957473062191648	-0.9916598291177827	0.3213634931580592	0.40226358366304626
gene-SYNPCC7002_RS04315	361.22679375451156	-0.24730280983750877	0.13973540094035386	-1.7697935395989606	0.07676154049974834	0.11798533076813171
gene-SYNPCC7002_RS04320	231.62496978663341	-0.0763558640386638	0.12096067702790318	-0.6312453428236852	0.5278801185740838	0.6033714490905047
gene-SYNPCC7002_RS04325	1117.6744057708615	-0.17524608308650785	0.05747287828215738	-3.049196217843043	0.0022945456122550867	0.0049286291618246296
gene-SYNPCC7002_RS04330	1481.549019785281	0.14832676811494455	0.07224265529339516	2.053174367865538	0.04005566941395761	0.06585078816301716
gene-SYNPCC7002_RS04335	1218.879050691184	0.2770339380361272	0.1075755673591438	2.5752496113847325	0.010016776920949788	0.018720731462537218
gene-SYNPCC7002_RS04340	977.6139059564657	0.3425125005321818	0.0525543375542687	6.51730221465538	7.158311327281963e-11	3.7800087710296434e-10
gene-SYNPCC7002_RS04345	1489.5323536377887	0.12831812395282477	0.04490105721378891	2.8577973864147426	0.0042659268679152785	0.008668427665688485
gene-SYNPCC7002_RS04350	1291.534325088833	-0.32109081276119966	0.1034874089577121	-3.10270414531691	0.0019176123881470347	0.004171580175021472
gene-SYNPCC7002_RS04355	1632.9897720496206	0.30642992345336273	0.0704904629414873	4.347111803021127	1.3794191453484692e-5	4.21641149527195e-5
gene-SYNPCC7002_RS04360	486.3990775759638	-0.5059421498079306	0.11197573159885886	-4.518319662517719	6.233233038343768e-6	1.993772267304227e-5
gene-SYNPCC7002_RS04365	1281.6336206788153	-0.091190906432908	0.08686353070957026	-1.0498180961329606	0.2938017536394494	0.3748664866105233
gene-SYNPCC7002_RS04370	202.54891629371807	0.23844877027699754	0.09812917294068924	2.4299478241920944	0.015100996554776917	0.027308338462465297
gene-SYNPCC7002_RS04375	783.6005678520665	0.2952105287719404	0.08248791111879046	3.5788338529606967	3.4513078418356067e-4	8.515155094528856e-4
gene-SYNPCC7002_RS04380	154.87726407703394	0.15489938823748536	0.10103913129320605	1.533063341449185	0.12526024890907428	0.18036807193891166
gene-SYNPCC7002_RS04385	642.4176801115035	-0.07388010280871221	0.08215447215442204	-0.8992827885235892	0.368502052662136	0.45012873376125817
gene-SYNPCC7002_RS04390	1261.834792210585	-0.09885126015184599	0.062475292585458066	-1.5822456536178737	0.1135935019507436	0.16548252286883755
gene-SYNPCC7002_RS04395	505.74407438219464	-0.23889284287787055	0.09560862192961778	-2.4986537621442904	0.012466604668591662	0.022889619575854343
gene-SYNPCC7002_RS04400	1473.738170715293	-0.1653468647337312	0.06338046680237248	-2.6087984686086574	0.009086073591380864	0.017079918824215945
gene-SYNPCC7002_RS04405	14618.2994186554	-0.2594274149514502	0.058825551053528734	-4.4101144877569	1.0331598197161214e-5	3.221905911773685e-5
gene-SYNPCC7002_RS04410	7202.241740709494	-0.4635053940982402	0.05981585700562387	-7.748871575218952	9.271272427679923e-15	6.538367940827867e-14
gene-SYNPCC7002_RS04415	1375.616038933019	0.3376434370146931	0.07838167817815468	4.307683183910138	1.6497345350229633e-5	4.997976489605016e-5
gene-SYNPCC7002_RS04420	1110.4706061073625	-0.5881250837107055	0.0716327309981849	-8.210284258541085	2.2066545893562323e-16	1.696660547683165e-15
gene-SYNPCC7002_RS04425	545.0474061153774	-0.716399912148819	0.1035821216755183	-6.916250609280005	4.637537066100983e-12	2.79547625381171e-11
gene-SYNPCC7002_RS04430	427.4824022137851	-0.7487425581638033	0.10305372766579017	-7.265555309091034	3.7150887929961334e-13	2.3626213011647315e-12
gene-SYNPCC7002_RS04435	1128.9030476347457	-0.5621942725685728	0.05285880169260817	-10.635774072933451	2.0313486366198007e-26	2.5685451315383964e-25
gene-SYNPCC7002_RS04440	1760.8514679290797	0.09536550802078515	0.06642176593903983	1.4357568889136303	0.15107153107970273	0.21169634030519383
gene-SYNPCC7002_RS04445	509.59843205137685	0.338568679108145	0.06918873050861069	4.89340788043523	9.91047132639146e-7	3.471882649732593e-6
gene-SYNPCC7002_RS04450	825.1877629610203	0.2787846152262513	0.07157160580130939	3.8951845792057247	9.812397817026371e-5	2.653528131471542e-4
gene-SYNPCC7002_RS04455	245.02492116421553	-0.1079794853861907	0.09435637934492719	-1.1443792792373177	0.252466377643346	0.3286021971980342
gene-SYNPCC7002_RS04460	311.6087027943555	-0.3677552114872848	0.10638234925647308	-3.4569194425353214	5.463881589394486e-4	0.0013023994628033838
gene-SYNPCC7002_RS04465	4754.617638136741	1.2919230520601797	0.0663671435448619	19.466304907139545	2.120254862103851e-84	1.2478663615691209e-82
gene-SYNPCC7002_RS04470	2209.3368620473884	0.7468563475199308	0.06356319229983927	11.749824395176253	7.07657519362974e-32	1.0704146683074518e-30
gene-SYNPCC7002_RS04475	384.39374970167586	0.7084386394384844	0.10690099453972804	6.627053775212583	3.424529061390576e-11	1.8693424235617697e-10
gene-SYNPCC7002_RS04480	534.8105742666295	-0.02895365641569271	0.07638784920350092	-0.3790348428132696	0.7046619901059126	0.7598460688635905
gene-SYNPCC7002_RS04485	626.8543220476053	-0.1421189937911949	0.09566005582097464	-1.4856670589568437	0.1373672078644701	0.1952822362131268
gene-SYNPCC7002_RS04490	1820.5439389481671	-0.34631815920266495	0.07957831094297758	-4.351916434250807	1.3495270192310305e-5	4.1356758957681724e-5
gene-SYNPCC7002_RS04495	4257.261064895003	-0.3243048991887543	0.06280077561629238	-5.16402697269586	2.4169284616703505e-7	9.034177171393677e-7
gene-SYNPCC7002_RS04500	2036.1935655898737	-0.17774561260672034	0.09646861150786944	-1.8425227628804497	0.06539872003845187	0.10187471451610622
gene-SYNPCC7002_RS04505	8369.125561704192	1.3994711492730414	0.04935940061415775	28.352677136675588	7.757484437757908e-177	1.1957608154772547e-174
gene-SYNPCC7002_RS04510	557.4236597233484	-0.03870096969674114	0.08779061655795498	-0.44083264492387625	0.6593341583037453	0.7222553876241028
gene-SYNPCC7002_RS04515	3564.231901390306	0.07450489757496076	0.04181729619869664	1.7816765871458453	0.07480198704724152	0.11513743797999086
gene-SYNPCC7002_RS04520	1336.9277960802501	0.47397673013026975	0.07964770872732924	5.95091481856572	2.6664784283394675e-9	1.1988042600742856e-8
gene-SYNPCC7002_RS04525	976.1617073053528	-0.16128347388638892	0.054625871813371474	-2.952510752366784	0.00315201092510162	0.006561452967558807
gene-SYNPCC7002_RS04530	1110.2017260903135	0.6038604711049972	0.07501814825481823	8.049525150285387	8.311587813634166e-16	6.180942412742948e-15
gene-SYNPCC7002_RS04535	1413.4155057212797	-0.20545959361763727	0.06548230827952967	-3.137635172244924	0.0017031672191640534	0.003747894145774331
gene-SYNPCC7002_RS04540	152.42954710240627	-0.4774872084829664	0.13309909301143336	-3.5874565158903806	3.339193983154102e-4	8.263739238126779e-4
gene-SYNPCC7002_RS04545	951.819489815749	0.4246465174471467	0.06209142905205338	6.839052087062627	7.971889890493924e-12	4.6579436056911254e-11
gene-SYNPCC7002_RS16080	5813.378648343789	-0.21826803597306554	0.06800351055129905	-3.209658357393375	0.0013289282184067365	0.0029687651090287135
gene-SYNPCC7002_RS04555	1019.1182858712751	0.11705106133488552	0.07304915383523708	1.6023602627745022	0.10907596668211593	0.15947556646341882
gene-SYNPCC7002_RS04560	25576.181073476415	-0.27965810927855433	0.049359074612466365	-5.665789147674226	1.463494027188987e-8	6.13643803887403e-8
gene-SYNPCC7002_RS04565	2740.470909655375	0.12510123909876608	0.08104022544503407	1.5436931278481771	0.1226626919222124	0.17725854185366138
gene-SYNPCC7002_RS04570	4212.157355894729	0.22080302525287	0.061005788532509805	3.6193782682639157	2.9531169158405736e-4	7.41026314463251e-4
gene-SYNPCC7002_RS04575	514.9734381345994	-0.15098821899162793	0.06792076582818253	-2.223005249581241	0.02621544599232497	0.04506606408770893
gene-SYNPCC7002_RS04580	714.8806163430137	0.14561448593615955	0.060034726217057376	2.425504289129028	0.015287135105817615	0.027629512192926645
gene-SYNPCC7002_RS04585	465.8306546109126	-0.10293488300057063	0.07342784191886649	-1.4018508553514035	0.16095978848419984	0.2235991779725042
gene-SYNPCC7002_RS04590	848.3761572539007	-0.07214389885943331	0.09878436276322476	-0.7303169939189089	0.4651964429614879	0.5447920206930895
gene-SYNPCC7002_RS04595	774.2327067115664	-0.6002806001804614	0.07358371540208088	-8.157791393114216	3.41206152805276e-16	2.592686189273893e-15
gene-SYNPCC7002_RS04600	790.3214415189251	0.09930336451336379	0.06742695298253737	1.4727547385847608	0.14081718078673774	0.19931141854248802
gene-SYNPCC7002_RS04605	8426.694805054698	-0.9104767789731911	0.07689629872882664	-11.840319937686084	2.415298259259146e-32	3.758807915972046e-31
gene-SYNPCC7002_RS04610	3655.5600606638536	-0.5760913604688876	0.05421602236261182	-10.625850723902772	2.2594260176535853e-26	2.845821797332551e-25
gene-SYNPCC7002_RS04615	9527.080516227663	-0.5433422746806812	0.03912814570082914	-13.886226013239558	7.677534505698809e-44	1.603366399674003e-42
gene-SYNPCC7002_RS04620	9751.728414382342	-0.682446367727794	0.04555759879420542	-14.979858152984919	9.942901959067283e-51	2.5748138913200636e-49
gene-SYNPCC7002_RS04625	21032.74540241172	-0.7062048342482415	0.04896276700553525	-14.423303204420717	3.692392641273619e-47	8.598758978275327e-46
gene-SYNPCC7002_RS04630	2478.5635912365065	-0.0414479720022116	0.06427361877363091	-0.6448675645320311	0.5190130127701069	0.5951275672464882
gene-SYNPCC7002_RS04635	1066.2400684599409	-0.4530227677789768	0.06211706528675044	-7.293048467239911	3.0301901892631477e-13	1.9423219094346157e-12
gene-SYNPCC7002_RS04640	2555.119349859105	-0.44015102308720133	0.06125384943110867	-7.185687547396232	6.686981221160117e-13	4.15465608692808e-12
gene-SYNPCC7002_RS04645	2423.3572549127593	0.5845830747541444	0.0636801810329201	9.179984498661183	4.3115349099774473e-20	4.16610104584985e-19
gene-SYNPCC7002_RS04650	1474.0293350427855	0.477659542279935	0.060727320576961785	7.865644947640674	3.6720065278908196e-15	2.6531886452639694e-14
gene-SYNPCC7002_RS04655	3530.5589564275297	0.07027906063848849	0.05020676789203299	1.399792569591811	0.16157544354592918	0.22418333080075986
gene-SYNPCC7002_RS04660	71.33546760181274	0.17527121046376518	0.17496393665586474	1.001756212244497	0.31646135026992644	0.39828358896724414
gene-SYNPCC7002_RS04665	23.30561225513804	0.3686326148989705	0.3002547083453362	1.227733003523761	0.21954721286235918	0.2918580402609678
gene-SYNPCC7002_RS04670	86.72227402351393	0.0571388050719181	0.18110635066341027	0.31549862753356284	0.7523830929627487	0.8021950171015868
gene-SYNPCC7002_RS04675	644.7996865183826	-0.12834916138936794	0.10143335028714082	-1.2653546493932515	0.2057442243970824	0.27646079467553164
gene-SYNPCC7002_RS04680	4674.881232868641	0.23486950856827057	0.06046401666036349	3.8844509766456956	1.0256138355300127e-4	2.768447766472748e-4
gene-SYNPCC7002_RS04685	962.2055897339806	0.40438754639486385	0.05945103217358862	6.8020273426726945	1.0315701287186014e-11	5.962843761896629e-11
gene-SYNPCC7002_RS04690	1720.7452597094202	0.19337051850134498	0.05756335709946143	3.3592640916899232	7.815034417349014e-4	0.0018121251009282776
gene-SYNPCC7002_RS04695	636.5226878609628	0.06403677059592695	0.08109924173469182	0.7896099794054418	0.4297555783911007	0.5106781136505912
gene-SYNPCC7002_RS04700	804.5672976702208	0.0367980345372308	0.12235197416397606	0.30075554390249637	0.7636009105092465	0.8113405692590951
gene-SYNPCC7002_RS04705	4199.486025108168	-0.23023125951384438	0.05686534889429247	-4.048709169828949	5.150089417974852e-5	1.440867713568245e-4
gene-SYNPCC7002_RS04710	1684.0059804475138	-0.07227801772029319	0.07319196058454522	-0.9875130703296803	0.3233911786198189	0.4044888891778802
gene-SYNPCC7002_RS04715	1751.5441725316923	0.23631664602657926	0.05682154044851521	4.158927128008801	3.197458782833361e-5	9.257758568901243e-5
gene-SYNPCC7002_RS04720	524.7360742754965	-0.07743427153312792	0.07710695059987122	-1.0042450250037154	0.3152605246681988	0.3975451181733383
gene-SYNPCC7002_RS04725	499.907970532577	0.9057895321487932	0.06962938306012284	13.008725517023061	1.0914724939527754e-38	1.996099696567872e-37
gene-SYNPCC7002_RS04730	3984.068612303688	0.6683896076447696	0.08156579565837704	8.194484002144643	2.5167043875039307e-16	1.925903570295561e-15
gene-SYNPCC7002_RS16085	1170.7188569249754	-0.24146506314914146	0.07535886642764332	-3.2042024329146046	0.0013543721238006036	0.003021435261710926
gene-SYNPCC7002_RS04745	105.64034775265613	0.24438843277706418	0.24461637877226253	0.9990681490898425	0.31776167925697246	0.3997646932587718
gene-SYNPCC7002_RS04750	1239.992260941913	-0.28250567126466897	0.06797067993061505	-4.15628726317072	3.2346107886821064e-5	9.354850369216807e-5
gene-SYNPCC7002_RS04755	914.3395066962944	-0.03934773213923939	0.07484993714764444	-0.5256882455575672	0.5991048321277324	0.6717361765145374
gene-SYNPCC7002_RS04760	8562.901607726719	0.06971231924982328	0.05898196894031032	1.1819259428313094	0.2372350871340866	0.3114071277587341
gene-SYNPCC7002_RS04765	7182.280434809356	0.05516785899199204	0.07833181716093675	0.7042841720197405	0.4812558212805009	0.5597646760635937
gene-SYNPCC7002_RS04770	578.1207092010309	0.8345290592583531	0.07744098956552815	10.776322254407669	4.453369485569054e-27	5.675416151490956e-26
gene-SYNPCC7002_RS04775	28124.784564007816	-0.14135303442349617	0.05324311417833444	-2.6548603815705283	0.007934123974604308	0.015107505473996556
gene-SYNPCC7002_RS04780	6038.100521420425	0.3271863777839523	0.07517784948813627	4.352164633754058	1.3479997469125403e-5	4.1356758957681724e-5
gene-SYNPCC7002_RS04785	5492.808339460185	0.0514012499208972	0.16508564786369248	0.31136110610498413	0.755526118186723	0.8050158145393096
gene-SYNPCC7002_RS04790	306.49025939917505	0.2451195109076466	0.09735347535348342	2.5178301033181962	0.01180802632337789	0.021729722119826166
gene-SYNPCC7002_RS04795	851.842202495155	0.4349279960288545	0.09179200174316422	4.738190558756866	2.1563499201566776e-6	7.3320427432218125e-6
gene-SYNPCC7002_RS04800	936.2688295189355	0.2520054571935574	0.07703540417878908	3.2712940222743003	0.0010705654321621044	0.0024267649187035938
gene-SYNPCC7002_RS04805	1084.4026121316558	0.42678242347235174	0.08059340839613285	5.295500363685204	1.1869095776457834e-7	4.584756924629357e-7
gene-SYNPCC7002_RS04810	1926.7428134576721	0.14825712155280593	0.05556320605027121	2.6682607446854174	0.007624506081344961	0.014638509006710343
gene-SYNPCC7002_RS04815	4592.136938615648	-0.6461939528402073	0.049860065136060755	-12.960150595007034	2.0584302137969345e-38	3.7017436678114875e-37
gene-SYNPCC7002_RS04820	276.48863245535637	0.2410864410674471	0.10531749816778588	2.2891394617384644	0.022071250646201232	0.03836983799234876
gene-SYNPCC7002_RS04825	421.28136071310996	-0.3610634567324841	0.12760138299600934	-2.82962024591674	0.004660328379360502	0.009404914566078521
gene-SYNPCC7002_RS04830	779.5959302604454	0.043858782334739964	0.08799716429521023	0.4984113145692268	0.6181941635020238	0.6876613426996739
gene-SYNPCC7002_RS04835	292.2573251616571	0.24778420108364566	0.1245223176322941	1.9898778451533121	0.0466043934458074	0.07509129994229893
gene-SYNPCC7002_RS04840	607.9804456638882	0.25578047300288487	0.07716675201363542	3.314646092110865	9.175921740363143e-4	0.002100598208879455
gene-SYNPCC7002_RS04845	1929.5671854246434	0.24475345664697196	0.0808041804423959	3.0289702253889335	0.0024538886621504824	0.005239602638114189
gene-SYNPCC7002_RS04850	926.4389922538196	0.1629360757739263	0.07788518979215683	2.0920033219246803	0.03643821853763966	0.06039452811384515
gene-SYNPCC7002_RS04855	1601.2526801799995	-0.3234123824620852	0.05852867143707995	-5.525708588990663	3.281584327262185e-8	1.3344834757974488e-7
gene-SYNPCC7002_RS04860	729.6036012490855	-0.0351502376244099	0.08820637629308248	-0.3984999622659539	0.6902616861044907	0.7477834932798648
gene-SYNPCC7002_RS04865	541.7193143585465	0.09508518223186097	0.06949099288450668	1.3683094496849624	0.17121523413652617	0.23634273471212588
gene-SYNPCC7002_RS04870	1764.4744713305533	0.0019715217136349883	0.07343647803198482	0.02684662672379664	0.978582063857105	0.9849720586770674
gene-SYNPCC7002_RS04875	2192.5041834209	0.12636925364306278	0.06481058379080169	1.9498243381198777	0.05119705966569897	0.08187988247918358
gene-SYNPCC7002_RS04880	1103.4494864230999	0.03389775343901268	0.08786415563184398	0.38579729350665226	0.699646799895782	0.7554411862492922
gene-SYNPCC7002_RS04885	276.5295384063402	0.5949916725175098	0.08797537719518676	6.7631613695435515	1.3501271296131267e-11	7.69429844816495e-11
gene-SYNPCC7002_RS04890	7456.97045072794	0.12243064146574052	0.04198953941876405	2.91574147181594	0.0035484439877328544	0.007306815005274331
gene-SYNPCC7002_RS04895	2874.726926500151	0.4632540768207721	0.058798241188768904	7.878706360170151	3.3078783591982356e-15	2.3954367446811386e-14
gene-SYNPCC7002_RS04900	3239.4315302816894	-0.3554954429318486	0.16392928416154837	-2.1685902232179357	0.030113808091078595	0.05076999832855282
gene-SYNPCC7002_RS04905	1157.6700886270503	-0.25182011237741125	0.08519776663572705	-2.9557126004734067	0.0031194762155731456	0.006506278679001464
gene-SYNPCC7002_RS16950	572.4167359570687	-1.873810507319722	0.1327171199655512	-14.118830395099735	2.90777290629326e-45	6.192408485310054e-44
gene-SYNPCC7002_RS04910	3190.0864081044947	-0.4724694127996541	0.06158318215925034	-7.672052599975706	1.692655076795749e-14	1.160831458387254e-13
gene-SYNPCC7002_RS04915	816.6028998250591	-0.5982966430498514	0.07327762785374856	-8.164792728334003	3.219876046441341e-16	2.4524091205483815e-15
gene-SYNPCC7002_RS04920	2183.2936237539466	-0.46290035194298557	0.0833438539969337	-5.554103029120973	2.7904087127465585e-8	1.1419156767586106e-7
gene-SYNPCC7002_RS04925	4703.707636667692	0.3352737315755545	0.05058295443587232	6.6281959073902135	3.3981429356559027e-11	1.861216359173969e-10
gene-SYNPCC7002_RS16410	3243.870743726806	-0.0074381885427632225	0.07094959698897357	-0.10483764331909042	0.9165046395721437	0.9382152264524978
gene-SYNPCC7002_RS04935	3747.483672351965	0.2367902150684126	0.07323868584048308	3.233130310177214	0.0012244169751638204	0.0027466651064485706
gene-SYNPCC7002_RS04940	5546.28060670097	0.11139742572503585	0.0649038614179914	1.7163451186304364	0.08609889495401714	0.1300523205628341
gene-SYNPCC7002_RS04945	15926.447030980935	0.09745396394030746	0.06108024366331048	1.5955071246522523	0.11059887805899926	0.16148334157734803
gene-SYNPCC7002_RS04950	2903.0925136701435	0.2302792898834245	0.06303997168925181	3.6529091576779162	2.592859797406849e-4	6.562226086165732e-4
gene-SYNPCC7002_RS04955	1984.7108045736468	0.32745637005811207	0.047983163030952694	6.8244015061466134	8.829262549001714e-12	5.140345840129235e-11
gene-SYNPCC7002_RS04960	2139.3615731070445	0.4741029288975351	0.04952801894873327	9.572418581657418	1.0443351845546236e-21	1.10474280797494e-20
gene-SYNPCC7002_RS04965	1967.9504160058975	-0.09285233363231864	0.05655431175439625	-1.6418258971227027	0.10062609047939132	0.14859792649716683
gene-SYNPCC7002_RS16090	2890.3676006883397	-0.15248833240565657	0.06598671205445349	-2.310894537067104	0.020838680887596626	0.036442360903916955
gene-SYNPCC7002_RS04975	203.6343553001888	-0.32375942925083084	0.12186618191054836	-2.656679844852079	0.00789143465034997	0.015061659176404982
gene-SYNPCC7002_RS04980	1487.4586481380652	0.03546859359981943	0.05559762128117043	0.6379516386222046	0.5235051616997208	0.5994291504853189
gene-SYNPCC7002_RS04985	3075.1656473892804	0.13991658233215504	0.05386683504641267	2.5974531863919665	0.009391792127404897	0.017634124777499798
gene-SYNPCC7002_RS04990	2070.780494551749	1.3764364903056923	0.07264069538584883	18.948558834609347	4.5384304766805486e-80	2.448483242169156e-78
gene-SYNPCC7002_RS04995	563.8331032239274	0.08188570290567343	0.08982232957212351	0.9116408280184127	0.3619578224326229	0.44431455108623447
gene-SYNPCC7002_RS05000	112.38077434317215	0.24842536392436854	0.1422784426864327	1.7460506260380775	0.08080215517624993	0.12308544767318637
gene-SYNPCC7002_RS05005	463.30036056476877	0.025713509894694456	0.09348935858072682	0.2750421040967051	0.7832838908504134	0.8299476120074594
gene-SYNPCC7002_RS05010	257.8254583737056	-0.09814172339983344	0.09868192016251492	-0.9945258790891801	0.31996691272712363	0.4016025189987201
gene-SYNPCC7002_RS05015	140.06355444203385	0.0016961789524182326	0.123419035414388	0.013743252381799888	0.9890348162889063	0.9920996902160489
gene-SYNPCC7002_RS05020	676.3959058235532	0.14887992978440284	0.06929847145507616	2.148386921938338	0.031683030848126556	0.05322157283621467
gene-SYNPCC7002_RS05025	944.0524936120195	-0.03766625514794348	0.057311583274940917	-0.6572188900670762	0.5110401810163002	0.5882777617175547
gene-SYNPCC7002_RS05030	68513.06108066432	-1.0606115579058528	0.07422280739845744	-14.289564017864075	2.541958210450937e-46	5.5596748156957315e-45
gene-SYNPCC7002_RS16415	8171.538816377854	-1.01799201969292	0.0738748292582886	-13.779957665062263	3.3646943994205345e-43	6.893364411977387e-42
gene-SYNPCC7002_RS05035	2005.8250134609593	0.03776248096564777	0.06648099850033945	0.568019160624595	0.570021957543694	0.6444851821756681
gene-SYNPCC7002_RS05040	3264.508305855107	0.0327563102597744	0.04756376133890193	0.6886820835379001	0.49102335337169345	0.569278370790069
gene-SYNPCC7002_RS05045	975.6394165682484	-0.010103676284608122	0.08580340205453361	-0.11775379580155321	0.90626274036067	0.9301117598438456
gene-SYNPCC7002_RS05050	5366.625552224357	0.09610553366075808	0.05610463853241137	1.7129694829998485	0.08671815398958524	0.13086557783882863
gene-SYNPCC7002_RS05055	1230.3548841659251	0.026762327856580465	0.06326575399650856	0.42301444566767343	0.672284721499794	0.7329692298736387
gene-SYNPCC7002_RS05060	2449.5889571487132	-0.10334411459281771	0.05493250006915891	-1.881292758616658	0.05993210553400165	0.0939468404908297
gene-SYNPCC7002_RS05070	737.1644842047382	-0.1672830059899351	0.11050060066945566	-1.5138651281212003	0.13006005017538694	0.1866981740211652
gene-SYNPCC7002_RS05075	31652.270328445902	-0.6128361891153148	0.03413107329538699	-17.955374090100563	4.3563669197109403e-72	1.855468384092673e-70
gene-SYNPCC7002_RS05080	1401.285268576911	-0.04605688741585487	0.0850032746695466	-0.5418248602174768	0.5879391636926528	0.6608191225253879
gene-SYNPCC7002_RS05085	1752.6548352244301	-0.2459615631812796	0.061776970186788516	-3.9814442572627233	6.849778626445321e-5	1.8967265537898635e-4
gene-SYNPCC7002_RS05090	652.458054242443	-0.144211013635931	0.08564007712809305	-1.6839197075947585	0.0921971870889297	0.13772140960169146
gene-SYNPCC7002_RS05095	40578.04965858945	0.1193644464528664	0.07223043390359435	1.6525505940083596	0.09842236020952246	0.14560931444160155
gene-SYNPCC7002_RS05100	11535.134546358044	-0.15899315177866763	0.05978773381024402	-2.659293832465444	0.007830463822829077	0.01497177282604709
gene-SYNPCC7002_RS05105	7989.751397361085	-0.49669426503849967	0.07237886785849322	-6.862421031641152	6.770316697036151e-12	3.9918971126240476e-11
gene-SYNPCC7002_RS05110	3833.6209168228993	-0.15809681766071756	0.05436164044042551	-2.9082422160158066	0.0036346669902602357	0.007464356230021916
gene-SYNPCC7002_RS05115	32675.9895568111	-0.12678642501180434	0.10780669715651167	-1.1760533283728958	0.239573566455117	0.3143492641326363
gene-SYNPCC7002_RS05120	43593.66579126097	-0.06896689624967307	0.10586415691538822	-0.651465975446201	0.5147457338708221	0.5915743432633573
gene-SYNPCC7002_RS05125	14583.820983507261	-0.14226274430128996	0.08089931927598075	-1.7585159624887994	0.07865975797648823	0.12038848064770327
gene-SYNPCC7002_RS05130	9307.653374582214	-0.24408451382878832	0.08615990670277568	-2.8329245372885836	0.004612427326726918	0.009325688480084342
gene-SYNPCC7002_RS05135	20414.387619795627	-0.23711627993563283	0.07697409871475448	-3.080468415931996	0.0020667527338130466	0.004474968962777814
gene-SYNPCC7002_RS05140	11134.013893015375	-0.29886520509919545	0.08602664386096018	-3.4741004842898877	5.125690419400018e-4	0.001229026658340582
gene-SYNPCC7002_RS05145	20.161159522615776	-0.5191430972635056	0.40158894860975197	-1.2927225688373911	0.19610702916669256	0.26560604745296396
gene-SYNPCC7002_RS05150	7773.842422799315	-0.3396093126195124	0.08094794817409846	-4.195403593048449	2.7238612776216476e-5	7.950531069126486e-5
gene-SYNPCC7002_RS05155	42446.16239248199	-1.1637185272242652	0.10169661148148912	-11.443041319386397	2.5479420953994926e-30	3.555038173624206e-29
gene-SYNPCC7002_RS05160	704.74333919873	-0.38371498837523116	0.08442224911259703	-4.545187938116366	5.488625891281335e-6	1.7678290557291222e-5
gene-SYNPCC7002_RS05165	2182.638876860838	-0.10314975171207821	0.1034002685683749	-0.9975772127116765	0.3184844153960777	0.40051827996779465
gene-SYNPCC7002_RS05170	6611.733507356556	-0.14009043765062765	0.08059244963408946	-1.7382575946838001	0.08216543474327186	0.12486831561688778
gene-SYNPCC7002_RS05175	10409.15516593833	-0.13604172596295794	0.06791959728828695	-2.0029819285518493	0.04517922822064727	0.07312258087511761
gene-SYNPCC7002_RS05180	13808.368293819563	-0.17297867711133483	0.06120183349422765	-2.8263642972011547	0.004707968752195151	0.009483319757844246
gene-SYNPCC7002_RS05185	21303.93390439532	-0.13245764142409694	0.0901337762738598	-1.469567202217752	0.1416790085486313	0.20009378301567168
gene-SYNPCC7002_RS05190	9870.248723658844	-0.17545354471473976	0.05517617578474835	-3.179878674433942	0.0014733672550023462	0.003273362940592035
gene-SYNPCC7002_RS05195	21158.106593885143	-0.21618025523810858	0.06530222858875322	-3.3104575434863577	9.314358113501216e-4	0.002127775385561287
gene-SYNPCC7002_RS05200	12629.36305707079	-0.29036614504427005	0.06620111755009365	-4.386121500510217	1.1538968274587934e-5	3.557299076651537e-5
gene-SYNPCC7002_RS05205	10774.304634572185	-0.2921724945821073	0.06416870420801814	-4.553192996307991	5.283775799152421e-6	1.70524249868957e-5
gene-SYNPCC7002_RS16420	5388.1692172780295	-0.49418075601102457	0.07278343148520218	-6.789742471973144	1.1233388419205942e-11	6.4592570518545e-11
gene-SYNPCC7002_RS05210	2272.0028998144735	-0.3620769446565529	0.08499759384641675	-4.259849347156749	2.0456473740392332e-5	6.091776034742409e-5
gene-SYNPCC7002_RS05215	8878.658727690421	-0.3467491933045433	0.08271481850584189	-4.192104867884749	2.763781796133524e-5	8.056701918216378e-5
gene-SYNPCC7002_RS05220	27687.99225360122	-0.3509482978910205	0.07926495615516244	-4.427534119920959	9.5316498453565e-6	2.983941058938007e-5
gene-SYNPCC7002_RS05225	14749.850243286193	-0.19048263409206695	0.09893999003530214	-1.92523401330546	0.05420008865943219	0.08612944869444378
gene-SYNPCC7002_RS05230	22205.989366453538	-0.22786616278991625	0.10278704653369716	-2.2168762550757193	0.02663154877800623	0.04568432612316172
gene-SYNPCC7002_RS05235	13653.653603503866	-0.18085674977754793	0.11113103113731808	-1.6274189839386433	0.10364814232285774	0.15250410759049568
gene-SYNPCC7002_RS05240	17499.816768342334	-0.203464186890577	0.10773027557542542	-1.8886444484041554	0.05893948688839429	0.09257016936328594
gene-SYNPCC7002_RS05245	9164.945462195408	-0.13939607965398	0.16928450650311838	-0.8234426323676123	0.4102563277476263	0.49185175293298755
gene-SYNPCC7002_RS05250	17247.5225439757	-0.18396975873474058	0.10743686132413938	-1.7123523199332842	0.0868317602114501	0.13097595890235975
gene-SYNPCC7002_RS05255	11612.199954726999	-0.23290467287622477	0.11779229372583926	-1.9772488123739977	0.04801351255111086	0.07728480364393131
gene-SYNPCC7002_RS05260	14014.817102419827	-0.26196242707462	0.10803431154905502	-2.424807668216324	0.015316498810122214	0.027667135406454022
gene-SYNPCC7002_RS05265	11011.12799674929	-0.27909928405659273	0.10241964543132091	-2.7250561440748893	0.006429055362881014	0.012544214713469464
gene-SYNPCC7002_RS05270	7798.757194523748	-0.3462098806647935	0.12145654143493112	-2.8504836098125788	0.004365280014226362	0.008864749941060688
gene-SYNPCC7002_RS05275	16034.972190814786	-0.3620490284874421	0.1198951831874381	-3.019712876383306	0.002530144184018274	0.005381127939334528
gene-SYNPCC7002_RS05280	25985.636700763804	-0.2530326785236875	0.12387082616709381	-2.0427140623278204	0.04108075194098168	0.06719474180543593
gene-SYNPCC7002_RS05285	17707.355040213683	-0.25527926448561006	0.1270073193841682	-2.0099571089556534	0.04443572857643133	0.07209947538942767
gene-SYNPCC7002_RS05290	6382.064437754441	-0.1996226306364553	0.18125067554490062	-1.1013621330586625	0.27073907917439893	0.34901728366687745
gene-SYNPCC7002_RS05295	31250.04473333834	-0.2057844757787826	0.17099827552485974	-1.2034301231819478	0.22880991680452764	0.30229657094118173
gene-SYNPCC7002_RS05300	11868.7068850733	-0.2235286833355799	0.11851818010704429	-1.8860286509098545	0.05929109388013196	0.09303212355307182
gene-SYNPCC7002_RS05305	28489.2481057965	-0.2619733586149107	0.11758810534344041	-2.2278899540881563	0.025887854253149215	0.04455023084393621
gene-SYNPCC7002_RS05310	32653.50148625858	-0.2703981123034723	0.11953938368308008	-2.2620002209509904	0.023697389645988668	0.04106448088012062
gene-SYNPCC7002_RS05315	18625.245717347556	-0.13245249262697717	0.03801185561626577	-3.4845047809320575	4.930486536876299e-4	0.0011866159791723851
gene-SYNPCC7002_RS17050	55.89913747097509	-0.9485220966656258	0.21996101202201723	-4.312228280576753	1.6161743958114236e-5	4.903052033028658e-5
gene-SYNPCC7002_RS05325	5574.042477498122	-0.3818352872409325	0.06432623768674721	-5.935918234490496	2.922054102311616e-9	1.3046467764389934e-8
gene-SYNPCC7002_RS05330	239.4239646268137	-0.5904198537793974	0.1779278562841621	-3.318310387758842	9.056378662704463e-4	0.0020746990609465214
gene-SYNPCC7002_RS05335	308.27387381330374	-0.33552877869895814	0.12687791359184286	-2.644501073514892	0.008181144717773196	0.015486763421889963
gene-SYNPCC7002_RS05340	1776.7345906706773	0.12301269903184396	0.1011526007773823	1.2161100958992799	0.22394298513552294	0.2967267469847269
gene-SYNPCC7002_RS05345	497.0812955883763	-0.34162705278080974	0.08743220971246728	-3.9073363684195654	9.331919847513371e-5	2.536307686515599e-4
gene-SYNPCC7002_RS16955	32.512599491535205	-0.28665923624022	0.2681437824859998	-1.0690504683068194	0.28504692892452504	0.36565656242123395
gene-SYNPCC7002_RS05350	317.442543076885	-0.25450854276592555	0.10912512179668318	-2.332263539097019	0.019686831379594146	0.03461503160007944
gene-SYNPCC7002_RS05355	17.693115994693105	0.10019850817409776	0.29012809258482597	0.34535955233222476	0.72982408116865	0.7814429944641512
gene-SYNPCC7002_RS05360	966.7028622994209	0.0821211124477414	0.06856265340060166	1.1977528344464679	0.23101325390324243	0.3047228618112452
gene-SYNPCC7002_RS05365	1004.5950141660156	0.23440567063292153	0.0814487318398009	2.87795359532383	0.004002640134184711	0.008159034077050322
gene-SYNPCC7002_RS05370	275.8172194691483	0.18013750214025803	0.11574578436667887	1.5563201988384157	0.11963197064294676	0.17326563264931483
gene-SYNPCC7002_RS05375	545.2504880538977	0.4240427914706992	0.07311164914019358	5.799934708866785	6.6340744744058935e-9	2.870922336049716e-8
gene-SYNPCC7002_RS05380	1559.7403872194968	0.2672424856304309	0.06204014417778933	4.307573574693674	1.6505520134036955e-5	4.997976489605016e-5
gene-SYNPCC7002_RS05385	290.87374767148214	-0.172859781774389	0.09981514807417301	-1.7317990816978626	0.08330934172219055	0.1264286634574453
gene-SYNPCC7002_RS05390	947.8750093305969	-0.22138327403681662	0.06084437708162455	-3.638516567271686	2.7421299074809985e-4	6.923771069045235e-4
gene-SYNPCC7002_RS17215	585.0363423276393	-0.3295889451389665	0.07721001083950392	-4.268733310037756	1.9658613714859972e-5	5.864970746083109e-5
gene-SYNPCC7002_RS05395	1115.5301407379743	-0.014015052587595962	0.06294754780144053	-0.22264652201868987	0.8238106257795218	0.8624094646017522
gene-SYNPCC7002_RS16960	876.9513706324075	0.053162915358159146	0.08937703631020484	0.5948162699604881	0.5519662907926405	0.626917502910799
gene-SYNPCC7002_RS05405	1031.3715001306734	0.17647399953698992	0.08137534433694874	2.1686421234209305	0.030109864533338408	0.05076999832855282
gene-SYNPCC7002_RS05410	2687.3634930003277	0.16649698617391706	0.08213732760110855	2.0270562853285474	0.042656656800676804	0.06959657160473327
gene-SYNPCC7002_RS05415	1953.2242071980331	-0.7991289698636461	0.09910170239938704	-8.063725955413949	7.400355303623214e-16	5.545127342089894e-15
gene-SYNPCC7002_RS05420	1066.9544951133298	-0.17489249080195662	0.06668064316808774	-2.6228374906506198	0.008720085500145863	0.01643010288939008
gene-SYNPCC7002_RS05425	1667.3052013001832	0.22367853983747063	0.06849766875838212	3.265491277177209	0.0010927437104062676	0.002470119686162771
gene-SYNPCC7002_RS05430	1624.6859497265234	0.2773127836459236	0.05481209487633673	5.059335613272538	4.2071980066498687e-7	1.5370993168764812e-6
gene-SYNPCC7002_RS05435	4048.3500364959323	0.24214654744588698	0.06163933089470615	3.928442180197053	8.549790061256364e-5	0.00023414272781968571
gene-SYNPCC7002_RS05440	1515.305290052964	0.15098932333051968	0.05560279384417658	2.715498860608659	0.0066176004126386155	0.012844171878411172
gene-SYNPCC7002_RS05445	4462.268601060205	-0.11089514188289512	0.058058496150151157	-1.9100588068298838	0.056125642052054524	0.08879702019672556
gene-SYNPCC7002_RS05450	3030.930957944422	-0.22057415720564516	0.06636096398120155	-3.3238540246059185	8.87826549747767e-4	0.0020411182823391488
gene-SYNPCC7002_RS05455	1075.911674603303	-0.36880118710493426	0.0838026424034183	-4.400830051748952	1.078375625839448e-5	3.356444135425281e-5
gene-SYNPCC7002_RS05460	12574.17798235197	-0.6338361871503893	0.061118947940987094	-10.370534973252234	3.376292474989344e-25	4.003318220344508e-24
gene-SYNPCC7002_RS05465	332.4635415165977	-0.23523428920704673	0.10125691981262176	-2.3231428493218353	0.020171479738388946	0.0353902872158076
gene-SYNPCC7002_RS05470	1574.0017486349088	-0.4548029421217114	0.08543500547755084	-5.323379328877281	1.0185703112593073e-7	3.967643920031742e-7
gene-SYNPCC7002_RS05475	402.6881411478518	-0.13077662969742404	0.09131699145724033	-1.4321171515890436	0.15211029665027492	0.21269158974381852
gene-SYNPCC7002_RS05480	350.9462455978691	-0.13512356720493707	0.08760364858795362	-1.54244223137891	0.12296616580522672	0.17745941984463615
gene-SYNPCC7002_RS05485	1416.363889640549	-0.03512430428180005	0.06768799485507712	-0.5189148290919635	0.6038201362579427	0.6760863995389003
gene-SYNPCC7002_RS05490	830.0554622554572	0.2318205992525236	0.05913301889628555	3.920324102835302	8.842996075800961e-5	2.413556348850566e-4
gene-SYNPCC7002_RS05495	104.09779863998143	0.10199177044079971	0.15269580308104047	0.6679408888970542	0.5041713254954641	0.5820265979418036
gene-SYNPCC7002_RS05500	1987.6825474418188	-0.21193835693801336	0.06746616335547052	-3.141402243689736	0.0016814092911231137	0.0037050523317668613
gene-SYNPCC7002_RS05505	2232.1407742393067	0.19638248117781243	0.052549716456427975	3.7370797488630516	1.861698897312042e-4	4.8095126341572865e-4
gene-SYNPCC7002_RS05510	8341.647900826114	-0.0014663020399444215	0.10546400874868973	-0.013903340649969733	0.9889070965346578	0.9920996902160489
gene-SYNPCC7002_RS05515	56.81621557253898	-0.33976284392546857	0.20324220395384085	-1.6717140304315607	0.09458072613162087	0.1405683243746817
gene-SYNPCC7002_RS05520	619.7223007252547	0.4016744931274667	0.0730310215406789	5.500053054902574	3.7967698827545574e-8	1.5401183095835217e-7
gene-SYNPCC7002_RS05525	544.1365263746203	-0.022211979761267587	0.062049975899348464	-0.3579691924022297	0.7203663687982329	0.773664875846012
gene-SYNPCC7002_RS05530	815.2915404439569	0.019127307378181694	0.0741704713596079	0.2578830500543122	0.79649716662580206	0.8398245369275965
gene-SYNPCC7002_RS05535	256.43149686447344	0.4957355380629916	0.16209693188456453	3.0582660158924164	0.002226218572000733	0.004794590497382816
gene-SYNPCC7002_RS16095	1614.830981765618	0.4514039378695116	0.0623973593810711	7.234343605996407	4.67786052743021e-13	2.9517026368989454e-12
gene-SYNPCC7002_RS05545	187.51776417673224	0.5897867333327886	0.10238186761633004	5.760656130468134	8.378758465630729e-9	3.573391456290734e-8
gene-SYNPCC7002_RS05550	2871.162161139719	0.5091627815040802	0.05333269660224512	9.546916131044577	1.3361438375278375e-21	1.3997079618374142e-20
gene-SYNPCC7002_RS05555	1224.6982052482776	0.9524231953701969	0.08163654579688744	11.666627808332748	1.8875792475162342e-31	2.7899972713287897e-30
gene-SYNPCC7002_RS05560	1822.9524617556897	-0.001982606508693037	0.08551518438099949	-0.02318426280717404	0.9815032916951448	0.9869916605210264
gene-SYNPCC7002_RS05565	394.6003670680048	0.08902197749347104	0.09794621612105647	0.9088863359810089	0.36341012713712634	0.44575921998593326
gene-SYNPCC7002_RS05570	657.0601211918528	0.2671599583485166	0.079521801723401	3.359581304228662	7.806067828044855e-4	0.0018113434809592253
gene-SYNPCC7002_RS05575	1936.6895461640795	-0.09504357252905044	0.06361109128604797	-1.4941352303115834	0.13514027738593562	0.19253920682142325
gene-SYNPCC7002_RS05580	1027.1501834514038	-0.11219437419951908	0.07806177648567783	-1.437251100993117	0.1506466577009041	0.21119239106878587
gene-SYNPCC7002_RS05585	1231.6589084078676	-0.2160727109692622	0.07733809405227231	-2.7938716827339976	0.005208113993983144	0.010387347503711298
gene-SYNPCC7002_RS05590	724.6177874007557	0.020259419548657606	0.07040907789956387	0.2877387426882223	0.7735467312035085	0.8209740225920514
gene-SYNPCC7002_RS05595	862.7142262567688	-0.5616347503947449	0.1009757368574352	-5.562076275686912	2.6658371892858848e-8	1.093702786022612e-7
gene-SYNPCC7002_RS05600	1558.543214099939	-0.27985386981056654	0.07760743832716674	-3.6060186477331873	3.1093080272167207e-4	7.760084875944893e-4
gene-SYNPCC7002_RS05605	1050.5657359881843	0.4952112505937891	0.09894772014703387	5.0047767635061975	5.592680553231837e-7	2.011500772312384e-6
gene-SYNPCC7002_RS05610	3337.851438633418	-0.23570405193669777	0.08470696165029461	-2.7825818249718557	0.005392826476362791	0.010729305042400956
gene-SYNPCC7002_RS05615	1582.7531625514703	-0.02674717855843867	0.09918564396799676	-0.269667841921447	0.78741580267915	0.8324229880895829
gene-SYNPCC7002_RS05620	13018.403095140171	0.11150488297944129	0.050850845023652454	2.192783284674553	0.02832299681514521	0.04812679301345147
gene-SYNPCC7002_RS05625	841.141702307153	-0.03807974113803758	0.06238981366360078	-0.6103518972401406	0.5416287255243935	0.6169078763273967
gene-SYNPCC7002_RS05630	755.7161280616731	-0.3792303664136863	0.07275914805648355	-5.212133134369393	1.8668149313490515e-7	7.026604572996371e-7
gene-SYNPCC7002_RS05635	1295.345702106172	0.23157622411738102	0.06309264753279908	3.6704153839319353	2.4215662453020906e-4	6.176997585534174e-4
gene-SYNPCC7002_RS05640	2007.296862454578	0.05843791868677552	0.07010149030351603	0.8336187780567695	0.40449584055484233	0.48620610318456176
gene-SYNPCC7002_RS05645	1394.7725714132919	-0.12347305453889595	0.06500074371039052	-1.899563720209535	0.05749039707429038	0.0905464130725884
gene-SYNPCC7002_RS05650	675.7882423133511	-0.19456285925056074	0.0705818222325485	-2.7565576106766896	0.0058413321633582595	0.011494463351240538
gene-SYNPCC7002_RS05655	312.550866351768	0.15246945392668496	0.10287670211916805	1.4820600853832848	0.13832430807857996	0.19641138203425212
gene-SYNPCC7002_RS05660	717.4546211057063	-0.30668333609959275	0.07415732182416993	-4.135577291029356	3.540634168843929e-5	1.0169505594097425e-4
gene-SYNPCC7002_RS16655	1239.4862322665865	-0.8066463095726673	0.07269507718086092	-11.096298963488001	1.307466500008924e-28	1.734536500216757e-27
gene-SYNPCC7002_RS05665	1438.6264487070707	-0.7567097752396018	0.07246178862718738	-10.442880165887697	1.5794456939768035e-25	1.9148560716864844e-24
gene-SYNPCC7002_RS05670	1396.8205588862218	-0.5617298029997184	0.09154823960867199	-6.135888635334371	8.46844675661909e-10	4.011562563317637e-9
gene-SYNPCC7002_RS05675	1136.9825069283759	-0.45770679662762276	0.10561920752445825	-4.3335564368974415	1.4671964552764028e-5	4.467840946123909e-5
gene-SYNPCC7002_RS05680	2053.4440336681737	-0.3832806898958411	0.08223365404458399	-4.660873876382055	3.1486963491659585e-6	1.0464404601899597e-5
gene-SYNPCC7002_RS05685	1972.6493365581014	-0.2599600129803927	0.08858344742222697	-2.9346341844352812	0.003339411294965948	0.006911556497317631
gene-SYNPCC7002_RS05690	2086.1199751820754	-0.6834943265042942	0.07518989108518546	-9.090242273791004	9.881860984063443e-20	9.35309473842496e-19
gene-SYNPCC7002_RS05695	2887.5421368847365	-0.3819457780207313	0.07196702637834752	-5.3072330099169704	1.113018608850962e-7	4.3147799243719327e-7
gene-SYNPCC7002_RS05700	12227.399717555983	-0.8458032172178884	0.044330869954312895	-19.079328199278915	3.7504842904982933e-81	2.0931582152315474e-79
gene-SYNPCC7002_RS05705	77.88292848155835	0.1295040986889036	0.15129453227794254	0.8559734230910089	0.3920124801404697	0.4743717376503553
gene-SYNPCC7002_RS05710	1430.8403426535585	-0.8037051917212917	0.07159842222924104	-11.225180202267863	3.0676045401682196e-29	4.17219995652291e-28
gene-SYNPCC7002_RS05715	1642.7900650106515	-0.24883691782050552	0.05810311643940854	-4.282677643977999	1.84657599857377e-5	5.550015327189687e-5
gene-SYNPCC7002_RS05720	1089.738508982524	0.19930247308794657	0.0847579964345236	2.351429734914861	0.018701421361224733	0.033141557076982076
gene-SYNPCC7002_RS05725	200.97185443367474	0.030600067067753516	0.09863780572565574	0.31022655910313324	0.7563886749236146	0.8054046515551778
gene-SYNPCC7002_RS05730	43.45025218649661	0.8587651524657908	0.2451720109270565	3.5027046897343035	4.605597655108821e-4	0.0011142241860678068
gene-SYNPCC7002_RS05735	3455.8252652787	0.3276911277726392	0.041900783573526855	7.820644384790843	5.255361479784573e-15	3.7553212163493736e-14
gene-SYNPCC7002_RS05740	794.9792237247673	0.4751225900810289	0.08800643299104027	5.398725683262268	6.711590275656216e-8	2.6591698558505715e-7
gene-SYNPCC7002_RS05745	330.64358601187814	0.08391676951637297	0.09196490171982692	0.9124869156281735	0.3615124542569836	0.44393619667293466
gene-SYNPCC7002_RS05750	236.0571050046054	0.4078375692569419	0.10376538973452296	3.9303815106401854	8.4811181379033e-5	2.3265575773214392e-4
gene-SYNPCC7002_RS05755	1108.7581041037433	0.3236688824761376	0.07568585378664272	4.2764779186947575	1.8987338033733803e-5	5.696201410120141e-5
gene-SYNPCC7002_RS05760	189.79844092356728	0.6172217776445093	0.10203407364216446	6.049173140034753	1.4559112672544977e-9	6.7229454666231225e-9
gene-SYNPCC7002_RS05765	11.618753252835052	0.596127969391956	0.5358392363734052	1.112512725694723	0.26591776169822157	0.3438976406780436
gene-SYNPCC7002_RS05770	362.2820105525387	0.5869525163000665	0.11770386320688578	4.9866886294835675	6.142293571614289e-7	2.196972849869111e-6
gene-SYNPCC7002_RS05775	393.3675410165455	0.4205230537043534	0.08430500513854428	4.988114916940917	6.097129902503687e-7	2.1832311387615527e-6
gene-SYNPCC7002_RS05780	877.3937726587159	-0.03846947980304662	0.07587353467878212	-0.5070210576838268	0.6121400434556146	0.6839825062705641
gene-SYNPCC7002_RS05785	3611.8354993588346	0.07329003709127882	0.06795802365247236	1.0784603958772199	0.2808283467071389	0.3610172193371758
gene-SYNPCC7002_RS05790	4568.4376130793535	0.013269981223983946	0.07757700505317593	0.17105560101073644	0.8641800465084882	0.8954387997912857
gene-SYNPCC7002_RS05795	4836.738882135148	0.021191105079662365	0.05948970053861657	0.35621468737948303	0.721679793480827	0.7748184051401118
gene-SYNPCC7002_RS05800	7235.3578190753715	0.12567952909079175	0.05308475300429834	2.3675259274657514	0.017907465263369993	0.0318497060755652
gene-SYNPCC7002_RS05805	2223.9584912498985	-0.020458204892299776	0.07097138891218732	-0.28825989185039974	0.7731478063212515	0.8208197602695609
gene-SYNPCC7002_RS05810	485.3076580066528	0.1655733483879019	0.07082460477502028	2.337794173562396	0.019397928012761023	0.03415484889811621
gene-SYNPCC7002_RS16435	178.03424034334478	0.21312054425034918	0.134169216954666	1.5884459124655979	0.11218554246034967	0.16357864907394232
gene-SYNPCC7002_RS05815	580.0331754896299	0.3442255488055558	0.08827679778932004	3.8993887117097157	9.643584928299427e-5	2.612241373464874e-4
gene-SYNPCC7002_RS05820	1245.6597342962561	-0.36742630254788056	0.05626425358138925	-6.530368380634052	6.560812132838281e-11	3.504513015511141e-10
gene-SYNPCC7002_RS05825	3087.8955208916723	-0.11292344531924184	0.0544244817906893	-2.074864869702081	0.037999060387484684	0.06278864649019292
gene-SYNPCC7002_RS05830	2739.183602377556	0.14556433335349425	0.07375046390174458	1.9737412573760216	0.04841117133507053	0.07780881907230551
gene-SYNPCC7002_RS05835	1861.7928347991633	0.3342195056929139	0.06622383545717303	5.046815899224891	4.4923384225961445e-7	1.6338988172970472e-6
gene-SYNPCC7002_RS05840	1491.1155610785768	0.11660520239333579	0.056857103836086324	2.05084667572055	0.04028188044774832	0.06612193053213047
gene-SYNPCC7002_RS05845	15695.768112657111	0.13971233463097585	0.054249362219944884	2.575372850735752	0.010013208143485264	0.018720731462537218
gene-SYNPCC7002_RS05850	9000.04512864135	0.3174410144021462	0.03728429556772763	8.514067640771396	1.6793597467365983e-17	1.3692915617597905e-16
gene-SYNPCC7002_RS05855	1521.3794688629896	0.878016371136502	0.05618795764914275	15.62641547890285	4.811175624912436e-55	1.4287867429212436e-53
gene-SYNPCC7002_RS05860	473.1418128473916	0.8227677617661676	0.08799472003321956	9.350194664583945	8.748655859618058e-21	8.794844415398651e-20
gene-SYNPCC7002_RS05870	963.0517039435389	-0.22043045869541938	0.06811405071485326	-3.236196590600819	0.0012113392677891497	0.0027211000762203176
gene-SYNPCC7002_RS05875	3553.756859509411	-0.33731128336724453	0.06098221741918101	-5.531305643555502	3.178559190716318e-8	1.2942133459558137e-7
gene-SYNPCC7002_RS05880	9429.697514153233	-0.7529083479552828	0.0517045272493441	-14.561748999742258	4.918316737081246e-48	1.1706317116126466e-46
gene-SYNPCC7002_RS05885	65284.9684740199	-0.2560533839238181	0.10562453158375383	-2.424184799539521	0.015342795772592496	0.027699180098093648
gene-SYNPCC7002_RS05890	17953.440548020404	0.1445329667833317	0.0854638189522065	1.6911597042504984	0.0908063047833581	0.1358945948144846
gene-SYNPCC7002_RS05895	28213.748991814035	0.031761186612635	0.08962851696637218	0.35436474559265013	0.72306555151008	0.7757915778051472
gene-SYNPCC7002_RS05900	2374.6216616072256	0.07540345618221043	0.04776966797652516	1.5784798047845967	0.1144554240744721	0.16651335178834434
gene-SYNPCC7002_RS05905	508.1660433444421	-0.27855553720232007	0.07615155367040066	-3.65791009869562	2.542802003073163e-4	6.455725556037513e-4
gene-SYNPCC7002_RS16440	956.0902348769187	-0.28283233386565637	0.0718965739008201	-3.9338777708075208	8.358630073000078e-5	2.2949012337829732e-4
gene-SYNPCC7002_RS05910	869.3344690195896	-0.23228548578519426	0.06596634008416746	-3.521272902040914	4.2948036637824663e-4	0.0010444988324315434
gene-SYNPCC7002_RS16665	141.76101374181357	-0.147305748729447	0.10794950663787713	-1.364580101543147	0.17238506238862455	0.23775477075073612
gene-SYNPCC7002_RS05915	1235.5438306793935	-0.7678247019621499	0.08641276729660907	-8.885546962367448	6.360705154543179e-19	5.656484226718756e-18
gene-SYNPCC7002_RS05920	29.373990026967036	0.8077905715595252	0.24427485459113693	3.3068920372978674	9.433724290521505e-4	0.002153523662088724
gene-SYNPCC7002_RS05925	88.9246105557003	0.3412749308980737	0.18287107991552035	1.8662050393956773	0.06201268430664758	0.09690778200349266
gene-SYNPCC7002_RS05930	1045.2011740928267	-0.06750152310262471	0.06335880677948058	-1.0653850117089925	0.2867017365831758	0.36740044391121934
gene-SYNPCC7002_RS05935	816.6268052916705	-0.08737749553653504	0.07892297640034632	-1.1071236732545686	0.2682404616460744	0.346071890931982
gene-SYNPCC7002_RS05940	1151.896797590883	0.0515643295822578	0.06579698984193139	0.7836882767150035	0.43322304307836496	0.5140553484034704
gene-SYNPCC7002_RS05945	1975.7949939651899	-0.04398374377216005	0.06158397136004434	-0.7142076550246106	0.47509878404042677	0.5539943281756327
gene-SYNPCC7002_RS05950	955.6049472058959	0.12372268995759679	0.08324652977235061	1.4862203901584121	0.13722083590835624	0.19515986196632212
gene-SYNPCC7002_RS05955	768.9828850432734	-0.3379378561099758	0.05654783558275146	-5.976141308104381	2.2848482963651966e-9	1.0344131378089708e-8
gene-SYNPCC7002_RS05960	14621.673416364034	0.09849529864628617	0.06737219400652299	1.46195771265442	0.1437527982821274	0.20284560071457994
gene-SYNPCC7002_RS05965	9950.050319830036	0.10753773531685976	0.048345258807499174	2.2243698341765588	0.026123571709915437	0.04493198811105009
gene-SYNPCC7002_RS05970	199.2543504546448	0.2293633365724444	0.10246389776991227	2.23847951878125	0.0251898015711674	0.04341820430557448
gene-SYNPCC7002_RS05975	1071.2673990988956	-0.19686584953393182	0.07791281120729959	-2.5267455567754897	0.011512487606431344	0.021270503642704486
gene-SYNPCC7002_RS05980	1104.5679682041455	-0.1436347402213581	0.05995924037942988	-2.3955396918376346	0.016595917278644397	0.029663712993358318
gene-SYNPCC7002_RS05985	3623.5126498036334	-0.2711945322842033	0.06299775305193658	-4.3048286509619675	1.6711503206104484e-5	5.055620175528992e-5
gene-SYNPCC7002_RS05990	752.300122697006	0.16323022191747363	0.07512539066579982	2.172770357276595	0.0297976053843128	0.05031551832499767
gene-SYNPCC7002_RS05995	1074.6705390830948	-0.19799891286710838	0.09222349690252306	-2.1469464888800105	0.031797541964350494	0.05335855020145285
gene-SYNPCC7002_RS06000	684.7223049190243	-0.20373781483178008	0.07009548109598931	-2.9065755972596845	0.003654085920788938	0.007495738989603164
gene-SYNPCC7002_RS06005	16881.260891750375	0.8882270490088933	0.07450275694829583	11.922069536638945	9.08240076600844e-33	1.434133233149723e-31
gene-SYNPCC7002_RS06010	7312.287344416909	-0.15946731765295588	0.04420712838044847	-3.6072760999215605	3.0942834886040914e-4	7.731219605539883e-4
gene-SYNPCC7002_RS06015	973.2042563304558	0.28497829414168346	0.07326104555765614	3.889902088790239	1.002846759878092e-4	2.7096952935938096e-4
gene-SYNPCC7002_RS06020	242.4142366405286	-0.31977428268733515	0.11411664888248807	-2.802170286446315	0.005076007274145352	0.010148879275113345
gene-SYNPCC7002_RS06025	1953.9331645720974	-0.32274471153942486	0.0680880230926327	-4.740109888347553	2.1360234083956967e-6	7.270565481573996e-6
gene-SYNPCC7002_RS06030	6803.140309115256	-0.41025801344493995	0.06646103114276437	-6.1729107477082055	6.704406338717489e-10	3.2103791891166436e-9
gene-SYNPCC7002_RS06035	1.5384186516178129	0.7323070943448111	1.3906036540592235	0.5266109377802796	0.5984637948242371	0.6714826009865009
gene-SYNPCC7002_RS06040	1930.0655739241415	-0.10322166650821463	0.08637874439664943	-1.1949891982016183	0.2320912504540863	0.30602011312418625
gene-SYNPCC7002_RS06045	1862.5133521390687	0.024743205584177665	0.06413913140910052	0.38577394237470014	0.6996640952657949	0.7554411862492922
gene-SYNPCC7002_RS06050	195.89393933187358	0.10807597160283568	0.1442239982716506	0.7493619154786644	0.45363909896732335	0.5341687025671974
gene-SYNPCC7002_RS06055	2596.3728278142744	0.1376909421690269	0.061157484249286416	2.2514160590350554	0.024359197948034744	0.04207615995613045
gene-SYNPCC7002_RS06060	9396.96599599389	-1.372550615161164	0.11496381511760771	-11.938979354130236	7.412720126890791e-33	1.1820184754061818e-31
gene-SYNPCC7002_RS06065	1894.0725986995678	0.050771161676536586	0.047951214559695164	1.0588086692430039	0.2896869246934744	0.37037653199403386
gene-SYNPCC7002_RS06070	853.4318111914629	0.12456026263970979	0.07674302520313238	1.623082518704588	0.10457176604740764	0.153514198047827
gene-SYNPCC7002_RS06075	7384.119423291886	0.03511088419673318	0.050079048807294545	0.7011092469395885	0.48323484002296097	0.561662900234946
gene-SYNPCC7002_RS06080	443.2834170710933	0.09359981051944719	0.07637610184125286	1.2255117538466898	0.2203824642605662	0.2928481267698903
gene-SYNPCC7002_RS06085	934.708463457325	0.08417526257209283	0.10355018716028389	0.8128933889979274	0.4162791851987339	0.4985185802768412
gene-SYNPCC7002_RS06090	1362.9501792408273	-1.3160715350073906	0.1028219246552286	-12.799522469748547	1.649624991800912e-37	2.8863978910592176e-36
gene-SYNPCC7002_RS06095	791.1989901669012	-0.11170510314581156	0.06714456250761566	-1.66365077042749	0.09618223963208132	0.14262112216630657
gene-SYNPCC7002_RS06100	1580.5007279946285	-0.12560582401705328	0.05960173148915504	-2.1074190443596117	0.035081272248303846	0.05829470136948642
gene-SYNPCC7002_RS06105	1589.915489619656	0.5420669512760066	0.04581405121344657	11.831892987383492	2.670503986618272e-32	4.136086796499208e-31
gene-SYNPCC7002_RS06110	215.94618137158102	0.3739511061560233	0.09857930610923626	3.7934037164112926	1.4859626566116676e-4	3.882212364368013e-4
gene-SYNPCC7002_RS06120	211.03125701108212	0.48190331303986383	0.1433858088093636	3.360885690442148	7.769297259174805e-4	0.0018053995138513168
gene-SYNPCC7002_RS06125	1571.2688044626882	0.16542854962088	0.05748120040630774	2.8779592014700963	0.004002569004059131	0.008159034077050322
gene-SYNPCC7002_RS06130	249.00271381477498	-0.055922026054312304	0.110619961903435	-0.5055328630751933	0.6131846226417843	0.6846770001695259
gene-SYNPCC7002_RS06135	1681.3138797280312	-0.23694406363020956	0.05052934975267279	-4.6892363505563655	2.742265047256146e-6	9.208207425278158e-6
gene-SYNPCC7002_RS06140	1160.8262259564865	-0.31232635260000235	0.10030602645700054	-3.113734674096489	0.0018473553382770225	0.004032292130817749
gene-SYNPCC7002_RS06145	5759.231880067572	-0.31381982217203674	0.08635428393683371	-3.6340967450044417	2.7895618267097103e-4	7.038044920545075e-4
gene-SYNPCC7002_RS06150	839.3868315095748	-0.8017081173673719	0.09738097575416242	-8.232697517750061	1.830439849524119e-16	1.420895393983111e-15
gene-SYNPCC7002_RS06155	127.35200582922211	-0.14639252417913853	0.1360251900977125	-1.0762162807784261	0.2818305401207529	0.36201803903606244
gene-SYNPCC7002_RS16100	1752.113498645953	-1.6441595904706259	0.0543429720163888	-30.255238708232202	4.451846116061702e-201	9.006641173557332e-199
gene-SYNPCC7002_RS06165	95.62472574090984	0.20038328367496028	0.15803479244302382	1.2679694172231366	0.20480887227943748	0.27531823902347974
gene-SYNPCC7002_RS06170	4418.398572690821	-0.807056376168576	0.0918112266380998	-8.790388776198572	1.4904329896006628e-18	1.2934401038437923e-17
gene-SYNPCC7002_RS06175	142.72457672375518	0.3038359290456114	0.13221978313487037	2.2979611813134238	0.02156399859804537	0.03760919367557805
gene-SYNPCC7002_RS06180	169.95175509621438	0.13584650164171003	0.13037875461975784	1.041937407961125	0.2974406992986637	0.3781679275843576
gene-SYNPCC7002_RS06185	342.72587817557417	0.1638549664740961	0.10982048958934204	1.4920254597917768	0.13569247107964214	0.19324088380325632
gene-SYNPCC7002_RS06190	1213.770629625515	2.254037442580942	0.10344167512140266	21.79041899636222	2.8602182695716915e-105	2.5023044698928553e-103
gene-SYNPCC7002_RS06195	425.41998702646185	0.7684196916686611	0.12536968255558473	6.129230576363384	8.830507331240556e-10	4.160749960877101e-9
gene-SYNPCC7002_RS06200	2460.273552575936	0.2262677159443172	0.06301864506003915	3.5904884297138935	3.3005888245676856e-4	8.186977797031111e-4
gene-SYNPCC7002_RS06205	900.7239983139782	0.24110720412162867	0.09660697561768587	2.4957535683115735	0.012568988649321737	0.023064521688126113
gene-SYNPCC7002_RS06210	1553.429302510826	0.35615357240860146	0.054602042963786006	6.522715141717591	6.904591971394193e-11	3.6606378819064995e-10
gene-SYNPCC7002_RS06215	637.1213301330376	0.31639503648522643	0.09092961270168676	3.479559926458999	5.02238030656537e-4	0.0012060419178302746
gene-SYNPCC7002_RS06220	3683.997172138328	-0.40670211140241586	0.05258478855641465	-7.734215969435586	1.0404228292008772e-14	7.289715796803549e-14
gene-SYNPCC7002_RS06225	812.7075086157234	0.14496088138602808	0.07597921706051575	1.9079017525354334	0.05640391574134113	0.08910686732039065
gene-SYNPCC7002_RS06230	238.32291896693891	-0.19092026208541557	0.12846003851538584	-1.4862229864779994	0.13722014939109292	0.19515986196632212
gene-SYNPCC7002_RS06235	8777.92476971042	-0.18303016196381502	0.06848243727021618	-2.6726584108217337	0.007525283495777415	0.014465167859757417
gene-SYNPCC7002_RS06240	1687.9354140399312	-0.011005193662896253	0.07008617066053544	-0.1570237546034617	0.8752261268632298	0.9057247355039242
gene-SYNPCC7002_RS06245	3001.199986531749	-0.49524518797591827	0.04210593650891561	-11.76188511734097	6.134903609381992e-32	9.32332534439883e-31
gene-SYNPCC7002_RS06250	260.9781525692195	0.26938045966645635	0.09917216920763224	2.716290889054436	0.006601788499753568	0.012834828452674054
gene-SYNPCC7002_RS06255	258.81247033536874	-0.26743619770803984	0.09024945559839674	-2.9632998441354674	0.003043599309691042	0.0063562135261096145
gene-SYNPCC7002_RS06260	925.6355914095517	-0.1660051178230797	0.06266173942582919	-2.6492261361428526	0.00806763291082075	0.015316673156789893
gene-SYNPCC7002_RS06265	749.4065695034462	-0.16515359730278112	0.07210164138518897	-2.290566402233206	0.021988503982191536	0.03826708999481398
gene-SYNPCC7002_RS06270	2100.458198445462	1.0611481506368363	0.06890661392941501	15.399801123936102	1.6417348757245393e-53	4.6616629760704685e-52
gene-SYNPCC7002_RS06275	206.69444811783129	0.502968607103665	0.14170404955706387	3.5494300175318614	3.860660674744484e-4	9.45307004852337e-4
gene-SYNPCC7002_RS06280	416.6769171458929	-0.030946787785358486	0.09619018589216245	-0.32172500238280566	0.7476610349275352	0.7976858174226866
gene-SYNPCC7002_RS06285	194.8211176821785	-0.04824838972149957	0.09801885966043948	-0.4922357787944423	0.6225526740611558	0.6910847071110978
gene-SYNPCC7002_RS06290	1864.8993150636843	0.3169839339825321	0.059753453986910364	5.3048637833048256	1.1275716419682227e-7	4.3659681878602114e-7
gene-SYNPCC7002_RS06295	3930.3474923039776	0.24665901942321622	0.066162880779597	3.7280574321558224	1.929614098256553e-4	4.961207971450725e-4
gene-SYNPCC7002_RS06300	14477.576519331584	0.7913020103314232	0.033324902759749434	23.745065845688696	1.2355838625928004e-124	1.4284232011474625e-122
gene-SYNPCC7002_RS06305	60.585774226602204	0.4258169520404324	0.1814367760317407	2.3469164375249902	0.01892949959071649	0.03348349189898867
gene-SYNPCC7002_RS06310	2658.4282497640925	-0.4205146368391106	0.06800384998860402	-6.183688672179293	6.262080923909504e-10	3.0119399629561757e-9
gene-SYNPCC7002_RS06315	2805.0235896288646	-0.5384591132270038	0.07008418031453319	-7.683033614867646	1.5536480005158584e-14	1.0700337399297518e-13
gene-SYNPCC7002_RS06320	2175.6639206509712	0.20034247741276393	0.08654982325039218	2.314764720352634	0.020625811651649267	0.03610911428685164
gene-SYNPCC7002_RS06325	9719.194696111426	0.18358867299846926	0.08297133111673367	2.212675999378333	0.026919991218761003	0.04613023376131782
gene-SYNPCC7002_RS06330	2546.602451089977	-0.27272235919484217	0.07526425527055469	-3.6235309605400183	2.906083993709782e-4	7.309241559936725e-4
gene-SYNPCC7002_RS06335	8.55858235039436	0.6084826991217633	0.5130446448468721	1.1860229031400895	0.23561325489508228	0.3099065851667539
gene-SYNPCC7002_RS06340	2943.313426184991	0.0024795209622527218	0.06585653215677878	0.03765034205490728	0.9699664691962275	0.9781250656661025
gene-SYNPCC7002_RS06345	26819.04048758578	-0.19700042601395365	0.06992386891580306	-2.817355919638348	0.004842083427335021	0.009740854058909293
gene-SYNPCC7002_RS06350	3815.641269224534	0.11178426837286308	0.08460747832670422	1.3212102592304915	0.18643126648508687	0.25473955661132386
gene-SYNPCC7002_RS06355	103.29439811245231	0.20534589974431802	0.12021681115130232	1.7081296515665687	0.08761228811049364	0.13184610721230494
gene-SYNPCC7002_RS06360	975.5044988418504	0.21919483388166502	0.08015494207890361	2.7346390402963814	0.006244871494854222	0.012243881907233868
gene-SYNPCC7002_RS06365	1204.2260725038414	-0.06991949843490547	0.06689820820043758	-1.0451624986040826	0.29594787251981286	0.3770103358310249
gene-SYNPCC7002_RS06370	12778.276607978318	0.5473204775056953	0.03619091409571076	15.123145993445965	1.1396532380158122e-51	3.0488078772373424e-50
gene-SYNPCC7002_RS06375	5088.367034375011	0.3789285347081428	0.048268570274262984	7.850419694535456	4.146473104660201e-15	2.9893392961659404e-14
gene-SYNPCC7002_RS06380	9739.667470670955	0.42898720228566617	0.04492874937119429	9.548167004192374	1.3201121327379685e-21	1.3874035628807807e-20
gene-SYNPCC7002_RS06385	17949.013470646296	-0.4780404316693852	0.06940905756276496	-6.887291780861664	5.686451433535241e-12	3.3836476636679364e-11
gene-SYNPCC7002_RS06390	3023.5260569645534	0.31779340461829647	0.06487173651440298	4.8987960195537426	9.642568316315258e-7	3.3890329685029845e-6
gene-SYNPCC7002_RS06395	14332.575470909873	-0.3377236105809699	0.05962156769678823	-5.664453714107266	1.4749366736913184e-8	6.176416575341264e-8
gene-SYNPCC7002_RS06400	189.82072845733848	-0.12140688072664227	0.10588170902301641	-1.1466275133531423	0.25153560033983335	0.327522420876927
gene-SYNPCC7002_RS06405	1775.4510484687805	0.08385064728843133	0.07279636597717107	1.1518521036438396	0.24938185288966816	0.325110373662447
gene-SYNPCC7002_RS06410	516.3115653922235	-0.04123104915412941	0.09266697462145855	-0.4449379007198287	0.6563646319754712	0.7197331685991193
gene-SYNPCC7002_RS06415	1148.2766229867327	0.573609820570152	0.06452943951377361	8.889118282946137	6.159573091610631e-19	5.492710219708985e-18
gene-SYNPCC7002_RS06420	1095.1368968692213	0.2965126396906844	0.07761020461734633	3.8205367599869997	1.331615554361416e-4	3.507273840087798e-4
gene-SYNPCC7002_RS06425	199.5739739511009	-0.4024786946990635	0.11614998776371611	-3.4651634705104386	5.299092702104422e-4	0.0012668510396389966
gene-SYNPCC7002_RS06430	20360.614360270414	-0.8764498111763361	0.06199100144498186	-14.13833928710123	2.2042495661308174e-45	4.756770563710303e-44
gene-SYNPCC7002_RS06435	756.5935596848401	-0.033972051427684544	0.0676380464796184	-0.5022624572387888	0.6154829140367328	0.6861977237184262
gene-SYNPCC7002_RS06440	2813.5534849154906	0.09367457522970336	0.03699681626259842	2.5319631442017565	0.011342591272630641	0.021004558323515665
gene-SYNPCC7002_RS06445	832.6783832354762	-0.03938047883246755	0.06447632689459976	-0.6107742287621828	0.541349056843891	0.6168063699414554
gene-SYNPCC7002_RS06450	473.6473720786603	0.3341290151012749	0.11898688348853041	2.8081163679985184	0.004983221628988257	0.010000426790474264
gene-SYNPCC7002_RS06455	61.08835128305659	-0.4235259996933062	0.23236074870362902	-1.8227088785701246	0.06834749486937776	0.10595825713226811
gene-SYNPCC7002_RS06460	61.8375123109131	-1.3594918831944693	0.21930088548781215	-6.199208362384949	5.674786418665361e-10	2.7416841249581753e-9
gene-SYNPCC7002_RS06465	435.9584562500441	-1.8223103919756891	0.1462973698294511	-12.456207477277832	1.2937837461626575e-35	2.1699367804810995e-34
gene-SYNPCC7002_RS06470	582.9797300818617	0.3394938616029948	0.08085775826497275	4.198655378132862	2.6850458695309023e-5	7.844308194649396e-5
gene-SYNPCC7002_RS06475	500.760312389571	0.3910826386564296	0.11095221419184634	3.524784444411471	4.238275175462811e-4	0.0010315260709002345
gene-SYNPCC7002_RS06480	1055.4081283396806	-0.19006757959527096	0.06394846521131826	-2.972199238358434	0.0029567474217401363	0.006198828629645609
gene-SYNPCC7002_RS06485	660.7451093372644	-0.18026089963538552	0.0678145273544243	-2.6581457789018286	0.007857189818491619	0.015005146573721161
gene-SYNPCC7002_RS06490	5325.136903786882	-0.08002634680496488	0.06447891703725098	-1.2411242384659127	0.21455985673510344	0.28675898276281164
gene-SYNPCC7002_RS16105	1146.7691925473619	0.45699753644912994	0.07764527212461361	5.885709766277725	3.963493258390019e-9	1.7384590348791993e-8
gene-SYNPCC7002_RS06495	560.8620502098091	0.3762587399988285	0.08425144547963202	4.465902488163125	7.97319219694244e-6	2.5155188247078633e-5
gene-SYNPCC7002_RS06500	1564.7512906086242	1.0267265918022113	0.06350831418744401	16.166805951923717	8.646646275125568e-59	2.8271913123819655e-57
gene-SYNPCC7002_RS06505	23180.768305455276	0.12216713785320114	0.10326067800210963	1.1830944771707315	0.23677170641075565	0.31092495482824184
gene-SYNPCC7002_RS06510	8416.326651468271	-0.3973271689621455	0.0628979288314434	-6.317015144122155	2.666634601856594e-10	1.342441089612721e-9
gene-SYNPCC7002_RS06515	1958.0323330633896	-0.2629429754108044	0.057009807764664695	-4.612241046246421	3.983506574113576e-6	1.310427924837972e-5
gene-SYNPCC7002_RS06520	1451.7295130106377	-0.10898670803565451	0.051064928019276166	-2.134277130372412	0.03282010218988691	0.05492383316701097
gene-SYNPCC7002_RS06525	4688.671416080316	-0.3681806801624156	0.04609012069646213	-7.988277630843286	1.3683701618687872e-15	1.0021299126627294e-14
gene-SYNPCC7002_RS06530	877.0388967428933	-0.6627877874540498	0.08234080342212201	-8.049323784907138	8.325273067519077e-16	6.180942412742948e-15
gene-SYNPCC7002_RS06535	264.26035993275127	-0.4152479369724533	0.10965994250956995	-3.786687531194127	1.5266888533225237e-4	3.98218518791701e-4
gene-SYNPCC7002_RS06540	6762.361636374161	-0.15228236828042285	0.03990250347982277	-3.8163612555644897	1.35434173616325e-4	3.5613356620312265e-4
gene-SYNPCC7002_RS17055	1101.0611765477825	-0.30065615875094315	0.07041323799263015	-4.269881166129749	1.9557714319071754e-5	5.8402510378999325e-5
gene-SYNPCC7002_RS06550	1287.7413476101278	-0.260330028964843	0.0758536954833703	-3.4320019256268948	5.991433041240233e-4	0.0014177097042759237
gene-SYNPCC7002_RS16670	19.361161704845973	-0.751392024202849	0.32310206891487436	-2.3255562142525723	0.020042237736273106	0.03518260496329503
gene-SYNPCC7002_RS06555	2545.3030766373768	-0.337111005988315	0.07562725381710926	-4.457533349069591	8.29081420235602e-6	2.608101610595378e-5
gene-SYNPCC7002_RS06560	3417.868594643237	0.3025324556798661	0.05088186102878588	5.945782044188823	2.7514004992812867e-9	1.2301496431178904e-8
gene-SYNPCC7002_RS06565	52123.316830249256	0.4636469207194129	0.2161316688041627	2.145205851991659	0.031936391933408616	0.05356378274012626
gene-SYNPCC7002_RS06570	6293.769714245292	0.27196133301190695	0.10300960599742524	2.640155064943212	0.008286810136550247	0.01566846052103572
gene-SYNPCC7002_RS06575	816.9957151790541	-0.044148708189009185	0.088736946782196	-0.4975234081173851	0.6188200000719364	0.6881210375241696
gene-SYNPCC7002_RS06580	349.3409946598076	-0.27071101458540325	0.08112181711132108	-3.337092587730308	8.465974043295287e-4	0.0019504881123236185
gene-SYNPCC7002_RS06585	930.6220785839213	-0.11882637661231418	0.07099653747516842	-1.673692560765722	0.0941910365897344	0.14005346138767583
gene-SYNPCC7002_RS06590	1383.300610465927	-0.2240828126756517	0.05303111663160858	-4.225496782055118	2.384142320629332e-5	7.035067175822377e-5
gene-SYNPCC7002_RS06595	503.1373094701605	-0.4035111691656799	0.08990214667521176	-4.488337421167919	7.178117336651057e-6	2.2779966488960264e-5
gene-SYNPCC7002_RS06600	131.82846863667424	-0.049187629400563704	0.1364042528522171	-0.36060187546978095	0.7183970871073676	0.7718059644761198
gene-SYNPCC7002_RS06605	29749.863257953966	-0.49750594122920005	0.05576853117323349	-8.920908095710823	4.624802748038325e-19	4.193413584145675e-18
gene-SYNPCC7002_RS06610	276.23659928641285	-0.2986528282973816	0.10267247785601161	-2.908791474928791	0.003628287784761573	0.007456995275729024
gene-SYNPCC7002_RS06615	205.59720532895452	-0.2654991270029897	0.1323223371528281	-2.006457357961768	0.04480747395334677	0.07255717518108229
gene-SYNPCC7002_RS06620	601.3018280466306	-0.6564494447245826	0.08842648485517444	-7.423674545015787	1.1391487523863012e-13	7.464422088004974e-13
gene-SYNPCC7002_RS06625	724.7841860683084	0.053398184504897944	0.07072446883442401	0.755017116210666	0.4502387123362266	0.5305506777693358
gene-SYNPCC7002_RS16965	182.38994502677514	0.11890862741872273	0.1480595659410803	0.8031134406137724	0.42190916982293536	0.5035840644236143
gene-SYNPCC7002_RS06635	335.6997066771716	0.34003465983168574	0.13372570041066925	2.5427771833495383	0.01099753346487264	0.020412279716624276
gene-SYNPCC7002_RS06640	1468.54318045679	-0.21232871545557055	0.06919023763329883	-3.0687669636414747	0.0021494418630457015	0.004641589933741785
gene-SYNPCC7002_RS06645	1477.54111204113	-0.00372657834459385	0.05047001041284235	-0.07383747921014105	0.9411397043096977	0.955605151458749
gene-SYNPCC7002_RS06650	6636.465953038547	1.0596587527534098	0.043856224392061785	24.162106233322124	5.570616113499579e-129	6.678549762740051e-127
gene-SYNPCC7002_RS06655	856.684933295732	-1.0647691721198353	0.07398336464340503	-14.392007950056785	5.808472297845939e-47	1.3334769381650572e-45
gene-SYNPCC7002_RS06660	7644.528969066565	-0.3488872484262668	0.06080390808310054	-5.737908292826236	9.585299155436456e-9	4.0772159482454406e-8
gene-SYNPCC7002_RS06665	1377.6432089568336	-0.7279133730663404	0.06989352690020345	-10.414603545556972	2.1268185707950318e-25	2.559298034819152e-24
gene-SYNPCC7002_RS06670	3248.762248382996	0.2736853649719376	0.042890006524605305	6.381098702210005	1.7582193461952815e-10	9.005310163978048e-10
gene-SYNPCC7002_RS06675	664.0154557385702	-0.2567836761354709	0.13346200158618057	-1.9240208679895876	0.05435196780673163	0.08628608130965683
gene-SYNPCC7002_RS06680	997.5987024377862	0.0785848219299606	0.05727205310401145	1.3721320901006142	0.17002232128017833	0.23479618344024628
gene-SYNPCC7002_RS06685	415.86349854406967	0.22091655301812158	0.07793232413460505	2.8347230173265916	0.004586543245422685	0.009279150303395768
gene-SYNPCC7002_RS06690	14.300253979978717	-0.2857776027877078	0.38595123970348366	-0.7404500190419477	0.4590269778908543	0.5387492122671121
gene-SYNPCC7002_RS06695	160.78737453215237	0.5062835490046004	0.15045522890683724	3.365011323854315	7.654051767609024e-4	0.00178374122186828
gene-SYNPCC7002_RS06700	2235.0205545437398	-0.07901368902398265	0.05823326017886917	-1.3568481101913983	0.17482947724665976	0.24071587318053494
gene-SYNPCC7002_RS06705	3285.846838002063	0.061104652859547734	0.04712290173548416	1.2967081951478199	0.19473160853035634	0.26407885843775036
gene-SYNPCC7002_RS06710	1029.8422666480917	0.022224135992841718	0.08241474745304804	0.2696621257682417	0.7874202006581102	0.8324229880895829
gene-SYNPCC7002_RS06715	7831.474597075382	0.1219440613574003	0.041872799631762374	2.912250015040798	0.0035883529612285585	0.007384296589635629
gene-SYNPCC7002_RS06720	8667.007122571942	-0.055385625991045254	0.0875100231690079	-0.6329060830446717	0.5267949751741007	0.6023438130125623
gene-SYNPCC7002_RS06725	614.2247066239097	-0.17532283875054122	0.07463846622987293	-2.348960899204154	0.018825883644980272	0.033336644069366046
gene-SYNPCC7002_RS06730	634.794971271417	0.036839421798016934	0.06057589974913223	0.6081531095796009	0.5430859307312097	0.6178005938075134
gene-SYNPCC7002_RS06735	2128.9391504141763	-0.3949631069264277	0.09660497059145814	-4.088434627206962	4.34293895371737e-5	1.2267097201730477e-4
gene-SYNPCC7002_RS06740	2534.55324997804	0.038683967100718065	0.05439111211065295	0.7112185355213851	0.4769488242053013	0.5557535435394385
gene-SYNPCC7002_RS06745	1046.9908295298071	-0.1463500560578085	0.0542663032278102	-2.6968864166668998	0.00699911393118974	0.013526048832991754
gene-SYNPCC7002_RS06755	925.7097713361399	-0.037724652625140534	0.08594036687557312	-0.43896313218861804	0.6606882505234538	0.7230046879460513
gene-SYNPCC7002_RS06760	76684.00508098248	-0.2523119483533555	0.05699430666564079	-4.426967588772558	9.556708547904993e-6	2.988895224112895e-5
gene-SYNPCC7002_RS06765	5848.649098966801	0.06976045933713788	0.04590237493207276	1.5197570809870031	0.12857203956918056	0.18480803378571825
gene-SYNPCC7002_RS06770	1355.3909507225546	0.3958002961956428	0.059693474365068104	6.630545472609654	3.3444862018634904e-11	1.8349325144800203e-10
gene-SYNPCC7002_RS06775	733.2131950230266	0.12036332283030213	0.07799150983943463	1.5432875075517918	0.12276103330939192	0.17732149255801055
gene-SYNPCC7002_RS06780	17278.610553534676	0.420135631719858	0.04556926347550982	9.219715213208362	2.9789033332561464e-20	2.9220333605303473e-19
gene-SYNPCC7002_RS06785	373.3330789283048	-0.16276938580587302	0.0987211970140354	-1.6487784865770192	0.09919302390224465	0.1465485250440739
gene-SYNPCC7002_RS06790	164.67573598746773	-0.04806026725204908	0.12760659838845986	-0.3766283864549392	0.7064497892781818	0.7612443301909037
gene-SYNPCC7002_RS06795	787.3943113449769	0.5432571870387848	0.060120819067760144	9.036090915968693	1.6237464385713483e-19	1.5017334919015585e-18
gene-SYNPCC7002_RS06800	1585.3147178778859	0.046618359063690766	0.09842904973968089	0.47362398790788024	0.6357680664811352	0.7023826727643122
gene-SYNPCC7002_RS06805	422.19729771737315	-0.10452004442731448	0.08394152156012123	-1.2451530837745697	0.21307548447587624	0.2850104724166989
gene-SYNPCC7002_RS06810	18442.077105680357	0.2732428079989948	0.06390807675641416	4.275559864529496	1.9065755928042257e-5	5.709144490200998e-5
gene-SYNPCC7002_RS06815	704.3922522392098	0.34933349965916993	0.057432225815663984	6.082534582246562	1.1829737024698943e-9	5.533650108229838e-9
gene-SYNPCC7002_RS06820	2882.576133735518	0.2024779091745602	0.055816223463069324	3.6275816709191955	2.860882944865998e-4	7.206753379401739e-4
gene-SYNPCC7002_RS06825	1230.7950856371651	-0.20654261532436616	0.12258062569783958	-1.6849531820264347	0.09199760466568861	0.1374867249782244
gene-SYNPCC7002_RS06830	2463.6556303827997	-0.38665024169146034	0.08535054063760965	-4.530144024900098	5.894349079824883e-6	1.892857933669955e-5
gene-SYNPCC7002_RS06835	3526.6994791856428	-0.4536579052593351	0.08593427065991079	-5.279126729948162	1.2980101068406439e-7	4.984174040146103e-7
gene-SYNPCC7002_RS06840	283.0579364198409	1.6282624620201778	0.16002622412685233	10.174972701533337	2.5647189379997087e-24	2.975625520539447e-23
gene-SYNPCC7002_RS06845	607.8587148650361	1.6396900000990893	0.0708005098348528	23.159296506815874	1.171740401560401e-118	1.307904717190006e-116
gene-SYNPCC7002_RS06850	258.0146440718667	0.22595899920075976	0.08980411054360674	2.5161320326316186	0.011865072464594145	0.02182229520902912
gene-SYNPCC7002_RS06855	795.1359338595481	0.24200714682069638	0.07876539350070504	3.0725060342462474	0.002122695415535607	0.0045899566199657715
gene-SYNPCC7002_RS17065	7572.861970156619	-0.10944430431649292	0.04152140336340927	-2.635852727775109	0.008392614805264861	0.01584999657213673
gene-SYNPCC7002_RS06865	784.4147055181656	0.2580312793293686	0.07555141436494743	3.4153070660326894	6.371014543079794e-4	0.0015009442558915063
gene-SYNPCC7002_RS06870	1722.5741528088658	-0.1181139714009878	0.07547109021701293	-1.5650227267336094	0.11757758054099214	0.17067203058797828
gene-SYNPCC7002_RS06875	1002.6101341253963	-0.04348503820421462	0.07454144139343204	-0.5833672839072059	0.5596460768681749	0.6340043848631244
gene-SYNPCC7002_RS06880	1862.5167769000434	-0.4426579738980866	0.04532915374544674	-9.765414469987784	1.584627307804613e-22	1.7155313027971678e-21
gene-SYNPCC7002_RS06885	174.53245793508137	0.08895697422186774	0.10145381224449737	0.8768223909367444	0.38058311529018946	0.4636611005624175
gene-SYNPCC7002_RS06890	1139.4190854268352	-0.49263838406322585	0.06832557926125005	-7.210160373168168	5.588601774753028e-13	3.4923366688948943e-12
gene-SYNPCC7002_RS06895	2589.9781474266524	-0.10900885860121771	0.06956365245128981	-1.5670375944901456	0.11710590444921017	0.17006362166984895
gene-SYNPCC7002_RS06900	249.8142325768957	0.2782511673650808	0.09521809911787663	2.9222508109578595	0.0034751157401835702	0.007164936083423068
gene-SYNPCC7002_RS06905	974.00784783576	-0.19010791781099765	0.0669067493149783	-2.841386254113507	0.004491787233749452	0.009110222603788833
gene-SYNPCC7002_RS16110	1446.188340802534	-0.08392953438807388	0.057726185064171036	-1.45392484008382	0.1459671451335187	0.20550210944739228
gene-SYNPCC7002_RS06915	1398.276274558427	-0.23018548576544245	0.06746497739360313	-3.411925633984843	6.450570855604796e-4	0.001517478042121564
gene-SYNPCC7002_RS06925	3595.216867022503	0.06195446827950726	0.03949358494295355	1.5687223220935074	0.11671265497378214	0.16956861048031094
gene-SYNPCC7002_RS06930	2266.3620684594594	-0.268578297864156	0.052884631400478846	-5.078569912500593	3.8028649362619696e-7	1.3925196604841623e-6
gene-SYNPCC7002_RS06935	562.2541072005641	-0.40468841577982745	0.08021747490384797	-5.044890982481111	4.537800218294446e-7	1.6467331061232199e-6
gene-SYNPCC7002_RS06940	2495.396117986101	-0.04855750255703311	0.06936266366864079	-0.7000524488073575	0.48389455035463874	0.5622278031220264
gene-SYNPCC7002_RS06945	849.5905835387243	0.2532462221048233	0.07382140008796205	3.4305258611062266	6.024125468958193e-4	0.0014233645359866913
gene-SYNPCC7002_RS06950	2120.805460228829	0.10811537923226525	0.0582902647700031	1.8547759159931416	0.06362823262877369	0.09930790213082953
gene-SYNPCC7002_RS06955	1538.2168550580514	0.42068938753185015	0.061092728317278924	6.886079556752519	5.7350925715720095e-12	3.4063292943446965e-11
gene-SYNPCC7002_RS06960	3082.200178838407	0.4086094015659767	0.05469908591003149	7.470132174385022	8.011430876475576e-14	5.270935314461675e-13
gene-SYNPCC7002_RS06965	1177.390999059521	0.18707102150949087	0.0900198938059282	2.078107556011929	0.03769945387895016	0.06232539949242168
gene-SYNPCC7002_RS06970	21314.5050431001	-0.838933769944578	0.08044478941185149	-10.42868998822915	1.8339928368825093e-25	2.2151622436524936e-24
gene-SYNPCC7002_RS06975	3259.3647657214296	-0.17920805130753298	0.07324470079859048	-2.4467033021313354	0.014416946396892855	0.026203063159316208
gene-SYNPCC7002_RS06985	0	NA	NA	NA	NA	NA
gene-SYNPCC7002_RS06990	0	NA	NA	NA	NA	NA
gene-SYNPCC7002_RS07005	826.5001842411266	-0.22613832016109778	0.05910244201154304	-3.8262094164727016	1.3013159723773758e-4	3.4358562826962197e-4
gene-SYNPCC7002_RS07010	1624.5131692261164	-0.041595302337707446	0.059041467306953886	-0.7045099696024724	0.481115243634611	0.5597646760635937
gene-SYNPCC7002_RS07015	7611.574402611945	0.24140273505352017	0.043376714868128476	5.565260896022661	2.6176047860872063e-8	1.0752774990563816e-7
gene-SYNPCC7002_RS07020	191.67066086372057	1.0651228301146036	0.1322078327892221	8.056427578029515	7.855650230965394e-16	5.8726881749734366e-15
gene-SYNPCC7002_RS07025	669.2171809849716	0.2145199791835604	0.10728185754997499	1.9995923270030143	0.04554430316457668	0.07363272178636393
gene-SYNPCC7002_RS07030	2678.22792843232	0.13278088395638415	0.05767168672541566	2.3023582540350462	0.02131497714526589	0.03723506800821678
gene-SYNPCC7002_RS07035	2127.6465269006494	-0.37723419052613955	0.07137788437527336	-5.285029023034768	1.2568482948754588e-7	4.837595636756077e-7
gene-SYNPCC7002_RS07040	105.55139599906683	-0.4530547296092234	0.14988589509714512	-3.0226642027629507	0.002505601066491943	0.005346493508394476
gene-SYNPCC7002_RS07045	1993.2467045216272	0.004382290611727707	0.048137400688280305	0.09103712599909107	0.9274630912433101	0.9461701942497934
gene-SYNPCC7002_RS07050	477.7891043953029	0.23521226324497396	0.07696647984735804	3.0560350910091403	0.002242850049742458	0.004823990439213514
gene-SYNPCC7002_RS07055	1100.065664470675	0.5774704033716658	0.08556437373174113	6.74895845299042	1.4891021839162015e-11	8.441722888505682e-11
gene-SYNPCC7002_RS07060	350.817325467855	0.2710640335205417	0.08162717954097443	3.320757069457185	8.977364103563634e-4	0.0020580543628353743
gene-SYNPCC7002_RS07065	2183.1795493642203	0.08396539649461857	0.0638529278956122	1.314981149053753	0.18851623799465977	0.25715426143645753
gene-SYNPCC7002_RS07070	3272.088692137594	0.15895092237128416	0.06602014519036693	2.407612432734802	0.01605721708966595	0.028844179644422135
gene-SYNPCC7002_RS07075	6405.816301467385	-0.1112543324271212	0.044067642501759284	-2.524626372347458	0.011582135429748024	0.02138697797267219
gene-SYNPCC7002_RS07080	339.7917886669964	-0.1711227375182515	0.09908979065209925	-1.7269462009366574	0.08417732592373336	0.1275664812804892
gene-SYNPCC7002_RS07085	697.084458026986	0.06212647213033787	0.08153772566752465	0.7619353081254998	0.44609861553429403	0.5260550887010965
gene-SYNPCC7002_RS07090	350.7753287986319	-0.09357155916769358	0.0968643201960945	-0.9660064611847274	0.33404094793914063	0.4152421461132866
gene-SYNPCC7002_RS07095	296668.1321031229	-0.3979275698488158	0.12603562296537393	-3.157262688804572	0.0015925780689551527	0.003523701441700499
gene-SYNPCC7002_RS07100	403.32524970579783	-0.4650259526016715	0.11232389964134967	-4.140044586116578	3.472383247354679e-5	9.991204063721864e-5
gene-SYNPCC7002_RS07105	1465.562527781844	0.002419390441051671	0.0821547876400093	0.02944917162531171	0.9765063565057142	0.9838005216336746
gene-SYNPCC7002_RS07110	4545.157827578613	-0.0020805280419447796	0.07707659952651337	-0.02699299209780401	0.9784653234921952	0.9849720586770674
gene-SYNPCC7002_RS07115	1116.5827184339519	0.056764635382541624	0.05348214566091715	1.0613754306425145	0.28851931804680453	0.3694371172933174
gene-SYNPCC7002_RS07120	1650.907192805989	0.09597117575012554	0.05034686652396672	1.9061995785664274	0.05662431690644176	0.08941117747617171
gene-SYNPCC7002_RS07125	620.4468616572759	-0.9857429654622966	0.07459614776403571	-13.214395045980416	7.246658247200496e-40	1.3638042294295352e-38
gene-SYNPCC7002_RS07130	729.9924528987533	-1.2285306561478841	0.09988883782383202	-12.298978373485236	9.172694873517218e-35	1.5148986380395528e-33
gene-SYNPCC7002_RS07135	1543.7263161728672	0.7503502088083198	0.08480417593645255	8.848033726199873	8.9074735637226e-19	7.85653730947413e-18
gene-SYNPCC7002_RS07140	240.00821575363582	0.2887413161514604	0.09267417113377312	3.115661166633675	0.0018353302553081926	0.0040087476629099995
gene-SYNPCC7002_RS07145	1740.5650021542172	0.4693782532371054	0.073796475134742065	6.360442722773496	2.011730630136954e-10	1.0238949763763082e-9
gene-SYNPCC7002_RS07150	1310.9112310465662	0.07422636543063721	0.08316220644320849	0.8925492553077753	0.3720986043293941	0.4543505025327231
gene-SYNPCC7002_RS07155	581.0122137232082	-0.3203110701913086	0.07551117823784925	-4.2419026913124736	2.216327894329763e-5	6.569829115334654e-5
gene-SYNPCC7002_RS07160	394.9191545115838	1.2923081283840714	0.09315802806726178	13.87221429215957	9.334988607871102e-44	1.9370101361332535e-42
gene-SYNPCC7002_RS07165	746.3476535913721	-0.6253794722990272	0.09962721031487916	-6.2771954601807	3.4473460052101504e-10	1.7036731326511842e-9
gene-SYNPCC7002_RS07170	762.5250654183791	-0.8395401400599672	0.0884189584377114	-9.495024086394311	2.2016047605425407e-21	2.2696161177949695e-20
gene-SYNPCC7002_RS07175	2138.9122140522372	0.09989324281541874	0.08541845047861225	1.1694574445649866	0.24221937714809613	0.317306403815616
gene-SYNPCC7002_RS07180	807.8563896632552	0.32912226873984973	0.08376628131194777	3.929054311414279	8.528057876374355e-5	2.3374532892314807e-4
gene-SYNPCC7002_RS07185	2002.7636753871739	-0.2877554534688963	0.06767717016337942	-4.2518836525555965	2.1197998654957422e-5	6.306794268942755e-5
gene-SYNPCC7002_RS07190	1093.0873078254263	0.11774016533504027	0.09499312514665101	1.2394598572609568	0.21517524611909392	0.2873441714882455
gene-SYNPCC7002_RS07195	456.57182250872177	-0.028211588891343713	0.06842931185122071	-0.4122734560400295	0.6801390020240645	0.739292282691776
gene-SYNPCC7002_RS07200	359.1191177047525	1.4945972461300934	0.10115052018231374	14.775971922202977	2.0931577289194504e-49	5.3774218797716357e-48
gene-SYNPCC7002_RS07205	1238.2025735149766	1.103003955776218	0.07624664728046099	14.466261732387993	1.9794161566672136e-47	4.643021810965051e-46
gene-SYNPCC7002_RS07210	3460.1266418588048	0.8776959939390877	0.062305841967884475	14.08689725100731	4.5721261263037325e-45	9.610371604444924e-44
gene-SYNPCC7002_RS07215	313.27130246895445	0.023772689388096693	0.10667549513170291	0.22285051837581474	0.8236518485209556	0.8624094646017522
gene-SYNPCC7002_RS07220	181.49785019984498	-0.27590529111141116	0.1296320170854397	-2.1283730463714345	0.03330616607710842	0.05557322659360823
gene-SYNPCC7002_RS07225	553.6032686814815	-0.0400906993114057	0.10020204662391101	-0.4000986073855196	0.6890838899003877	0.7473520914591967
gene-SYNPCC7002_RS07230	91.673764475574	0.39238542192544784	0.16605308318290826	2.3630119622243533	0.01812708448027889	0.032187258619123846
gene-SYNPCC7002_RS07235	69.14746431105563	-0.32605503742789216	0.16651524908516163	-1.958109177503235	0.05021720309502409	0.0804718249596995
gene-SYNPCC7002_RS07240	43.64781729596599	0.5375443860062402	0.1916860805480352	2.804295358689518	0.005042668740762965	0.010107194250061744
gene-SYNPCC7002_RS07245	62.9035303203186	0.10117979569936701	0.1837983511748856	0.5504934894823601	0.5819809411500556	0.6554879284978185
gene-SYNPCC7002_RS07250	171.07327485895186	0.11948652299336604	0.11587449194070791	1.031171925694452	0.302460203416377	0.3833452147450323
gene-SYNPCC7002_RS07255	84.97040400983204	0.05297648899726208	0.15537812751924163	0.34095203644864114	0.7331396898553479	0.7838748271118812
gene-SYNPCC7002_RS07260	119.57581914816245	-0.07372472562480434	0.13544162306385796	-0.5443284269418762	0.5862154885059638	0.6593396581979865
gene-SYNPCC7002_RS07265	196.29018585319582	-0.06613638781285226	0.1034451628075781	-0.639337655022834	0.5226032973501531	0.5986082354998038
gene-SYNPCC7002_RS07270	101.34225128334558	0.02117388649575624	0.12545418803099817	0.16877783697842305	0.8659713917441872	0.897007806424299
gene-SYNPCC7002_RS07275	42.85046375161043	0.2958987739700582	0.19705299943389307	1.5016202484617633	0.1331952109531673	0.19052271226487077
gene-SYNPCC7002_RS07280	441.59123939663436	0.4072863965832766	0.0950536183001425	4.284806868658318	1.8289800013775492e-5	5.5022381639954715e-5
gene-SYNPCC7002_RS07285	1635.7902341366894	0.2210444931990346	0.058511804140572374	3.777776064945522	1.5823506006152116e-4	4.1207312101298793e-4
gene-SYNPCC7002_RS07290	141.41057305675457	0.8715992791047605	0.14562362492398895	5.985287617717995	2.1600781262435818e-9	9.834279739311496e-9
gene-SYNPCC7002_RS07295	858.0445389327481	-0.3918346199918752	0.06862063984323016	-5.7101568986686155	1.12872067829436e-8	4.776037693645547e-8
gene-SYNPCC7002_RS07300	3998.8308139314954	1.167596964292577	0.07459517149506074	15.652446946514338	3.196872483476865e-55	9.581737249087603e-54
gene-SYNPCC7002_RS07305	4541.3874658131845	1.0543091913085494	0.07010482495204928	15.039038925347608	4.0742208006281975e-51	1.0722156692384938e-49
gene-SYNPCC7002_RS07310	8152.411611094234	0.7909220404151716	0.07308175380840741	10.82242829706398	2.695396906281846e-27	3.4623015022358477e-26
gene-SYNPCC7002_RS07315	2292.6823715859045	1.841619315555938	0.09211657993609405	19.992267589977427	6.430602119476638e-89	4.0815409923031135e-87
gene-SYNPCC7002_RS07320	355.2596147595486	0.8364505136489881	0.08443526938388982	9.906411381789022	3.904180715859586e-23	4.349209152673751e-22
gene-SYNPCC7002_RS07325	1324.2776702524993	-0.2877252642279461	0.07899986077215176	-3.6420983710058903	2.704246893050713e-4	6.833448237943137e-4
gene-SYNPCC7002_RS07330	2089.529499703447	-0.2671422238622945	0.06289074736074769	-4.247719021844973	2.1595800274874207e-5	6.40747987990539e-5
gene-SYNPCC7002_RS07335	568.3216669754917	0.40937552167493757	0.0832230100011034	4.919018450179943	8.69792716565618e-7	3.0804365684058044e-6
gene-SYNPCC7002_RS07340	365.09727481003245	-0.44540974406668893	0.07814891850165406	-5.6994997833176875	1.20159477447804e-8	5.071137268559864e-8
gene-SYNPCC7002_RS07345	1563.2426993096622	-0.49020889445173965	0.07667352778090936	-6.393456889742784	1.6217673612480336e-10	8.332795156126802e-10
gene-SYNPCC7002_RS07350	1432.9722451400344	-0.015048828900888685	0.07082337826081046	-0.21248391802874267	0.8317295228934419	0.8688103953570623
gene-SYNPCC7002_RS07355	20471.47477441829	0.9865193303163416	0.10642488918218092	9.269629857237549	1.8679301073243682e-20	1.8434419992100549e-19
gene-SYNPCC7002_RS07360	21.79623693046346	1.0483702975640097	0.28980084975622833	3.6175542564691128	2.9740000114234714e-4	7.456884614235303e-4
gene-SYNPCC7002_RS07365	207.56646899300839	0.12170861323558343	0.11537478080449927	1.0548978935164066	0.29147202577612147	0.3724812267814075
gene-SYNPCC7002_RS07370	366.7008813740796	-0.3927345390573865	0.07765713126496764	-5.057288785460908	4.252590131238184e-7	1.5501840377047297e-6
gene-SYNPCC7002_RS07375	1418.860256468265	-0.15119230173961956	0.10249352240589579	-1.4751400692510734	0.1401748897761918	0.19857598170920476
gene-SYNPCC7002_RS07380	1113.4381061042718	0.23030258222762945	0.053869958475679665	4.275157968269137	1.9100181894107354e-5	5.7141671710929304e-5
gene-SYNPCC7002_RS07385	1478.9456651127587	0.3737363852877173	0.05732564535455501	6.519532104282202	7.05270437306896e-11	3.7303274600693175e-10
gene-SYNPCC7002_RS07390	1012.8452364422847	4.152101357311733	0.18170654301388692	22.850588033004453	1.4418466480303885e-115	1.4585179998982398e-113
gene-SYNPCC7002_RS07395	1118.8511530777853	4.199779692563577	0.12845735649466314	32.69396013717642	1.9030958583710115e-234	6.1603212935469644e-232
gene-SYNPCC7002_RS07400	524.4431934642448	4.0407846021863065	0.14633422552254177	27.61339384383356	7.683969994305116e-168	1.1305914032529845e-165
gene-SYNPCC7002_RS07405	1963.1753954780468	-0.15928210849410968	0.0675927910287749	-2.3564955089116197	0.018448290724012353	0.03272170798554958
gene-SYNPCC7002_RS07410	1045.2112365392404	0.46124475862513564	0.08173007248407896	5.643513392392822	1.6661455975144426e-8	6.959113934392582e-8
gene-SYNPCC7002_RS16115	1218.5434746232565	0.055473971592393506	0.08920686207338273	0.6218576721907323	0.5340354599089121	0.6093312596845782
gene-SYNPCC7002_RS07420	242.27639582165858	0.38219021982323564	0.09418207468180743	4.057993212768554	4.94962060288151e-5	1.3932105992632562e-4
gene-SYNPCC7002_RS07425	60.619068935016195	0.7189084439538534	0.17869795259073742	4.023036825723079	5.745250906443956e-5	1.6004627525093877e-4
gene-SYNPCC7002_RS07430	232.7838969252719	0.5715221646267657	0.10110946795352783	5.6525088717651055	1.5812263431200175e-8	6.612958233436042e-8
gene-SYNPCC7002_RS07435	156.85122825827767	0.2822723259005671	0.11556155285589996	2.4426145108360386	0.014581302955861493	0.026457218423836127
gene-SYNPCC7002_RS07440	1040.7926977909565	-0.2479577970920562	0.06520730724849476	-3.80260752291347	1.4318109110799567e-4	3.758939107190446e-4
gene-SYNPCC7002_RS07445	643.9397056134658	-0.26561863048879636	0.06807246366078248	-3.9019981972802174	9.54018683362997e-5	2.586397385298175e-4
gene-SYNPCC7002_RS16120	552.5642552397438	-0.8304950295519833	0.11741468585616782	-7.073178482709854	1.51424518519055e-12	9.283355425117065e-12
gene-SYNPCC7002_RS07455	260.224938137229	0.38689394324701837	0.12648360182829432	3.058846661974725	0.00222190844769862	0.00478849377177126
gene-SYNPCC7002_RS07460	766.5459037219492	-0.8693318708291307	0.07760759827214034	-11.201633476411862	4.002838451449358e-29	5.398828361392322e-28
gene-SYNPCC7002_RS07465	11608.552354677182	-1.1421778233724298	0.05585265642148359	-20.44983885373613	6.027399315615348e-93	4.241454692314539e-91
gene-SYNPCC7002_RS07470	242.26323098862196	-0.3304585335428136	0.12754920698888833	-2.59083173736707	0.00957442921735537	0.01793543250959452
gene-SYNPCC7002_RS07475	1314.3077447814726	-0.3515971572284033	0.063937418242122	-5.499082804641163	3.8177183523222985e-8	1.54474428830841e-7
gene-SYNPCC7002_RS07480	3966.433717545298	-0.520977292404155	0.061629761184963196	-8.453339464363626	2.830870757125742e-17	2.2738284468526125e-16
gene-SYNPCC7002_RS16975	201.12419803953074	-0.8059846386326512	0.13648579232029462	-5.9052640200177535	3.5208242985391262e-9	1.561220308817966e-8
gene-SYNPCC7002_RS07490	6794.410614353114	-0.10004698452917477	0.09015176531987354	-1.1097617908444868	0.26710168826996517	0.3452908006908455
gene-SYNPCC7002_RS07495	824.562456436774	-0.38973464331269125	0.0884158795303575	-4.407971117664178	1.0434345532226841e-5	3.250815831358834e-5
gene-SYNPCC7002_RS07500	2156.9212631949495	-0.3328061840481722	0.043412179817918846	-7.666193806531752	1.7717541350642352e-14	1.2099510833761456e-13
gene-SYNPCC7002_RS07505	2517.3079358098857	0.08299810264333664	0.06518820905759579	1.2732072846180704	0.20294449630167014	0.27303879240586293
gene-SYNPCC7002_RS07510	17767.887314223768	-0.7130714367437408	0.0840286727025909	-8.486049033138594	2.137812692422207e-17	1.730024921342671e-16
gene-SYNPCC7002_RS07515	1831.5733881641058	-0.13621771668998303	0.060427184231596535	-2.2542456416288994	0.02418071892555458	0.0418124931421048
gene-SYNPCC7002_RS07520	7317.857736346872	-0.3487198104480437	0.05906236923243538	-5.904263831267653	3.5422490340479947e-9	1.5664289785810597e-8
gene-SYNPCC7002_RS07525	3920.7370969974536	-0.43772822289839375	0.06587215990529305	-6.645117201678715	3.029758928358679e-11	1.670754625399837e-10
gene-SYNPCC7002_RS07530	1223.4009522295369	-0.17538844229569522	0.06915546751567439	-2.536147156491172	0.011207962549278347	0.020767129234123646
gene-SYNPCC7002_RS07535	5035.967357326669	-0.49182339758258115	0.09122523922114018	-5.391308389889187	6.994651615585387e-8	2.7645527813980337e-7
gene-SYNPCC7002_RS07540	1615.9190854662384	-0.304148124647759	0.06496335197192417	-4.6818416140103976	2.843091186480754e-6	9.52700431743085e-6
gene-SYNPCC7002_RS07545	5516.660009893097	-0.5157773928916908	0.10624099756006918	-4.854786802995404	1.205163309350926e-6	4.199261175854626e-6
gene-SYNPCC7002_RS07550	3044.0978353527794	-0.6683854183243289	0.0983650448867235	-6.794948541873151	1.0835119590909817e-11	6.251921945770959e-11
gene-SYNPCC7002_RS07555	3651.9382985837346	-0.6074544240927998	0.11488571222426576	-5.287467103890186	1.2402165556269488e-7	4.779263084005278e-7
gene-SYNPCC7002_RS16125	2377.845888851446	-0.8094636725697101	0.1653305304234007	-4.89603263533194	9.779083270096198e-7	3.433285525520758e-6
gene-SYNPCC7002_RS07565	3410.248470433934	-0.8521433147712731	0.09962485839751811	-8.553520963323166	1.1938960119181913e-17	9.833693105799453e-17
gene-SYNPCC7002_RS07570	4703.173317502895	-0.8170008466794146	0.0835924050243054	-9.773625324476102	1.4612751341960092e-22	1.5980228410109736e-21
gene-SYNPCC7002_RS07575	3612.4841617352013	-0.8701946118336479	0.08578403371331941	-10.144016015168281	3.523109140172136e-24	4.072965816691858e-23
gene-SYNPCC7002_RS16130	2454.72774921732	-0.7997350057924122	0.0827696602642175	-9.662175768747826	4.364932773707137e-22	4.663131151316832e-21
gene-SYNPCC7002_RS07585	855.1850864019912	-0.5284156006470807	0.08234263954152049	-6.417277896230569	1.3873254411704364e-10	7.196750726071639e-10
gene-SYNPCC7002_RS07590	1692.9344501861242	-0.44432894597425654	0.07747530180493593	-5.73510442196107	9.745228681539065e-9	4.139803837551437e-8
gene-SYNPCC7002_RS07595	4091.318825565467	-0.5166092225542478	0.06424097830621404	-8.041739652403084	8.857191836082431e-16	6.560807774233142e-15
gene-SYNPCC7002_RS07600	3048.025793820276	-0.49611004699633554	0.054844014206257216	-9.045837621049515	1.485220607566563e-19	1.3815112375554494e-18
gene-SYNPCC7002_RS07605	1664.671660313081	-0.5728175826638826	0.0652315416479233	-8.781297639040526	1.615992803677371e-18	1.3949249881343065e-17
gene-SYNPCC7002_RS17220	157.0111755098863	-0.7407553573431999	0.10929534738183774	-6.777556182289015	1.2222562893786893e-11	6.990183054273528e-11
gene-SYNPCC7002_RS16445	181.3229625298962	-0.42970795394146943	0.1335003388876088	-3.2187780010298837	0.0012873811177912646	0.0028819174815285778
gene-SYNPCC7002_RS07615	1382.2184804036845	0.07191740964678969	0.08448038455434097	0.851291220159275	0.39460760087236174	0.47662119553128174
gene-SYNPCC7002_RS07620	1131.8300958015955	0.10525437688988153	0.07087395934973573	1.4850923788593728	0.13751935464907125	0.19541270895480406
gene-SYNPCC7002_RS07625	508.3807788129423	0.6833285385780474	0.0748906233210469	9.12435373449493	7.216552964014973e-20	6.931745384129515e-19
gene-SYNPCC7002_RS07630	1542.738884890742	0.29982366920625736	0.07539919136553692	3.9764838823364257	6.994173700399733e-5	1.9331172676086033e-4
gene-SYNPCC7002_RS07635	2224.6224254958906	0.15469865804520513	0.053938820068498525	2.8680393425134008	0.00413024170480104	0.008403263606813934
gene-SYNPCC7002_RS07640	392.1311065373504	0.26082481870130664	0.07262214750814955	3.5915327162700232	3.2873889804134785e-4	8.166752209975771e-4
gene-SYNPCC7002_RS07645	4510.826202187162	0.0513476196751945	0.06325573251149384	0.8117465032258446	0.41693710451558436	0.49912182223259854
gene-SYNPCC7002_RS07650	1248.7842728450316	0.018342306477899965	0.0669330866480748	0.27403945337739094	0.784054302344776	0.8299975256723696
gene-SYNPCC7002_RS07655	380.8576214773692	-0.27373226178216803	0.1434219827661655	-1.9085795392220994	0.05631635347692541	0.0890552204224756
gene-SYNPCC7002_RS07660	9319.65295192654	0.7706819445231637	0.10118124484217092	7.616845846533352	2.5994946984395616e-14	1.7530342372601794e-13
gene-SYNPCC7002_RS07665	927.4417630873425	-0.2248502991992389	0.05079975713246138	-4.4262081531794975	9.590398505546814e-6	2.9965366759126482e-5
gene-SYNPCC7002_RS07670	764.3242193362292	0.47922543313270083	0.06217274965645139	7.707965881849552	1.2783891178410927e-14	8.880140717707333e-14
gene-SYNPCC7002_RS07675	613.7619117027087	-0.19145788895852972	0.07040846353531553	-2.7192453768359557	0.006543104933085533	0.012748634104208371
gene-SYNPCC7002_RS07680	2287.400586476061	0.09503047665080176	0.05542094871370708	1.7147031737350644	0.08639966140329339	0.13044575744517756
gene-SYNPCC7002_RS07685	687.1074242403092	0.8292312671095886	0.07656850291471323	10.829926608768073	2.4835429511993537e-27	3.2028798936383696e-26
gene-SYNPCC7002_RS07690	7690.8904914439345	0.37140058125255193	0.06213589682515923	5.977230558007645	2.2696287868318953e-9	1.0289619583998382e-8
gene-SYNPCC7002_RS07695	5254.741239335843	0.2967636237356981	0.04392011982775129	6.756894673775128	1.4098059748903236e-11	8.00621393108768e-11
gene-SYNPCC7002_RS16675	367.23977006262913	0.23397336046106115	0.10675048667990386	2.1917779275577525	0.028395545639686173	0.04822475405858559
gene-SYNPCC7002_RS07700	1330.487115467944	0.14054880428681518	0.08087733266985751	1.7378021708571612	0.08224567803775065	0.12493160948296521
gene-SYNPCC7002_RS07705	1977.2012030876117	0.21534107783759387	0.05225891490695211	4.120657273902689	3.777930686418013e-5	1.0841455347460202e-4
gene-SYNPCC7002_RS07710	1306.1416381015206	-0.10316639240495273	0.08211015340558911	-1.256438919257096	0.208956878434144	0.28019611246533727
gene-SYNPCC7002_RS07715	2937.8029349871676	0.1945365636259113	0.052110456058194664	3.733157956028276	1.8909392531150565e-4	4.869507050384596e-4
gene-SYNPCC7002_RS07720	1136.081234997062	0.3101989571061322	0.07457547266275757	4.159530553817639	3.189023612552153e-5	9.241601999848987e-5
gene-SYNPCC7002_RS07725	664.6310443371634	0.06133155191629099	0.08629320284412807	0.7107344483096142	0.4772488084442961	0.5559029841432842
gene-SYNPCC7002_RS07730	888.6348372384663	0.06208692390474543	0.06521141405408859	0.9520867597388457	0.34105298327166883	0.4224984718141569
gene-SYNPCC7002_RS07735	7284.429087882263	0.04049139213893186	0.04810760364402346	0.8416838310748455	0.3999649510895718	0.4823720367648822
gene-SYNPCC7002_RS07740	2746.0593154240582	0.2919675027404443	0.06393790742648288	4.566422557324926	4.961182030689482e-6	1.607542165499685e-5
gene-SYNPCC7002_RS07745	985.0929621600229	0.1361351853640657	0.12277018376853736	1.1088619499073635	0.2674897406200537	0.34565440734016517
gene-SYNPCC7002_RS07750	1121.0825838106005	-0.034653645926477766	0.08295125457989466	-0.41775915387875223	0.6761232177868872	0.7363548272039061
gene-SYNPCC7002_RS07755	1599.22792820643	-0.11942525185786307	0.06210027393557221	-1.9231034629857573	0.05446705753573212	0.08637776856609967
gene-SYNPCC7002_RS07760	752.778884249712	-0.17044550380529128	0.06694612963853562	-2.5460098249978476	0.010896212149390929	0.020253744582731523
gene-SYNPCC7002_RS07765	3387.2686450075676	0.08461664469837665	0.0504224477675084	1.6781542436918855	0.09331699161393438	0.13920142942594727
gene-SYNPCC7002_RS07770	759.8779862615817	0.06428736852588328	0.10716403723572322	0.5998968514453562	0.5485749808996201	0.6235032349621034
gene-SYNPCC7002_RS07775	539.4042529948478	0.13648871832217613	0.10905250067235184	1.2515872399135202	0.2107203065513715	0.28228656112807066
gene-SYNPCC7002_RS07780	300.1943383268182	0.35034204194460816	0.14978158963110103	2.3390193868783875	0.019334430163510163	0.03408175817658206
gene-SYNPCC7002_RS07785	262.9116206113952	-0.027982317754627884	0.11206908247524743	-0.24968811322969747	0.8028285513738701	0.8451959742935993
gene-SYNPCC7002_RS07790	954.7524430602452	0.08862655838882554	0.09321327407053759	0.9507933207212405	0.3417093038925762	0.4231495855777618
gene-SYNPCC7002_RS07795	183.20328879054395	0.08848494876673439	0.12176075097185059	0.7267115885905705	0.46740265284047017	0.5467952248805934
gene-SYNPCC7002_RS07800	1210.9381897308551	-0.0808512339165057	0.08353177355320754	-0.9679099398626511	0.33308934969714055	0.41438318974629346
gene-SYNPCC7002_RS16980	2803.6847936774207	0.12656812512572757	0.07530844316876542	1.6806631474520028	0.09282836260471297	0.13853638070606542
gene-SYNPCC7002_RS07810	652.7209835333214	0.3437107531762141	0.08227623460376754	4.177521672345407	2.94702591586637e-5	8.555625910008465e-5
gene-SYNPCC7002_RS07815	202003.7093196383	-0.6443504908707385	0.07389350537969393	-8.719988144557657	2.782309208674983e-18	2.376341664506839e-17
gene-SYNPCC7002_RS07820	92401.28588674082	-0.7181956059939881	0.0816702520404992	-8.793845837990611	1.4452584348156913e-18	1.2576079444888152e-17
gene-SYNPCC7002_RS07825	400.98822987932	-0.04861652352457024	0.0820264974280952	-0.5926929108144318	0.5533866866512921	0.6276498614892195
gene-SYNPCC7002_RS07830	1342.2125541866196	0.02033915884845304	0.07824715359927119	0.2599348080138021	0.7949140609523877	0.8385521892067499
gene-SYNPCC7002_RS07835	797.1882827369642	-0.29939129709839496	0.07879016599565558	-3.799856153557325	1.447801018630303e-4	3.791692473548779e-4
gene-SYNPCC7002_RS16450	513.2345709098997	-0.3371297174743256	0.09535312154100216	-3.535591829884234	4.068628075020844e-4	9.939735153843374e-4
gene-SYNPCC7002_RS07840	493.6173380572656	-0.19479442234166286	0.08872782721170927	-2.1954152204907835	0.028133826284020873	0.04784038009150165
gene-SYNPCC7002_RS07845	2813.665389399118	-0.15258310087249102	0.059296155489564815	-2.5732376679857976	0.010075199406205188	0.018792341047862544
gene-SYNPCC7002_RS07850	3673.555147161859	-0.11279938287064427	0.04460992558152205	-2.528571419930077	0.011452778246272633	0.021172269093766138
gene-SYNPCC7002_RS07855	227.13286066594156	0.05930546155660837	0.13422729224474594	0.4418286368205402	0.6586132143728892	0.7217098764133522
gene-SYNPCC7002_RS07860	1061.460586289628	0.43672780062867894	0.10679366343349314	4.089454248384837	4.3238934195031806e-5	1.2223967684656592e-4
gene-SYNPCC7002_RS07865	4270.183596051535	0.37869779499082445	0.07097917623726979	5.33533657427793	9.536749042483587e-8	3.728316020594127e-7
gene-SYNPCC7002_RS07870	529.29177223285	-0.3554422019223581	0.09242733349616096	-3.8456394713271878	1.2023844761884026e-4	3.190261106083491e-4
gene-SYNPCC7002_RS07875	1334.055501322717	-0.16683566258211188	0.09236883440953568	-1.806189973583651	0.07088867052563899	0.10958291618504938
gene-SYNPCC7002_RS07880	2278.2920886944125	0.025830851290310698	0.057163474619905924	0.45187685776741904	0.651357697045015	0.715255487314625
gene-SYNPCC7002_RS07885	1342.2803698879436	0.13006704678351405	0.09323285945547793	1.3950773101153866	0.16299252759135652	0.22595580805705398
gene-SYNPCC7002_RS07890	2158.440147597303	0.11849963053114047	0.07318998963499945	1.6190688251508367	0.10543245549823929	0.154567417775272
gene-SYNPCC7002_RS07895	1124.4020380345473	-0.05986649904684039	0.05540934591484012	-1.0804404574428756	0.27994608804609095	0.3600260178804912
gene-SYNPCC7002_RS07900	172.13972330353795	0.12320054673487378	0.10028311371869292	1.2285273379172013	0.2192490734136863	0.29170129496099567
gene-SYNPCC7002_RS07905	986.3776355431725	0.031120413911666794	0.0843217563475585	0.36906743004016984	0.7120774649344923	0.7665429843674598
gene-SYNPCC7002_RS07910	646.3740180640208	-0.001609580359068297	0.08628161156043865	-0.018654964017921896	0.9851163555032119	0.9903172803614587
gene-SYNPCC7002_RS07915	2745.8734844780074	-0.529075160926592	0.08399813240208798	-6.298653860468933	3.0024160958814913e-10	1.502136151834372e-9
gene-SYNPCC7002_RS07920	90.14123657923302	0.05947257828688827	0.1487055203382617	0.3999352421591713	0.689204214155327	0.7473520914591967
gene-SYNPCC7002_RS07925	2352.098921180035	0.03701412617741771	0.08701406165328934	0.42538097261683777	0.6705589743865513	0.7315805190728907
gene-SYNPCC7002_RS07930	1066.6761191823018	0.27059838973102085	0.0601293580873196	4.500270721966781	6.786697219313048e-6	2.1622577656413718e-5
gene-SYNPCC7002_RS07935	5461.972056620388	1.0881266801260923	0.06728695317009199	16.171436346292282	8.020637453483682e-59	2.649265656829253e-57
gene-SYNPCC7002_RS07940	1317.112642019093	0.4906715524698323	0.05454284838953219	8.99607495680408	2.3393159708663304e-19	2.1451461183270004e-18
gene-SYNPCC7002_RS07945	977.3516622656206	0.28509140817478024	0.11075695651539787	2.5740271053326182	0.010052239776693943	0.018765340344381945
gene-SYNPCC7002_RS07950	20213.873740892697	-0.11970397745929023	0.09179781940783248	-1.3039958708330355	0.1922349902443406	0.26134593171815645
gene-SYNPCC7002_RS07955	893.6961486794379	-0.1939580555691334	0.08917609104540476	-2.1750006453005213	0.029630068028191348	0.05013723481822028
gene-SYNPCC7002_RS07960	936.8448744843804	-0.402824119987034	0.06968242829365467	-5.780856520806917	7.432125674016516e-9	3.190688435913987e-8
gene-SYNPCC7002_RS16455	66931.0521628528	-0.9088552347831187	0.06863828237838947	-13.241229286198873	5.071192870727459e-40	9.656147836791052e-39
gene-SYNPCC7002_RS07965	653.6396913088512	-0.014833428849998862	0.07602243465439752	-0.19511909763785526	0.8452997121562345	0.8815190619361246
gene-SYNPCC7002_RS17225	2484.1996793180183	-0.22438285077205644	0.11141767452317902	-2.0138891942622306	0.04402116829182508	0.07164229349453885
gene-SYNPCC7002_RS07975	1382.2010229983334	0.07184768413206734	0.06208122285108643	1.1573174759203377	0.24714267612414695	0.3225888535111107
gene-SYNPCC7002_RS07980	4998.5303105972225	0.37735375888349587	0.05895205889873438	6.401027647426189	1.5433462039915932e-10	7.942466871734161e-10
gene-SYNPCC7002_RS07985	807.9656802889251	0.39154894774996707	0.06329551317571784	6.186045868100768	6.169206400551503e-10	2.971684690265657e-9
gene-SYNPCC7002_RS07990	783.935374524929	0.21982687484387967	0.08654732233597913	2.5399615945425276	0.011086464212583554	0.020565549946208003
gene-SYNPCC7002_RS07995	1028.7158259294874	-0.17013749243984846	0.0761410990879259	-2.2345027124362598	0.02545001427275891	0.04384337211331591
gene-SYNPCC7002_RS08000	4.985023224695657	0.31388169519100767	0.8899128425382551	0.3527106028672855	0.7243054096725337	0.7766070258728027
gene-SYNPCC7002_RS08005	6595.38192993293	0.16224804243287494	0.0519918937922856	3.120641134579114	0.0018045780073684965	0.0039495733670397715
gene-SYNPCC7002_RS08010	759.453914102388	0.2561066013128804	0.09392331306322911	2.726762855357004	0.006395898765979179	0.012494583165645506
gene-SYNPCC7002_RS08015	6384.28154870036	0.31068093066477054	0.05957699810398978	5.214779873978993	1.8403564668512065e-7	6.935080189985279e-7
gene-SYNPCC7002_RS08020	1630.047546811548	0.17581452228855224	0.0777570556982877	2.261074840214454	0.02375462306939039	0.04114163449738721
gene-SYNPCC7002_RS08025	959.6889010752328	0.344861745840729	0.07842568465139227	4.39730615516669	1.0960269513310603e-5	3.3952072427396e-5
gene-SYNPCC7002_RS08030	5613.6608821493355	-0.03757965632082477	0.06709125192005638	-0.5601275165591394	0.5753924628327824	0.6491967243603056
gene-SYNPCC7002_RS08035	1233.933055773529	-0.6454124163705703	0.0839110308574242	-7.691627784518705	1.4527473765124737e-14	1.0048169354211277e-13
gene-SYNPCC7002_RS08040	17593.995613227395	-0.38653997413069757	0.08606428265288521	-4.49129374248888	7.079183639395402e-6	2.2488044593447416e-5
gene-SYNPCC7002_RS08045	603.5808110162117	-0.008842171591370558	0.08630137794103694	-0.10245689932566002	0.9183940221105106	0.9392863979689487
gene-SYNPCC7002_RS08050	2257.359498471691	-0.13304233424369935	0.07256851136530908	-1.8333342070910856	0.06675288530982804	0.10383425744733943
gene-SYNPCC7002_RS08055	2803.116308131636	0.21168728169509513	0.05068672334872432	4.176385209173771	2.961780973773832e-5	8.590757179306356e-5
gene-SYNPCC7002_RS08060	1822.0795173350846	-0.03333247347971999	0.09076037558355156	-0.367257994090549	0.713426583958763	0.7676497046321847
gene-SYNPCC7002_RS08065	5169.596683969488	-0.24791420663567817	0.08581349883186432	-2.888988445995195	0.0038648327448852957	0.007908004801007397
gene-SYNPCC7002_RS16685	156.50885826411545	0.24017637578970272	0.12013452500824935	1.9992285795711964	0.04558362764913732	0.07363272178636393
gene-SYNPCC7002_RS08070	1061.0280509534216	0.1305826824438282	0.06489315431853351	2.012272077311146	0.04419126418232555	0.07188297595888835
gene-SYNPCC7002_RS08075	696.4335486815165	0.6889881953750652	0.05952778499488633	11.574228663711441	5.566968568024311e-31	7.973574006502077e-30
gene-SYNPCC7002_RS16135	269.4021477595149	0.407827015811009	0.09268005196106932	4.400375347030649	1.080637910399846e-5	3.360254482194334e-5
gene-SYNPCC7002_RS08085	19083.508664842597	-0.45263906774682866	0.05008742914717187	-9.036979446815677	1.610606476700008e-19	1.4938490444349357e-18
gene-SYNPCC7002_RS08090	410.0556371970854	-0.1392803675124023	0.07116350477084737	-1.9571881396355773	0.05032535272851385	0.08060522849193436
gene-SYNPCC7002_RS08095	2024.6301413744002	0.508412973218682	0.05607574517707995	9.066539759983208	1.228565830196054e-19	1.1460713522606993e-18
gene-SYNPCC7002_RS08100	1185.044155464685	0.24572567897884448	0.08449738587685171	2.908086166558695	0.003636481240267087	0.007464356230021916
gene-SYNPCC7002_RS08105	2214.5238442666846	-0.07485438868351578	0.08290227253266398	-0.9029232419898104	0.3665666343714786	0.4487807093269577
gene-SYNPCC7002_RS08110	3046.8095313050417	-0.3026534036885032	0.20195400193839014	-1.4986254334332691	0.13397083086371803	0.19120969114014782
gene-SYNPCC7002_RS08115	333.51024060442194	0.03420907985895085	0.10276851726138554	0.3328750941491363	0.7392285703322483	0.7895655923103924
gene-SYNPCC7002_RS08120	3192.088965127457	0.2112422317265137	0.06087897991993754	3.469871407246313	5.207075976807019e-4	0.001246694152139373
gene-SYNPCC7002_RS08125	4637.635628134004	0.662566157519927	0.056287234157528954	11.77116210161665	5.496211784699469e-32	8.392093182581217e-31
gene-SYNPCC7002_RS08130	269.5817819017581	1.8499768410773674	0.09940804043562293	18.60993168128508	2.6695767684998997e-77	1.3502218749428398e-75
gene-SYNPCC7002_RS08135	417.10029706607605	0.22103657397536897	0.11379678228609262	1.9423798242349983	0.05209113592915978	0.08318648594113971
gene-SYNPCC7002_RS08140	277.13592639605355	0.2131990732265437	0.09108797194621465	2.3405842579570533	0.01925359342541705	0.03398248741443566
gene-SYNPCC7002_RS08145	5425.1304802776185	-0.27036902258766077	0.07548946739358711	-3.5815462994063836	3.415665898551346e-4	8.433646463471172e-4
gene-SYNPCC7002_RS08150	906.0087132069491	-0.16340958373220543	0.10582506076898536	-1.5441482626589393	0.12255241918071536	0.1771782853452325
gene-SYNPCC7002_RS08155	109.66344577360107	0.5587088769188093	0.15101626561881556	3.6996602626174204	2.1588827590628487e-4	5.533098567764403e-4
gene-SYNPCC7002_RS08160	36694.11391857636	-0.9337220257370192	0.05007272176319733	-18.647319196123473	1.3276976427348477e-77	6.821836935766194e-76
gene-SYNPCC7002_RS08165	1762.741629897459	-0.5623109170399221	0.09497335081841908	-5.920723152276816	3.2052904397476492e-9	1.4232544792130508e-8
gene-SYNPCC7002_RS08170	16477.729285578764	-0.46887792637166403	0.06907153218997493	-6.7882948518075175	1.1346657637475737e-11	6.512257229168256e-11
gene-SYNPCC7002_RS08175	1145.662915329079	-0.5449984181512969	0.12145092565349234	-4.48739616613721	7.209893123437637e-6	2.2858397689096603e-5
gene-SYNPCC7002_RS08185	287.661414685955	-0.11104748816402608	0.12470696032834287	-0.8904674436105847	0.3732149421944319	0.4555417676784978
gene-SYNPCC7002_RS08190	575.3358436350399	0.22682421432176178	0.08508780590147487	2.6657664035244575	0.0076813045542228975	0.014730084622049479
gene-SYNPCC7002_RS08195	136.9457554058544	0.3003921285713582	0.12404669243084197	2.421605305911979	0.015452123295004396	0.027865472482411825
gene-SYNPCC7002_RS08200	1558.7438669143698	0.07416897648398167	0.05939104401664008	1.2488242581356397	0.211729359352204	0.2833269682608865
gene-SYNPCC7002_RS08205	3977.102181734741	-0.17664850060675294	0.0503881196125786	-3.505756951538541	4.553107823529005e-4	0.0011031744030511519
gene-SYNPCC7002_RS08210	510.8566614532021	0.16854554590425377	0.1122973935492334	1.500885644601894	0.13338514176518448	0.19071011656091086
gene-SYNPCC7002_RS08215	1002.5928438646117	0.07735782303168351	0.05493174162572671	1.4082536024208956	0.1590559891172881	0.22144698355813403
gene-SYNPCC7002_RS08220	1808.8660684092752	-0.16173135949537892	0.0728533217308125	-2.219958618948962	0.026421576752448876	0.04539630782785404
gene-SYNPCC7002_RS08225	309.902199505839	-0.3431715951118506	0.12610685135730224	-2.7212763733156136	0.006503036774792578	0.012680921710845528
gene-SYNPCC7002_RS08230	1177.438165373196	-0.07509814914914663	0.09513842301636308	-0.7893566738669856	0.42990357111456934	0.5106781136505912
gene-SYNPCC7002_RS08235	1317.7816970454082	-0.11527805935830171	0.052154581498531076	-2.2103151064791593	0.02708330092465862	0.04636099687631939
gene-SYNPCC7002_RS08240	3740.298648018084	0.38396190806158187	0.06341624259673112	6.054630365019036	1.4074045787420792e-9	6.508240887697301e-9
gene-SYNPCC7002_RS08245	922.9776863358876	0.11194603976260975	0.07462791423417642	1.5000558559272077	0.13359993449303537	0.19084862663457877
gene-SYNPCC7002_RS08250	1402.0593369557284	0.35884222140263905	0.05657801269522961	6.34243240984134	2.2616544563256097e-10	1.1439024179884371e-9
gene-SYNPCC7002_RS08255	2914.649586022279	0.10960122402008042	0.05792123442427302	1.8922459976811181	0.05845821235907801	0.09190992256763394
gene-SYNPCC7002_RS16140	1952.648998836071	-0.37847469168211567	0.052171532075463156	-7.254429314720403	4.0335885014629823e-13	2.555132285564711e-12
gene-SYNPCC7002_RS08265	580.7899754635246	-0.0066910398029519265	0.10473231269383196	-0.0638870624628724	0.9490601538926842	0.9617729799478698
gene-SYNPCC7002_RS08275	3187.267065728481	-0.6403270071146507	0.07446392912760873	-8.599156861805174	8.030386506225984e-18	6.665220800167568e-17
gene-SYNPCC7002_RS08280	581.3453605719963	0.010911038416547086	0.07365553264250012	0.148136033032382	0.8822354128966163	0.9115212357313589
gene-SYNPCC7002_RS08285	7174.749463479784	0.813946913698612	0.05360941911488582	15.182908659284502	4.589694683416842e-52	1.2380701408516933e-50
gene-SYNPCC7002_RS08290	585.0885741398876	0.3494888457332691	0.09735361790983274	3.5898906813813505	3.30816670255647e-4	8.199491283442032e-4
gene-SYNPCC7002_RS08295	2476.3314968860254	-0.10159364109430924	0.09935239107308771	-1.0225585916656275	0.3065165964238302	0.387727324198491
gene-SYNPCC7002_RS08305	5202.511192119563	0.016573480482253242	0.07686434848871107	0.2156198654918328	0.8292840696052273	0.8667718867652957
gene-SYNPCC7002_RS08310	961.9061240071884	0.1977091714119199	0.06546831300018524	3.0199215826954404	0.002528401391589751	0.005380956807742291
gene-SYNPCC7002_RS08315	384.2868563810098	0.31823191153489533	0.08875198035719778	3.585631669897569	3.362632882238839e-4	8.315387807339284e-4
gene-SYNPCC7002_RS08320	232.950455696831	0.11264061917369114	0.11857091228693867	0.9499852619932926	0.34211974131754486	0.42349583275139296
gene-SYNPCC7002_RS08325	19.147797564023602	-0.08659406589471012	0.3501197670359459	-0.24732698364277084	0.8046551774147526	0.846441362279207
gene-SYNPCC7002_RS08330	4470.049299590498	1.0840421774337488	0.05516446995692423	19.651093870388582	5.6580283298745026e-86	3.522122635346878e-84
gene-SYNPCC7002_RS08335	447.06217370852755	0.2945793806479463	0.07903210520172077	3.7273381481622536	1.9351275169031734e-4	4.971434739853629e-4
gene-SYNPCC7002_RS08340	1145.4943414383843	0.46377150564875047	0.062942128686363355	7.368220861415326	1.729201445766071e-13	1.1262424708138373e-12
gene-SYNPCC7002_RS08345	1388.1746066272337	-0.07368917302588111	0.08790303627823842	-0.8383006565624612	0.4018618672529804	0.4839385655870154
gene-SYNPCC7002_RS08350	4563.320027745847	-0.056347072153099954	0.061468578126664994	-0.9166809103179282	0.3593098722165978	0.4417341649696647
gene-SYNPCC7002_RS08355	93.59382723546524	0.33815157049023475	0.13401246443401876	2.5232844714733544	0.011626430616275866	0.021456531302671025
gene-SYNPCC7002_RS08360	168.71554063935685	0.011261865025235221	0.1499955800880154	0.07508131252018833	0.9401500163001252	0.9551994986702779
gene-SYNPCC7002_RS08365	291.2616892382616	0.1934289356639189	0.11310190264582502	1.7102182292161379	0.08722552600863236	0.131325129158113
gene-SYNPCC7002_RS08370	6830.753048974923	3.057664246888313	0.09742684280129564	31.38420746245972	3.323545698543072e-216	8.965264521819937e-214
gene-SYNPCC7002_RS08375	5874.024964982265	0.32275380070670906	0.053219020661528504	6.064632469646789	1.322557340015908e-9	6.133407033856009e-9
gene-SYNPCC7002_RS08380	396.0395021522956	-0.43743615324461405	0.07875080042989281	-5.554688344203404	2.7810750350104502e-8	1.1395366947251679e-7
gene-SYNPCC7002_RS08385	1111.7539001748648	0.2677198922600985	0.08255810563018873	3.2428056605286537	0.0011835891420375077	0.0026643101896908295
gene-SYNPCC7002_RS08390	3418.5211117476247	-0.3356387815438472	0.06419618129559519	-5.22832939234155	1.7104857059290518e-7	6.460726056117083e-7
gene-SYNPCC7002_RS08395	4645.739895062826	-0.07979120251135635	0.07086262723173818	-1.1259983665355722	0.26016621073244517	0.33753828622882764
gene-SYNPCC7002_RS08400	260.33847863879384	-0.18781128406060715	0.09758199143787159	-1.9246510682268936	0.05427302593041184	0.08620303480703785
gene-SYNPCC7002_RS08405	166.0808564038356	-0.39226774660066394	0.13610565065270253	-2.8820827402794906	0.003950559814407701	0.008063027817930472
gene-SYNPCC7002_RS08410	406.92316420354194	0.0012790156592951238	0.08073713990814248	0.015841726134345428	0.9873606599652165	0.9915596601939997
gene-SYNPCC7002_RS08415	324.18999108421673	0.3991843298247107	0.0909782191699428	4.387691180007098	1.1456028153423037e-5	3.535096580803658e-5
gene-SYNPCC7002_RS08420	768.8625948810875	-0.3586623162103782	0.07811991342381622	-4.5911765706211565	4.407542507863797e-6	1.4367789625332437e-5
gene-SYNPCC7002_RS08425	1043.767680539535	0.03141527319376526	0.0844213767728797	0.3721246252389643	0.7098000625293581	0.764599934245435
gene-SYNPCC7002_RS08430	11681.111891541832	-0.23193867458761303	0.05915290630514413	-3.921002180199604	8.818146498009466e-5	2.4088050813549908e-4
gene-SYNPCC7002_RS08435	1932.4464428956087	-0.4553299988517066	0.1020618114053318	-4.461316065059764	8.145784527732104e-6	2.5674687941839164e-5
gene-SYNPCC7002_RS08440	379.8862819989192	-0.4188257943781961	0.10826849456420826	-3.868399538240674	1.0955205478242988e-4	2.9380281800391506e-4
gene-SYNPCC7002_RS08445	769.2913313402515	-0.3573194333588253	0.08535364636975643	-4.186340578947254	2.8348788085203423e-5	8.244836211303097e-5
gene-SYNPCC7002_RS08450	130.72244348880767	-0.008472166994728568	0.13401032767517612	-0.06322025430207152	0.9495911164391078	0.9617729799478698
gene-SYNPCC7002_RS08455	3140.078089314901	0.27610715393326446	0.07868336959773362	3.509091633274656	4.496399618154792e-4	0.0010902506040424765
gene-SYNPCC7002_RS08460	1017.4292961670556	-0.10527985562055119	0.08056661445800753	-1.3067429521371356	0.19130002579958466	0.2604029367170965
gene-SYNPCC7002_RS08465	1040.9224083553047	-0.19815780319848464	0.0798718596409861	-2.480946407022184	0.01310340726689053	0.02396623415902553
gene-SYNPCC7002_RS08470	229.23386381664923	-0.07163163855755655	0.09769002979774759	-0.7332543423915318	0.46340331664370094	0.5429013883371915
gene-SYNPCC7002_RS08475	3717.676759915641	-0.2451490333444944	0.07215769410128516	-3.3974066992826506	6.802778124080014e-4	0.001592233751818294
gene-SYNPCC7002_RS08480	532.929627015908	-0.2872227285806201	0.0768823761169337	-3.7358721606596905	1.8706569124418603e-4	4.8288009773319793e-4
gene-SYNPCC7002_RS08485	2243.2993069209283	0.16891856375893743	0.09968604667664788	1.6945055942168057	0.09016924957297197	0.13512863929060662
gene-SYNPCC7002_RS08490	3844.3664330143993	-0.10340384637170631	0.06723559014314305	-1.5379332010258535	0.12406494840591856	0.1788856293941908
gene-SYNPCC7002_RS08495	223.0976089333974	-0.15562970332636883	0.11813104217914162	-1.3174327463425048	0.18769361047321886	0.25635620974759893
gene-SYNPCC7002_RS08500	29.06924075845627	0.518874262106882	0.304206268262027	1.7056659123800548	0.088070299742727	0.13241224350543765
gene-SYNPCC7002_RS16145	648.7525511127126	-0.19742335453039875	0.09554657771349512	-2.0662524943843636	0.038804644497652314	0.06405437748031645
gene-SYNPCC7002_RS08510	411.45207773016307	-0.3638432878343473	0.12338263586379426	-2.948901887912369	0.0031890519982443336	0.0066215274652449705
gene-SYNPCC7002_RS08515	791.909189154632	-0.4080183427034596	0.10843885967449982	-3.7626579985090722	1.6811703134124773e-4	4.367534754828402e-4
gene-SYNPCC7002_RS08520	284.06069487606965	-0.30870417854829724	0.12503061760890538	-2.4690286623546966	0.013548036632428921	0.024693127578362846
gene-SYNPCC7002_RS08525	5252.240073664957	0.1421643804992489	0.04402897199933642	3.22888257535042	0.0012427491107948403	0.002785857944351037
gene-SYNPCC7002_RS08530	1388.0662606811725	0.26305137159560205	0.05100526639801364	5.157337470662566	2.5048610985773937e-7	9.352059257318366e-7
gene-SYNPCC7002_RS08535	1036.7178273709096	0.10024042801074166	0.0643615117192465	1.5574591915740539	0.11936150216785685	0.17295129029424916
gene-SYNPCC7002_RS08540	686.4119141824089	0.12588741939758616	0.07680212720628812	1.6391137065703463	0.10118958098792426	0.14929383484863756
gene-SYNPCC7002_RS08545	1968.8671865910947	-0.3029836639322368	0.0493661778754139	-6.137474622744358	8.38436077245948e-10	3.979497920887293e-9
gene-SYNPCC7002_RS08550	1320.4361169548931	-0.3422803568356419	0.06276201771014585	-5.453622578171355	4.935389694635234e-8	1.974765938384951e-7
gene-SYNPCC7002_RS08555	830.3800785029274	-0.20454765474591752	0.0754464460403591	-2.7111635535025385	0.006704754549593145	0.012980436888177637
gene-SYNPCC7002_RS08560	1122.966196955205	0.08771125363443538	0.07507105350465204	1.1683764852054468	0.24265493579437925	0.3177483928666689
gene-SYNPCC7002_RS08565	942.0976089934311	0.3027637537744019	0.07875305761048502	3.844469827087609	1.2081334812738653e-4	3.200268476991409e-4
gene-SYNPCC7002_RS08570	945.7665967325199	0.07173888445042137	0.07114816019941508	1.008302734032062	0.3133091508799794	0.3955466932131409
gene-SYNPCC7002_RS08575	1820.4140932346943	0.011718388155787159	0.062093271433508145	0.18872235083209712	0.8503104329339624	0.8853183890020058
gene-SYNPCC7002_RS08580	609.654634694765	-0.3063640127994245	0.094350255730398	-3.2470925534621458	0.0011659046856673948	0.00262998847909781
gene-SYNPCC7002_RS08585	810.2265392439353	0.3478294460564458	0.07574875075703695	4.591883596497899	4.392633622676791e-6	1.4348087827048206e-5
gene-SYNPCC7002_RS08590	10458.029184137658	-0.16030381892043477	0.04988354118276335	-3.2135613294395746	0.0013109979676788524	0.002932757720370729
gene-SYNPCC7002_RS08595	654.0021157485774	-0.0703656293266456	0.06279641475746726	-1.1205357757829362	0.2624855160070493	0.3400022470247373
gene-SYNPCC7002_RS08600	278.40658335693854	-0.37433846049054365	0.08852697331312818	-4.228524329714442	2.352290823929834e-5	6.947413683449701e-5
gene-SYNPCC7002_RS08605	3629.8718087127454	-0.3059006778211559	0.04640345884237764	-6.592195613267393	4.333690624769947e-11	2.334135865620685e-10
gene-SYNPCC7002_RS08610	2336.3304460043137	-0.25102342447581094	0.07247700939478005	-3.463490375389167	5.332156701702705e-4	0.0012728754604285882
gene-SYNPCC7002_RS08615	200.41244425737514	-0.21054242885325575	0.09806548914970172	-2.146957412631191	0.03179667221765648	0.05335855020145285
gene-SYNPCC7002_RS08620	210.92857721357566	-0.19750955567841522	0.14198811000426215	-1.3910288380659934	0.16421668208236642	0.22736073562900774
gene-SYNPCC7002_RS08625	233.05992464536496	-0.5245529900401985	0.10648526280564624	-4.9260618438590615	8.390345177582685e-7	2.9812894994330573e-6
gene-SYNPCC7002_RS08630	198.0457506374969	-0.07361167766608298	0.1209296618914421	-0.6087148224408647	0.5427134804744926	0.6177086977130565
gene-SYNPCC7002_RS08635	269.2474050225937	0.029758116725735976	0.09664686444117508	0.3079056614800835	0.758154117713582	0.8070190328967
gene-SYNPCC7002_RS08640	199.66247174708465	-0.5759619751274792	0.1132807630085485	-5.0843758448556295	3.688369373761207e-7	1.3523728619907457e-6
gene-SYNPCC7002_RS08645	69.3302150651169	-0.23398008310981339	0.19006287279336162	-1.2310667500232886	0.21829790010978192	0.2905552231313175
gene-SYNPCC7002_RS08650	58.707241323675724	0.02349652561866646	0.1877674751351316	0.12513629211745322	0.9004156521461725	0.9246971656082361
gene-SYNPCC7002_RS08655	690.9391829541167	-0.15600617945550088	0.08060684712472603	-1.9353961235341037	0.05294170464964036	0.08429053572979843
gene-SYNPCC7002_RS08660	2174.504157519178	0.22127636592662053	0.08189076307792115	2.7020918795941666	0.0068904718487957884	0.01332404861084347
gene-SYNPCC7002_RS08665	768.9517164357952	0.013830892566338238	0.07369137137127438	0.18768673060316604	0.8511222328580557	0.8855939144202912
gene-SYNPCC7002_RS08670	459.05981624786534	-0.015569785463839582	0.08450813840755993	-0.18424007151536947	0.8538251249846828	0.8872654669584006
gene-SYNPCC7002_RS08675	489.0032829999368	0.12473682295747252	0.08676843630279812	1.4375829307580823	0.15055242691949414	0.21115173567521775
gene-SYNPCC7002_RS08680	13550.121402579889	-1.3391336247696377	0.09841619571319618	-13.606841994503952	3.6466363247192755e-42	7.331777505041177e-41
gene-SYNPCC7002_RS08685	1983.277227203557	0.30327058218339625	0.0787657430324174	3.8502852954561733	1.1798031573727276e-4	3.13897200699158e-4
gene-SYNPCC7002_RS08690	2627.4188287982192	0.39665288744472954	0.05014932629583182	7.909436013255028	2.5855755358245175e-15	1.8765713025703954e-14
gene-SYNPCC7002_RS08700	618.3816166024615	-0.15875252271296997	0.07433226638929752	-2.1357148170559133	0.032702665934276384	0.05476385392097913
gene-SYNPCC7002_RS08705	528.2014245747331	-0.23190839660939483	0.08546083686180742	-2.713621877871349	0.006655208210646769	0.012892225600157747
gene-SYNPCC7002_RS08710	427.06854675201157	-0.16977269385199167	0.08395275131501252	-2.0222409771296292	0.043151462882484164	0.07033297348972872
gene-SYNPCC7002_RS08715	585.9624757478625	-0.3757373420841665	0.07219302064708177	-5.204621426231384	1.9439248304810776e-7	7.291407504365293e-7
gene-SYNPCC7002_RS08720	10857.761515808197	-0.166785932352254	0.05983309593272114	-2.787519678737586	0.005311322833113484	0.010573648223117064
gene-SYNPCC7002_RS08725	276.00518027534497	0.41036099801579423	0.10805545970034057	3.797688697579997	1.460515858395936e-4	3.821899622981119e-4
gene-SYNPCC7002_RS08730	8065.1980223931605	-0.8800795916322415	0.05750320876089257	-15.304877946755136	7.0934937428503375e-53	1.9295495164375245e-51
gene-SYNPCC7002_RS08735	501.427462113796	-0.3030168168120319	0.08681495866392798	-3.4903756388924805	4.82342045578598e-4	0.0011634435182845914
gene-SYNPCC7002_RS08740	39.706031222332456	0.1451757468029909	0.21336044167571183	0.6804248513116814	0.4962354899455903	0.5742989921179391
gene-SYNPCC7002_RS08745	911.5072881954811	-0.8042033211160936	0.07742629896227685	-10.38669459724418	2.8506137862474143e-25	3.404958238406967e-24
gene-SYNPCC7002_RS08750	1112.4851001343368	-0.7176900943661066	0.10996575507848672	-6.526487212804241	6.733006200280746e-11	3.584661360248154e-10
gene-SYNPCC7002_RS08755	2362.0383343598173	-1.109507147840543	0.16806828318053862	-6.601526039560436	4.069467684300778e-11	2.2028205508497688e-10
gene-SYNPCC7002_RS08760	549.602937816231	-1.1811096994889636	0.13765700873157333	-8.580091274481266	9.479788844212382e-18	7.828080736917214e-17
gene-SYNPCC7002_RS08765	320.24823844366904	-1.055817734605252	0.22590962054880115	-4.673628914254998	2.9592381126048037e-6	9.892464218384667e-6
gene-SYNPCC7002_RS08770	2058.799323003216	-0.9469339631575134	0.08062237877876957	-11.74529922710332	7.465777385297488e-32	1.1240335533119984e-30
gene-SYNPCC7002_RS08775	1543.5291018107798	-0.5939675549783983	0.08718777999476747	-6.812509218769476	9.591090788282851e-12	5.563863957288815e-11
gene-SYNPCC7002_RS08780	6149.114800771628	-0.6052019231225211	0.07169822628685883	-8.44096087818347	3.147394867450046e-17	2.509388469442315e-16
gene-SYNPCC7002_RS16150	985.525598933748	0.00371820595043898	0.06844016348048813	0.0543278356063398	0.9566739726894953	0.9680380273822746
gene-SYNPCC7002_RS08790	435.83127967297	0.2809452405400347	0.10825597716047265	2.595193798154693	0.009453759710458629	0.01772990740599918
gene-SYNPCC7002_RS08795	10833.987059999914	0.07647901165053825	0.044854365411824415	1.705051692256848	0.08818478404617194	0.13246132062991117
gene-SYNPCC7002_RS08800	566.0970462172065	0.03233749623726751	0.0798554244179747	0.40495052744330096	0.6855138765816411	0.7441342785026064
gene-SYNPCC7002_RS08805	1260.035335355042	1.653508665710607	0.09012180928791251	18.347486349593098	3.457416011973153e-75	1.6219790769213183e-73
gene-SYNPCC7002_RS08810	169277.44531074574	-0.8080854840131205	0.06123734293590279	-13.195959283519937	9.256893064258885e-40	1.732055656011908e-38
gene-SYNPCC7002_RS08815	280.5065909005725	-0.08744191385837952	0.11341017872528668	-0.7710235081296357	0.4406929976841634	0.5208189972631022
gene-SYNPCC7002_RS08820	3880.6445186388614	-0.009561277760723493	0.06364283663314962	-0.150233369009566	0.8805804999822184	0.9101018768973311
gene-SYNPCC7002_RS08825	2157.5548462564834	0.189557146960931	0.05335485508244377	3.5527628491920344	3.8120796146786295e-4	9.341182220071705e-4
gene-SYNPCC7002_RS08830	870.9499585169827	0.115172903868322	0.09205245661745752	1.2511659992622048	0.21087392028344087	0.2822989577987999
gene-SYNPCC7002_RS08835	631.0228383864994	0.8409511433839475	0.0805122567375792	10.445007722550056	1.544428191225242e-25	1.8794413740586873e-24
gene-SYNPCC7002_RS08840	339.2625066811914	0.7605683267973096	0.0932663385360568	8.154799885312036	3.4975851683975217e-16	2.6514480538882383e-15
gene-SYNPCC7002_RS08845	1387.7689805922364	-0.1805838691760253	0.046540773686866	-3.8801217700209145	1.0440418229404366e-4	2.8139578525047406e-4
gene-SYNPCC7002_RS08850	438.2202850042355	-0.34983219479811306	0.08940766552174381	-3.9127763011890115	9.124104868038586e-5	2.483997263064836e-4
gene-SYNPCC7002_RS08855	438.84604700715505	0.13510622150561655	0.08090708780576138	1.6698935182288894	0.09494043299779086	0.14097776082021787
gene-SYNPCC7002_RS08860	506.93718373165655	-0.42603661253432273	0.09794830426312821	-4.349606823103526	1.3638183612168281e-5	4.172665439753188e-5
gene-SYNPCC7002_RS08865	428.79473434166124	-0.4029078655827778	0.08454943688194531	-4.765352442800418	1.885238218571764e-6	6.444050806247941e-6
gene-SYNPCC7002_RS08870	820.2255454392575	-0.3260242778450335	0.07876661679326298	-4.1391174474427705	3.486444416860872e-5	1.0022753621117801e-4
gene-SYNPCC7002_RS08875	802.4681591159086	-0.47864207648319745	0.07179398934366954	-6.666882295563673	2.612944802890627e-11	1.4532821867623643e-10
gene-SYNPCC7002_RS08880	463.5072348772172	-0.41386533884688154	0.09528694190463056	-4.343358392812156	1.4032093849613121e-5	4.281045032158122e-5
gene-SYNPCC7002_RS08885	279.9685572972917	-0.20647365883859944	0.08611214636543144	-2.3977297925242	0.016497029728336818	0.029552233110473867
gene-SYNPCC7002_RS08890	378.6333077467975	-0.2592132074222263	0.07401395888355794	-3.5022205450465376	4.6139752047067887e-4	0.0011154173067689226
gene-SYNPCC7002_RS08895	377.9882251134299	-0.13198374480419459	0.11316025843409326	-1.1663436141855799	0.24347554609736902	0.31869403263937873
gene-SYNPCC7002_RS08900	434.45185358659734	0.0238305829053845	0.07772774086067177	0.3065904481657482	0.7591551249877294	0.8075534471197109
gene-SYNPCC7002_RS08905	41.07692858211196	0.20770293378279056	0.1998107042646081	1.039498532109325	0.2985729403930825	0.3793095008054977
gene-SYNPCC7002_RS08915	11.175787041661133	0.17565820609794333	0.4065079879666725	0.43211501691903936	0.6656578208976696	0.7273931073401053
gene-SYNPCC7002_RS08920	333.57886270362536	-0.5569816234565141	0.09725894276018617	-5.726790849761526	1.0234822041002436e-8	4.342086362611388e-8
gene-SYNPCC7002_RS16460	1031.226867872023	0.3620586964139448	0.3636006086329118	0.9957593244280739	0.3193670979702615	0.40126735842595673
gene-SYNPCC7002_RS08925	429.4571292818652	0.2521593907203967	0.07710006035742499	3.2705472544563703	0.0010733960705894773	0.0024314787127348763
gene-SYNPCC7002_RS08930	429.775957011719	-0.2319715616256485	0.08542643944458901	-2.7154539406516465	0.006618498206113634	0.012844171878411172
gene-SYNPCC7002_RS08935	1949.7568708772947	0.11513457967479263	0.05111244789130141	2.252574165879205	0.02428601153411135	0.04197214059579201
gene-SYNPCC7002_RS08940	1641.256875156518	0.3945450745730612	0.05135711685435813	7.682383644937428	1.561553556854751e-14	1.073195087800176e-13
gene-SYNPCC7002_RS08945	735.1893169973737	-0.22872797057345767	0.08964978529088423	-2.5513498981766687	0.010730653535492815	0.01997419522391618
gene-SYNPCC7002_RS08950	1907.1613196059814	-0.5680759190399185	0.06301620508586783	-9.014759271299194	1.9730331038176388e-19	1.8144057264368454e-18
gene-SYNPCC7002_RS08955	871.6075216586987	0.2101775194288928	0.07305776501368982	2.876867631928091	0.004016440372754745	0.008182012263440598
gene-SYNPCC7002_RS08960	3094.5052884811244	0.29657526396225914	0.062489933665860406	4.745968615490539	2.0751088837972824e-6	7.070660480896635e-6
gene-SYNPCC7002_RS08965	1084.3789955420987	0.06438747626874623	0.06468959364058903	0.9953297376774178	0.3195759190676912	0.40126735842595673
gene-SYNPCC7002_RS08970	750.5152668281517	0.06712617335535566	0.05526686385494527	1.214582639093411	0.22452531362896186	0.2973766122000612
gene-SYNPCC7002_RS08975	1733.9318194723226	0.4726727311845827	0.07040269886157745	6.713843912630822	1.895630841458596e-11	1.0671577450089522e-10
gene-SYNPCC7002_RS08980	1141.2073785132013	0.3535957239743389	0.05631163755341149	6.279265518410009	3.4017621256763167e-10	1.6837162080755713e-9
gene-SYNPCC7002_RS08985	1955.7295030500436	-0.7616557125034663	0.10271633039693934	-7.415137491381424	1.214986949606013e-13	7.945278294696291e-13
gene-SYNPCC7002_RS08990	225.70836800995525	0.06841306225470951	0.09152606762623308	0.7474707919725052	0.4547794272209155	0.5353167294233104
gene-SYNPCC7002_RS08995	1218.2305613635353	-0.5280399514942098	0.054300223703667126	-9.724452598499129	2.371776302293196e-22	2.5421986392460512e-21
gene-SYNPCC7002_RS09000	29810.45303106256	-0.9073794864078044	0.0793027651953232	-11.441965285484347	2.5797466263106183e-30	3.583965592003207e-29
gene-SYNPCC7002_RS09005	42530.88720417332	-0.9114396991639101	0.0796381628835429	-11.444760478675704	2.4979342983541326e-30	3.500352088213129e-29
gene-SYNPCC7002_RS09010	160589.24506639104	-1.0345900801644605	0.08068646709554615	-12.822349489404889	1.2291854798128462e-37	2.1624311946490125e-36
gene-SYNPCC7002_RS09015	2610.5235365604976	-0.2374414894712611	0.07989717519646823	-2.971838352074266	0.002960224956834864	0.006202102385290909
gene-SYNPCC7002_RS09020	30443.436017982964	-0.14416198504668978	0.05371966816386523	-2.683597832491098	0.007283466187422248	0.014033678600408224
gene-SYNPCC7002_RS09025	8138.391728162368	-0.32735196999639554	0.05155984054226184	-6.348971729811233	2.1675885805082049e-10	1.099762419295464e-9
gene-SYNPCC7002_RS09030	16564.909912616815	-0.4589622537480177	0.05433733352244524	-8.446536184158413	3.000730194715308e-17	2.404297930765706e-16
gene-SYNPCC7002_RS09035	20910.36661373694	-0.4680418670783797	0.07097339781660261	-6.594609832374292	4.263756681013206e-11	2.3002967294066245e-10
gene-SYNPCC7002_RS09040	648.7933518387314	-0.6520862376172732	0.08008167578405842	-8.142764636639656	3.8635284638486217e-16	2.9152078409039603e-15
gene-SYNPCC7002_RS09045	12919.31887311655	-0.4332475850335494	0.04165402793096143	-10.40109700199045	2.4509510195121e-25	2.9384179445039514e-24
gene-SYNPCC7002_RS09050	6585.284250571517	-0.3448489928625697	0.04035672908351845	-8.54501840694034	1.2851578908632683e-17	1.0531787576517466e-16
gene-SYNPCC7002_RS09055	4626.908785162255	-0.4623813075550877	0.05367315994286527	-8.614758438804229	7.008921269298891e-18	5.84739127544343e-17
gene-SYNPCC7002_RS09060	2364.6966470185735	0.45345769577127826	0.07227665241249621	6.273916688660556	3.520769469689036e-10	1.7373065203328369e-9
gene-SYNPCC7002_RS09065	1633.5473770996628	-0.3560673454666813	0.05374626383167155	-6.624969255199805	3.473204606848672e-11	1.892721096358443e-10
gene-SYNPCC7002_RS09070	3975.9461507854053	-0.4007892414537722	0.06510045699858985	-6.156473547681144	7.438259185962573e-10	3.54604491678363e-9
gene-SYNPCC7002_RS09075	5517.069655858596	-0.3935788716499014	0.06647004082271406	-5.921146832144085	3.1970425118153e-9	1.4215421168607317e-8
gene-SYNPCC7002_RS09080	3712.3099705164095	-0.20909214350275038	0.06309726560650343	-3.3138067314473174	9.203509885774826e-4	0.002105424841007287
gene-SYNPCC7002_RS09085	8800.915321922466	-0.31620193529297724	0.06281529788229986	-5.0338364371917885	4.807599124969372e-7	1.7407380724301853e-6
gene-SYNPCC7002_RS09090	1195.2936633455529	0.31384504573740224	0.07311497704982275	4.292486415246205	1.7668336351676828e-5	5.3251773529215916e-5
gene-SYNPCC7002_RS09095	871.0775309751888	-0.1576966068336312	0.07771668344989857	-2.0291216741807196	0.04244589880409769	0.06928763208717308
gene-SYNPCC7002_RS09100	513.5793717080137	0.10732645129447502	0.08273480764629669	1.2972345539656196	0.19455049493640442	0.2640502943853841
gene-SYNPCC7002_RS09110	1966.8497206632708	-0.15177359197469423	0.05064658595721807	-2.9967191096138177	0.0027290204155668587	0.005766213502082194
gene-SYNPCC7002_RS09115	556.8963302470094	-0.257578941979744	0.07112996478453393	-3.6212437720164656	2.931900908525322e-4	7.368449721192909e-4
gene-SYNPCC7002_RS09120	410.3255120369456	0.9733755725208963	0.08485018693915815	11.471696264132637	1.8303577961018464e-30	2.57602964607899e-29
gene-SYNPCC7002_RS09125	1583.3350876151749	0.048967323039985286	0.06567934284379634	0.7455513548063831	0.455938477782361	0.5360962050786424
gene-SYNPCC7002_RS09130	7603.024446867651	-0.33015213282041816	0.08043902955734507	-4.104377372989717	4.054052393772746e-5	1.1541748107864889e-4
gene-SYNPCC7002_RS09135	6893.998070306023	-0.2695089331728216	0.06829435377679194	-3.9462842573145074	7.937337516144939e-5	2.1847926479388747e-4
gene-SYNPCC7002_RS09140	17545.641334243912	0.0032115531066001413	0.03651611848855415	0.08794891788969278	0.9299172763535879	0.9480762908839571
gene-SYNPCC7002_RS17075	1742.7731271539458	0.16077612046060435	0.07207952974363141	2.230537866054956	0.025711756518767854	0.044270721197474223
gene-SYNPCC7002_RS09150	52072.63681210632	0.236153277269672	0.23792817422649506	0.9925401984754716	0.32093408023860415	0.40219265107718216
gene-SYNPCC7002_RS09155	8602.734122679196	-0.5214610216218533	0.06515418727213272	-8.003492077091549	1.2093946704047194e-15	8.937923625799261e-15
gene-SYNPCC7002_RS09160	565.5717818400135	0.38671782734032745	0.07032218364153234	5.499229507883649	3.814543736224974e-8	1.54474428830841e-7
gene-SYNPCC7002_RS09165	723.2066488957529	0.12501940905093747	0.07659453149573918	1.632223692861051	0.10263237134778401	0.15132287473093906
gene-SYNPCC7002_RS09170	2334.8991411976126	2.5266271344518247	0.08847864796974196	28.556348818936335	2.3427126612975895e-179	3.7916804423101484e-177
gene-SYNPCC7002_RS09175	1688.1643759906312	1.3706211271421085	0.07410577660250287	18.495469448947343	2.2457793913822027e-76	1.069057042632969e-74
gene-SYNPCC7002_RS09180	3659.704604879825	-0.24842096477451245	0.05454322311275595	-4.554570679861685	5.249267343922726e-6	1.695796246734318e-5
gene-SYNPCC7002_RS09185	272.3298109956213	-0.6460225281050386	0.25924331006918927	-2.4919544806483995	0.012704231771891106	0.023286295722316823
gene-SYNPCC7002_RS09190	2496.20629518167	0.2090806936938962	0.05155984389317101	4.055107190143927	5.0111317866042774e-05	1.4068546047908107e-4
gene-SYNPCC7002_RS09195	1863.3134630484847	0.6450647185421929	0.06318826895815986	10.20861513027557	1.8143584939272697e-24	2.1279269727690476e-23
gene-SYNPCC7002_RS09200	2052.057731256726	-0.2946470697800943	0.04773630325695897	-6.172389767888883	6.726542453368193e-10	3.2162212587227236e-9
gene-SYNPCC7002_RS09205	3768.2837512576307	-0.33713337175943775	0.07331386121896587	-4.598494284082576	4.255553881995208e-6	1.3942538376536931e-5
gene-SYNPCC7002_RS09210	510.43763196691197	0.38396551797147316	0.07983615644237628	4.809418878382625	1.513697098368046e-6	5.190505834128565e-6
gene-SYNPCC7002_RS09215	435.53832299417525	-0.043902405045247006	0.08863419730280662	-0.49532129111814976	0.6203733441715862	0.6893747048003517
gene-SYNPCC7002_RS09220	2060.509997439146	0.60221452422644	0.0636996783668713	9.453964912633491	3.2623360823752363e-21	3.3312876651888454e-20
gene-SYNPCC7002_RS09225	1349.2810323804342	0.03491781722124474	0.06812789020845583	0.5125333709058679	0.6082777712531588	0.6806066870191756
gene-SYNPCC7002_RS09230	5467.273300109353	0.9450980916910181	0.058025963628116385	16.287503603526066	1.2107130347401533e-59	4.0823730140144545e-58
gene-SYNPCC7002_RS09235	11202.169886701364	0.2706003111423873	0.056988802185298865	4.7483066982620805	2.0512681073916576e-6	6.996791215623599e-6
gene-SYNPCC7002_RS09240	3072.8644463936275	-0.6340345862568671	0.06305030023524728	-10.056012166337315	8.642866229051771e-24	9.885850877540841e-23
gene-SYNPCC7002_RS09245	1755.336410114453	-0.3088891730264903	0.06635011286755424	-4.655443068244421	3.2328473165152e-6	1.0700129615091722e-5
gene-SYNPCC7002_RS09250	8541.71156413932	0.20395547598931152	0.05027994921196669	4.056397812366323	4.9835351072048365e-5	1.4015380662052177e-4
gene-SYNPCC7002_RS09255	468.25442370473667	0.15411399845645646	0.07295592030772746	2.1124262130668066	0.03464990862424778	0.05766671167953216
gene-SYNPCC7002_RS09260	1611.3819877533401	-0.41862249586514794	0.07832012452229198	-5.345018262145343	9.040793800280083e-8	3.547278731091713e-7
gene-SYNPCC7002_RS09265	591.9631305836295	0.4533872336027156	0.07358778746052175	6.161174961890898	7.220715682167091e-10	3.447412487193934e-9
gene-SYNPCC7002_RS09270	7622.982659669992	-0.039001047981665184	0.04577971865123547	-0.851928520548316	0.39425376609631946	0.476371571800592
gene-SYNPCC7002_RS09275	1324.118884976585	-0.04648225568341002	0.09229229749070758	-0.503641765859064	0.6145131373475173	0.6859238019289358
gene-SYNPCC7002_RS09280	701.7420817732409	0.2989810897931342	0.08164301079047634	3.662053700596872	2.502013935870301e-4	6.367153388688809e-4
gene-SYNPCC7002_RS09285	437.91270156933	0.06644650994445142	0.09169720897322547	0.7246295791167758	0.4686793075955197	0.5478927116961709
gene-SYNPCC7002_RS09290	340.95295207752514	0.22288539231116464	0.10121040803623581	2.202198337461165	0.027651301454900763	0.04710908568921777
gene-SYNPCC7002_RS09295	714.7152295801383	0.16027446545081597	0.0622505267492459	2.5746684216251636	0.010033622345339303	0.01874139384412194
gene-SYNPCC7002_RS09300	250.16968894315661	0.17213126046076627	0.09676209388899881	1.7789121084773922	0.07525417264282673	0.11577840154221963
gene-SYNPCC7002_RS09305	4122.167776399575	-0.02344217569137107	0.047019056247295236	-0.4985675503157207	0.6180840701289911	0.6876613426996739
gene-SYNPCC7002_RS09310	1937.3250040458925	-0.6258617599242896	0.08280545916922696	-7.558218578864894	4.086269645755499e-14	2.7442437434254253e-13
gene-SYNPCC7002_RS09315	561.7341163383883	-0.7228299558428231	0.08603326079581401	-8.401750080801223	4.3987322126270437e-17	3.472852724944815e-16
gene-SYNPCC7002_RS09320	1907.8633006959726	-0.08749233153962875	0.06954325977344268	-1.2580993733204393	0.20835581995248992	0.2796218031451948
gene-SYNPCC7002_RS09325	3717.010703182055	0.007806401378617971	0.05370251969211362	0.14536378224659663	0.8844236584697889	0.9131991650611505
gene-SYNPCC7002_RS09330	4382.823894956648	-0.040638819593489375	0.0637825059867916	-0.6371468001258067	0.5240292267191332	0.5995684795731598
gene-SYNPCC7002_RS09335	650.9369383342873	0.13136750728367907	0.06832585337588472	1.9226617860296584	0.05452253897969149	0.08638740023360811
gene-SYNPCC7002_RS09340	8901.420335138577	-0.264138896858247	0.03952607568015088	-6.682649170529512	2.3466089365996562e-11	1.3141822020368664e-10
gene-SYNPCC7002_RS09345	53.69622890782749	-0.12961882845675007	0.26099246829855616	-0.49663819535388154	0.619444213278938	0.6885786120823908
gene-SYNPCC7002_RS09350	75.18951704367427	0.18650470299051175	0.14661938503406283	1.2720330462931808	0.2033613780575032	0.27348599118078015
gene-SYNPCC7002_RS09355	19.044070700492423	0.49424712150449046	0.30487041077195665	1.621171173197873	0.1049809332457037	0.15404500494847817
gene-SYNPCC7002_RS16690	29.436120759337342	-0.2973494701809285	0.29594294163193385	-1.0047527017919013	0.31501594412724393	0.3973915086281717
gene-SYNPCC7002_RS09360	158.57465273565646	0.04083169957525744	0.1199287380173772	0.3404663490192074	0.7335053603095113	0.7838748271118812
gene-SYNPCC7002_RS09365	121.4914496476116	0.15510545164026943	0.1413339249324751	1.097439639593777	0.2724492532540093	0.35066331323388794
gene-SYNPCC7002_RS09370	31.409556980756722	0.5150485132025552	0.20477910690854345	2.5151419057246955	0.011898448138497827	0.02187125305185546
gene-SYNPCC7002_RS09375	45.317556165539266	0.27641113301555786	0.19263023808170132	1.4349311705586019	0.1513067122551503	0.21184248597314947
gene-SYNPCC7002_RS09380	5.090176494017373	0.18919427903150357	0.5772453908363725	0.3277536417525646	0.7430979412988619	0.7930788117324155
gene-SYNPCC7002_RS09385	5.424670260608425	-0.1644227703425584	0.6545879210217732	-0.2511851579630497	0.8016709590183329	0.8447294577937315
gene-SYNPCC7002_RS16155	19.317658751465583	-0.07501186241057967	0.3993233702711682	-0.18784741388825157	0.8509962664002295	0.8855939144202912
gene-SYNPCC7002_RS09395	3.017604939748404	-0.5294833580985838	0.8142967592904377	-0.6502339006727293	0.5155411461934081	0.5919853459482305
gene-SYNPCC7002_RS09400	18.331312160793644	-0.6816379547205993	0.3388929243579947	-2.011366734823123	0.0442867343102574	0.07199256189948965
gene-SYNPCC7002_RS16695	8.923979658168722	-0.738715144477261	0.529226722439527	-1.395838707977698	0.1627630711578878	0.22573438789120942
gene-SYNPCC7002_RS16160	114.44229738338825	-0.2539028737072529	0.1488856936482991	-1.7053544063610813	0.08812834626886693	0.13243800226198804
gene-SYNPCC7002_RS09410	3.5459244213664944	-0.9771169992743067	0.8759052865390482	-1.1155509782743462	0.26461438572962187	0.3423488275806499
gene-SYNPCC7002_RS09415	2.7709577702113295	-0.03238983713144752	0.7569087558165843	-0.04279226113126942	0.9658671330629252	0.9752064596770706
gene-SYNPCC7002_RS09420	253.3592653981832	-0.6026916084928293	0.13019999759559833	-4.628967892647676	3.6749273566895546e-6	1.21261364460796e-5
gene-SYNPCC7002_RS09425	134.0923371713448	-0.33885911514704753	0.11409169668455288	-2.97005939077183	0.0029774218031989297	0.006230067470559105
gene-SYNPCC7002_RS09430	271.6486352523243	-0.31981681751912644	0.10217138037432173	-3.1301996346474392	0.0017468754304341538	0.0038362522173102822
gene-SYNPCC7002_RS09435	462.3498994936903	-0.34391631348903057	0.08923974110727674	-3.853847055378639	1.1627624640725794e-4	3.100380639376392e-4
gene-SYNPCC7002_RS09440	490.70103895317675	-0.33176960609503625	0.08882425777395446	-3.7351238773009996	1.876228071076374e-4	4.835469957065464e-4
gene-SYNPCC7002_RS16700	54.76244422777077	0.4108958965706902	0.2118797700241002	1.9392880052869275	0.05246627861909645	0.08366174575862818
gene-SYNPCC7002_RS09450	36.61556981452137	-0.3097008779410534	0.24606332675707931	-1.2586226563001761	0.2081666596493757	0.27948381471797146
gene-SYNPCC7002_RS09455	0.11753036430844871	-0.6529286900855833	3.532906963350288	-0.18481344027990057	0.8533753656399938	0.88708287044851
gene-SYNPCC7002_RS09460	895.0681461897741	-0.1066615847884725	0.11722338674604138	-0.909900214873927	0.3628751364618922	0.4452717273416016
gene-SYNPCC7002_RS09465	13176.115763030293	-0.0860966571860615	0.045500458575194455	-1.8922151530358187	0.058462320224516	0.09190992256763394
gene-SYNPCC7002_RS09470	1723.2093894913924	-0.12474662903149719	0.0608663687501208	-2.049516532580229	0.04041163289955091	0.06625664150320343
gene-SYNPCC7002_RS09475	2764.2824974156074	-0.2520200811247411	0.12499011258606993	-2.0163201385325307	0.04376651040039731	0.07126367915799099
gene-SYNPCC7002_RS09480	804.6385704867463	-0.2798380890186888	0.05987869556324718	-4.6734165864236035	2.9623004790686746e-6	9.892464218384667e-6
gene-SYNPCC7002_RS09485	5518.45960392403	0.1306424597294597	0.05278098172248458	2.4751805568217824	0.01331688325452475	0.024299183255296855
gene-SYNPCC7002_RS09490	1998.7883480488313	0.042661716212856735	0.04826825404336094	0.8838462682849959	0.37677920594391373	0.4595457006934622
gene-SYNPCC7002_RS09495	1299.6495908250167	0.30682053634552237	0.06776244233466894	4.527884854418026	5.957702896981934e-6	1.911306667743362e-5
gene-SYNPCC7002_RS09500	540.5153574539553	0.5024644681133977	0.08431469507578404	5.959393764773398	2.531753844563867e-9	1.142996819365863e-8
gene-SYNPCC7002_RS09505	568.8863376291747	0.2996593443614721	0.07885663647044619	3.8000523199309693	1.4466554160088384e-4	3.791692473548779e-4
gene-SYNPCC7002_RS09510	972.195555937077	-0.007270716317802947	0.06805378109584916	-0.10683780093809386	0.9149176582728781	0.937508217736406
gene-SYNPCC7002_RS09515	418.37925916585846	0.21426670393366157	0.08068407048642047	2.655625858263109	0.007916138768273595	0.015092759220056547
gene-SYNPCC7002_RS09520	7049.821001274216	0.5390398028274932	0.07246868944457763	7.438244115615452	1.0203238239510354e-13	6.699367582412782e-13
gene-SYNPCC7002_RS09525	1753.140818247341	0.002045935713744184	0.04847853516631978	0.0422029194307337	0.9663369352664168	0.975376569833923
gene-SYNPCC7002_RS09530	6418.1519987039	-0.04324245195957761	0.050472789609467474	-0.8567478099420599	0.39158427454468814	0.47403077662720844
gene-SYNPCC7002_RS09535	299.529525940595	-0.1490665269784044	0.122038059402672	-1.2214757241144774	0.22190595156948564	0.2942685642074662
gene-SYNPCC7002_RS09540	232.50638464383658	0.12902114656144423	0.09949967285787092	1.296699203682236	0.1947347034571857	0.26407885843775036
gene-SYNPCC7002_RS16165	326.962119905782	0.10482048359168858	0.10553611146545003	0.9932191184247325	0.3206031833326266	0.40208930819361194
gene-SYNPCC7002_RS09550	500.8749077844483	0.07452903543335618	0.0903314398183437	0.8250619671648529	0.4093364107827482	0.49093070089060975
gene-SYNPCC7002_RS09555	17886.905960100863	-0.26623083126085056	0.0775077499221408	-3.434893046544231	5.927877369352296e-4	0.0014036970771465534
gene-SYNPCC7002_RS09560	28422.494627331063	-0.2669113026667631	0.07190371894998876	-3.712065336320199	2.0557490103407722e-4	5.277128902833528e-4
gene-SYNPCC7002_RS09565	106.72037575600594	0.4424032834650653	0.11410281288524698	3.8772338058833795	1.0565081978398305e-4	2.8404626548235315e-4
gene-SYNPCC7002_RS17085	191.40956116994002	0.2106381758285651	0.1156810172539326	1.8208534194179071	0.06862914149046019	0.10629307703570318
gene-SYNPCC7002_RS09575	229.22996171985122	0.084425070076427	0.08503833413093127	0.9927883811369111	0.32081309331573354	0.40219265107718216
gene-SYNPCC7002_RS09580	627.73389362962	0.10222640288928901	0.07947258263335777	1.286310316111214	0.19833478361389234	0.2681744755882078
gene-SYNPCC7002_RS09585	4464.444042677033	0.037995759140498464	0.0387318490642891	0.9809952289504992	0.3265950943288427	0.4081808186650439
gene-SYNPCC7002_RS09590	807.520606097381	-0.14292692869778398	0.0781298597673456	-1.8293508925190767	0.06734705918451708	0.10465791194444637
gene-SYNPCC7002_RS09595	636.7558887475136	-0.054548086555184234	0.08232818190944852	-0.6625688226078018	0.5076067434167695	0.5853662374207634
gene-SYNPCC7002_RS09600	16726.593112836556	-0.9271639061893804	0.0584073846086468	-15.874087025155383	9.579463915664335e-57	2.9532118757148048e-55
gene-SYNPCC7002_RS09605	2294.5003550248825	-0.24254575467971548	0.0608410186964084	-3.986549861862086	6.704104392033022e-5	1.8579782463194256e-4
gene-SYNPCC7002_RS09610	1141.3483758979005	-0.19038222412254172	0.075540492887632385	-2.5202671685732594	0.011726578974522272	0.021592113845579405
gene-SYNPCC7002_RS09615	4181.0797279286035	-0.14682707638336534	0.05211859506255468	-2.8171725697351975	0.0048448486360345875	0.009740854058909293
gene-SYNPCC7002_RS09620	8604.638986805541	-0.009469077899298734	0.09961348869930937	-0.0950581896381708	0.9242686074726748	0.9435059862469406
gene-SYNPCC7002_RS09625	415.19838085331486	-0.07840109297734188	0.08717910230797646	-0.8993106249290728	0.36848722957246843	0.45012873376125817
gene-SYNPCC7002_RS09630	6409.415392732398	-0.2115753757600514	0.07552882488192653	-2.8012533769829613	0.00509045335316111	0.010171479940853403
gene-SYNPCC7002_RS09635	2788.048827618294	1.3106212052584456	0.0454011778839995	28.867559529118317	3.050694310059906e-183	5.486165267591065e-181
gene-SYNPCC7002_RS09640	3080.993712586744	0.01584993420634195	0.04538065315370249	0.3492663305805416	0.7268893730336927	0.778861602287343
gene-SYNPCC7002_RS09645	20107.99060696168	-0.6622480144092923	0.09150382828362072	-7.237380411632847	4.574337790303327e-13	2.892017856877318e-12
gene-SYNPCC7002_RS09650	148368.46451493795	-0.8531476990750879	0.09882441818135176	-8.632964552439708	5.978196673161705e-18	5.013321925135865e-17
gene-SYNPCC7002_RS09655	195041.19401241836	-0.8850299063558392	0.09508696352377115	-9.307584063661759	1.3077299402597454e-20	1.3024990204987065e-19
gene-SYNPCC7002_RS09660	574.0734651011772	-0.1503095570638307	0.09360857911880474	-1.6057241598877712	0.10833453048134643	0.15853475369263942
gene-SYNPCC7002_RS09665	583.0991374206975	1.0483241260777814	0.13115454656273387	7.9930444925624196	1.3164659150254244e-15	9.663038927295462e-15
gene-SYNPCC7002_RS09670	2925.000818740103	0.2580397018959379	0.07128198671190002	3.619984708603247	2.9462042646289846e-4	7.398652602485665e-4
gene-SYNPCC7002_RS09675	7027.814541053135	0.6289111628365804	0.054782641977391314	11.480117426540524	1.6605484180161932e-30	2.3472468249425403e-29
gene-SYNPCC7002_RS09680	4791.596586797342	0.15507418583207674	0.05477395148722256	2.8311666699498903	0.00463785466778436	0.009371245667676638
gene-SYNPCC7002_RS09685	507.28471547840627	-0.46934832719505726	0.0772205985392393	-6.078019803958915	1.2167573113570585e-9	5.683468134001152e-9
gene-SYNPCC7002_RS09690	1398.1674011360112	0.1318543805904211	0.07536572675808707	1.7495270895967647	0.08019995038417613	0.12222563059961306
gene-SYNPCC7002_RS09695	256.2356350093861	-0.013866341921670522	0.13190058200532473	-0.10512722317715587	0.916274858017437	0.9382152264524978
gene-SYNPCC7002_RS09700	532.79543360841	0.0281837269882433	0.08263914520952854	0.3410457225420772	0.7330691612560389	0.7838748271118812
gene-SYNPCC7002_RS09705	2229.353435954712	-0.7431029444144869	0.07901182249623287	-9.404958915482764	5.205053679158635e-21	5.2652371123239063e-20
gene-SYNPCC7002_RS09710	916.5362477586177	-0.4038491516364186	0.07896994481561635	-5.113960160151425	3.154739211107515e-7	1.1657409619126741e-6
gene-SYNPCC7002_RS09715	626.9503646208597	0.36779247308699753	0.1031907944653543	3.5641984829420195	3.649697142820065e-4	8.956838249665315e-4
gene-SYNPCC7002_RS09720	109.07442401515058	-0.13932041543757803	0.12393077430517778	-1.1241793349447127	0.26093695433658254	0.33840261265525545
gene-SYNPCC7002_RS09725	342.3427963664784	-0.07064626744708732	0.10475802730731855	-0.6743756947602608	0.5000724910791305	0.5783265427998396
gene-SYNPCC7002_RS09730	390.02150820091094	-0.1429587426100917	0.08415958472344046	-1.6986626428810583	0.08938276602048778	0.13407414903073167
gene-SYNPCC7002_RS09735	215.86255507337395	0.04581857828818018	0.09263134469494559	0.4946336301072855	0.6208587587317032	0.6896773514119846
gene-SYNPCC7002_RS09740	2301.355646942371	0.8481787394253542	0.05656979066358576	14.993492630534531	8.098036215117593e-51	2.1139792926077135e-49
gene-SYNPCC7002_RS09745	2867.9825809967842	-0.30089885650548565	0.07347867161026851	-4.0950503038685255	4.220767342878e-5	1.1952651461487324e-4
gene-SYNPCC7002_RS09750	8046.947346923806	-0.17327438992670752	0.05328524802793239	-3.2518266563360316	0.0011466593018076435	0.0025883794699800154
gene-SYNPCC7002_RS09755	941.5392167299855	0.1471526928970298	0.06496382738422983	2.2651481420066637	0.023503590199354992	0.04077230518505472
gene-SYNPCC7002_RS09760	1985.7298561085108	-0.4518687356507487	0.08990371370122965	-5.0261409350943005	5.004481640701747e-7	1.8059651138184565e-6
gene-SYNPCC7002_RS09765	472.8974918192632	0.6462541014133523	0.0785790008695826	8.224259589224593	1.964003108207695e-16	1.5209277658536623e-15
gene-SYNPCC7002_RS09770	14469.361903833676	0.004946403019410612	0.06023386662033261	0.08211996501218966	0.934551316959903	0.9505421458805678
gene-SYNPCC7002_RS09775	1639.66833327015	-0.11578924389531231	0.05813627527808329	-1.991686659344059	0.046405448361237125	0.07480798622775128
gene-SYNPCC7002_RS09780	1464.2038905546326	0.002647094265031982	0.05851693816807897	0.04523637681501206	0.963918899410589	0.9735430506683544
gene-SYNPCC7002_RS09785	704.7970137121524	0.09611812866096038	0.05782849907270549	1.6621238697569316	0.09648794046500038	0.14300891176062558
gene-SYNPCC7002_RS09790	15904.96595221288	-0.1622101529452396	0.10206290626803444	-1.589315441589017	0.11198919425907995	0.1633659404311139
gene-SYNPCC7002_RS09795	17988.584211521025	-0.12618318225313327	0.09318468137571793	-1.3541193723071965	0.1756982966553158	0.24180926287128285
gene-SYNPCC7002_RS16705	9.778640705430355	-0.3240645829368812	0.4579710211292663	-0.7076093638802773	0.4791878762578137	0.5579608472829292
gene-SYNPCC7002_RS09800	580667.0949045883	-1.0485485104855832	0.06507405211043502	-16.113158416908266	2.0621632409969603e-58	6.67522241110716e-57
gene-SYNPCC7002_RS09805	484336.088548357	-1.1010809865159792	0.09328295521022455	-11.803667497824854	3.736633977244725e-32	5.759754373495798e-31
gene-SYNPCC7002_RS09810	2836.717586451219	0.033993719911521655	0.058095033086480986	0.5851398666202355	0.5584536744820012	0.6329532718131086
gene-SYNPCC7002_RS09815	1850.320202494028	-0.07350245551541502	0.05007438815571112	-1.467865274496257	0.14214082241997542	0.2006584571188227
gene-SYNPCC7002_RS09820	22077.00974878338	-0.8065933777562936	0.05202893311323873	-15.502785267589053	3.3217442554000383e-54	9.686924463720652e-53
gene-SYNPCC7002_RS09825	2034.5519053036703	-0.019454245785955712	0.055498933751456064	-0.35053368544121466	0.7259382144518354	0.7781000000597984
gene-SYNPCC7002_RS09830	635.554807028476	0.10792676816658642	0.07194168497881567	1.5001979478012935	0.1335631347031122	0.19084862663457877
gene-SYNPCC7002_RS09835	2930.8864328050167	0.23163077848145197	0.0700713540655187	3.3056415359816027	9.475923190681071e-4	0.002161632372673335
gene-SYNPCC7002_RS09840	3810.134275122317	-0.24742092871469692	0.06479072025250299	-3.818771079414549	1.3411814952032973e-4	3.5295971544496534e-4
gene-SYNPCC7002_RS09845	2933.972026201882	0.750582522417678	0.07406820319174785	10.133667215803372	3.916782271204943e-24	4.511965911704768e-23
gene-SYNPCC7002_RS09850	1891.5376345418417	0.9599543170360311	0.09606753735652324	9.992494274871174	1.643921883322705e-23	1.8671491706370513e-22
gene-SYNPCC7002_RS09855	13742.596113747164	0.6667238993332074	0.0642523917962889	10.376639385612975	3.1672875407557474e-25	3.7693050622891005e-24
gene-SYNPCC7002_RS09860	718.1513058818653	0.12840739538924983	0.09689312181966199	1.325247788261404	0.18508897997365165	0.2532111334893307
gene-SYNPCC7002_RS09865	661.2705147881527	0.3738713791004556	0.07173771305597772	5.21164340447708	1.871750725653676e-7	7.037000114913995e-7
gene-SYNPCC7002_RS09870	673.4820612248775	-0.24839066589179126	0.09387248090190606	-2.6460434784007902	0.008143934826273725	0.015434377653775203
gene-SYNPCC7002_RS09875	3058.6336153158477	-0.28992727138298563	0.05167128897564128	-5.6109935929731165	2.0116821393194633e-8	8.327129264676603e-8
gene-SYNPCC7002_RS09880	715.6832249062709	-0.33477171641988024	0.07439718048149437	-4.4997903718024865	6.8020506968321204e-6	2.1650184961303415e-5
gene-SYNPCC7002_RS09885	3790.9037034494404	-0.08724979129845539	0.05098847657913907	-1.7111668587123845	0.08705031473264907	0.13112232144699162
gene-SYNPCC7002_RS09890	6.933414193414439	-0.3163404850411294	0.5525189988782863	-0.572542275801118	0.5669546536103042	0.6412411648275872
gene-SYNPCC7002_RS09895	4637.122554420237	-0.25785965194526683	0.05815025425331278	-4.434368434951026	9.234259042907303e-6	2.8936395471336822e-5
gene-SYNPCC7002_RS09900	1329.594830010602	-0.2148559403042444	0.058744792897549074	-3.6574465532452076	2.54740355178068e-4	6.458518570390364e-4
gene-SYNPCC7002_RS09905	2017.356130771453	-0.2590565024977479	0.06733749312766406	-3.8471361267727464	1.1950657691948791e-4	3.1734437201672055e-4
gene-SYNPCC7002_RS09910	1040.0580276506616	0.3284927938568124	0.05987922114622955	5.48592295572129	4.1131614785832994e-8	1.658070200021686e-7
gene-SYNPCC7002_RS09915	1534.6040911105308	-0.21374957433789257	0.06270816608599743	-3.4086401768592354	6.528753278448428e-4	0.0015336411003147722
gene-SYNPCC7002_RS09920	1399.604996260169	0.08943610283485404	0.08368879065227537	1.0686748146052032	0.2852162239130765	0.36565656242123395
gene-SYNPCC7002_RS09925	5548.703054843611	-0.1223361021313213	0.07335171597074443	-1.6678015028321054	0.0953551374699032	0.14145947753899024
gene-SYNPCC7002_RS09930	106.5069865676778	-0.39771968275107117	0.13296569749634868	-2.9911450113815468	0.0027793347591340218	0.005864867415460775
gene-SYNPCC7002_RS09935	69.81495217213812	-0.49914487839526944	0.18796029154388796	-2.65558684919746	0.007917054419417984	0.015092759220056547
gene-SYNPCC7002_RS09940	76.06411922787196	-0.47921115389053054	0.1459905421906664	-3.2824808148508122	0.0010289798728948796	0.0023357698797761045
gene-SYNPCC7002_RS09945	119.15578080930487	-0.7515508916789556	0.15007613472169037	-5.007797496068738	5.505641456411621e-7	1.982398375350881e-6
gene-SYNPCC7002_RS09950	255.4859150636528	0.38429674068710495	0.10026931491348522	3.8326455209022368	1.2677256268670776e-4	3.349900289117331e-4
gene-SYNPCC7002_RS09955	707.0123234884164	-0.3861987368124449	0.07341782740933185	-5.260285552434594	1.438318608179424e-7	5.490374215420749e-7
gene-SYNPCC7002_RS09960	187.13289800273677	-0.3421671415756329	0.14273732079044138	-2.397180636996702	0.016521776490217674	0.029580193859974898
gene-SYNPCC7002_RS09965	287.3376960603085	-0.16612648536069155	0.08902444242824695	-1.8660772348514094	0.06203056049157763	0.09690778200349266
gene-SYNPCC7002_RS09970	5137.785750610869	-0.44172828265403585	0.06442986714229502	-6.8559551997595705	7.083757605200627e-12	4.1615468907503497e-11
gene-SYNPCC7002_RS09975	206.21848080517495	0.22589826394474904	0.10631162942289195	2.124868795361598	0.033597562396778184	0.05600170415982028
gene-SYNPCC7002_RS09980	181.69491251194597	0.024843724973639174	0.15236063460157626	0.16305868663914158	0.870472227664012	0.9010932526218123
gene-SYNPCC7002_RS09985	10248.783547505973	-0.8899094365308485	0.03949861559137203	-22.53014246720176	2.102789446958856e-112	2.0019792470017107e-110
gene-SYNPCC7002_RS09990	112.22412302001543	-0.6358303564709546	0.13430116771649386	-4.734362085467309	2.197451300233993e-6	7.448324459536581e-6
gene-SYNPCC7002_RS09995	1843.5215341394419	-0.2426399047500309	0.07229914558447897	-3.356054940739442	7.906286071071714e-4	0.0018306615173146739
gene-SYNPCC7002_RS10000	521.0276578146979	-0.10480772243783001	0.09178676135077707	-1.141860992755713	0.25351180484612673	0.32983027021178146
gene-SYNPCC7002_RS10005	453.74431679534985	0.4560058511402805	0.07729567438970324	5.899500259758731	3.6460420138202584e-9	1.6101279670854266e-8
gene-SYNPCC7002_RS10010	769.7226929261884	0.14507013969821156	0.05902578545172813	2.4577417917945596	0.013981365779029793	0.02542566349815699
gene-SYNPCC7002_RS16170	1448.5727762753957	0.7077564793182015	0.049391323242163866	14.329571124225549	1.430009624098489e-46	3.1923732091081437e-45
gene-SYNPCC7002_RS10020	102898.54473896069	-0.6095395980317869	0.07263280465157544	-8.392070235423102	4.7765539189151914e-17	3.7619720281091177e-16
gene-SYNPCC7002_RS10025	2148.0745140473705	-0.42264894143356496	0.06717270887930821	-6.291974054417763	3.134538849050305e-10	1.5586024968319257e-9
gene-SYNPCC7002_RS10030	478.80631257820653	-0.33425939600450255	0.0905853324744165	-3.6899946920093885	2.2425873121087548e-4	5.743081589632943e-4
gene-SYNPCC7002_RS10035	581.6840486100639	-0.19414943632368586	0.09011718728172577	-2.154410742056705	0.031207974903880376	0.05253261298172687
gene-SYNPCC7002_RS10040	1296.2718677873947	0.021731398386981744	0.08796126807324471	0.24705644726365433	0.804864539108866	0.846441362279207
gene-SYNPCC7002_RS10050	16228.833647943758	-0.4826962633204166	0.0616184012236733	-7.833638227130251	4.7395125101641595e-15	3.394203981283492e-14
gene-SYNPCC7002_RS10055	1049.7946185712908	-0.09482924640707065	0.08010519930756983	-1.1838088816553187	0.23648872561832185	0.31080552368108316
gene-SYNPCC7002_RS10060	116.7462186708883	-0.38964310540540936	0.16303642082446296	-2.3899144953931972	0.016852295698318316	0.03008873754851428
gene-SYNPCC7002_RS10065	901.4149044109006	-0.7457816263591914	0.06044080530444089	-12.33904185430162	5.581614323339478e-35	9.265479776743535e-34
gene-SYNPCC7002_RS10070	4672.40959998153	0.35001307576863055	0.04685438961476092	7.470230188600367	8.005465609731492e-14	5.270935314461675e-13
gene-SYNPCC7002_RS10075	3103.411893130109	0.39064975256676443	0.05753538822713136	6.789730018412387	1.1234358109960098e-11	6.4592570518545e-11
gene-SYNPCC7002_RS10080	1300.6055521048193	0.2284334158176986	0.0740881832120567	3.0832638339081937	0.0020474354751618814	0.004436667946905245
gene-SYNPCC7002_RS10085	484.9084224112676	-0.24397613449751093	0.1612489059452303	-1.5130405571891428	0.1302693571807091	0.18691573989093765
gene-SYNPCC7002_RS10090	558.9018503760176	-0.0753303579892199	0.0990555069371534	-0.7604863204325821	0.4469639430857529	0.5268835701997749
gene-SYNPCC7002_RS10095	272.1968423965774	-0.1396570827860522	0.12067463503106665	-1.1573027152731699	0.24714870457446853	0.3225888535111107
gene-SYNPCC7002_RS10100	368.16327588526485	0.45368932575008725	0.11616548728471487	3.905543172544191	9.401397115231951e-5	2.550907163621612e-4
gene-SYNPCC7002_RS10105	1313.0444651874993	0.0224933667221823	0.08615673714261916	0.2610749602198608	0.7940347010614711	0.8382994102082928
gene-SYNPCC7002_RS10110	556.5655782920664	0.23618998386381532	0.09783756795415575	2.414103179409448	0.015773994742749046	0.02838266869498536
gene-SYNPCC7002_RS10115	1472.9952620306376	0.03778140784146357	0.06725173776022085	0.561790804219354	0.5742585581582949	0.6481432889673642
gene-SYNPCC7002_RS10120	3589.708730316075	0.048784831202586094	0.042446906541246346	1.1493141709910257	0.25042645680976033	0.32620943287452486
gene-SYNPCC7002_RS16710	1064.299038155228	-0.23570399896725375	0.07050712974104284	-3.3429810550073817	8.288355817665198e-4	0.001912288509036511
gene-SYNPCC7002_RS10130	1529.2110370111632	0.2794728214671009	0.1093685765979271	2.5553301520465963	0.010608712144019476	0.019758573768809577
gene-SYNPCC7002_RS10135	208.25177607256487	0.5208929351471778	0.10995007284661218	4.737540609671617	2.163275163465025e-6	7.340169501191074e-6
gene-SYNPCC7002_RS10140	2210.952699085448	0.7377687277210591	0.09871622775117651	7.473631686784812	7.80112946822182e-14	5.153521650741639e-13
gene-SYNPCC7002_RS10145	1104.1727968554362	-0.09200019178010775	0.07515795628763923	-1.224091185077081	0.22091783098697335	0.29319844973547876
gene-SYNPCC7002_RS10150	515.2518079408247	-0.3232553512877047	0.09608999869378244	-3.3640894544899305	7.679664714752984e-4	0.0017871369289471897
gene-SYNPCC7002_RS10155	2377.213339924895	-0.26882028813128006	0.0611189648564057	-4.398312189397393	1.0909597521990264e-5	3.3858453670836514e-5
gene-SYNPCC7002_RS10160	871.0803110011525	0.5235800553813149	0.06677168013629958	7.841349121551866	4.457312696428128e-15	3.199184301183559e-14
gene-SYNPCC7002_RS10165	1120.5240575814169	0.4167608783970119	0.0834180537916282	4.996051327666408	5.851609205375463e-7	2.0976366553488786e-6
gene-SYNPCC7002_RS10170	2494.2043131393766	0.36546465577883275	0.05653750211797068	6.464110406155851	1.0189645836272889e-10	5.311414423834998e-10
gene-SYNPCC7002_RS10175	2385.862539603225	0.2791794376828888	0.04505757426120764	6.196060091127643	5.789403118662211e-10	2.7928908934589532e-9
gene-SYNPCC7002_RS10180	668.5029998473516	0.13729683916367047	0.12464594973682226	1.1014945889020809	0.27068145825055095	0.34901728366687745
gene-SYNPCC7002_RS10185	1915.6086937253265	-0.28429003351489485	0.06840250956478988	-4.156134553011091	3.236772447798216e-5	9.354850369216807e-5
gene-SYNPCC7002_RS17230	3.0810690359801067	-0.3714922435762022	0.7413114489487296	-0.5011284313806615	0.6162807386053425	0.6867128230173817
gene-SYNPCC7002_RS10190	642.7643213647902	-0.1404564091713529	0.08061098746480794	-1.742397824275152	0.08143885637347523	0.12393868268967528
gene-SYNPCC7002_RS10195	36008.06793029892	0.03547373300931703	0.05391255916889716	0.6579864424203086	0.5105468429411113	0.5879189365351751
gene-SYNPCC7002_RS10200	15035.411930344118	0.05367210457867929	0.0628141125958021	0.8544593302471686	0.39285053440390993	0.47485331585715324
gene-SYNPCC7002_RS10205	35451.7398982589	0.03560521106167754	0.041420988789699784	0.8595934597904032	0.39001318147734015	0.47230552504382717
gene-SYNPCC7002_RS10210	10210.762247939196	-0.07593660291484493	0.0584562131375854	-1.2990339065603997	0.1939322932797393	0.2634321583493563
gene-SYNPCC7002_RS10215	11567.692280001238	-0.24855732825709914	0.07773875746933262	-3.1973411506500247	0.0013870078104586824	0.0030899823003817995
gene-SYNPCC7002_RS10220	5725.592020252832	0.7357359121716804	0.058506197028047734	12.57535012605537	2.885192115751866e-36	4.967748339728079e-35
gene-SYNPCC7002_RS10225	358.1059286023564	-0.2316450424617347	0.09583941017622588	-2.4170123964222503	0.015648484183159103	0.02818817100772733
gene-SYNPCC7002_RS10230	646.9490010715658	-0.03493532980682148	0.07164990786371951	-0.4875837366500126	0.6258447174760692	0.6935499316912139
gene-SYNPCC7002_RS10235	4637.925724089123	0.7754954260829459	0.041732138454413904	18.582690818254093	4.436900359169013e-77	2.1760979488833478e-75
gene-SYNPCC7002_RS10240	3578.399245616583	0.26795088613580853	0.03565501716702966	7.5150962592603605	5.6869075460111e-14	3.7799835167223675e-13
gene-SYNPCC7002_RS10245	1030.8427756873705	0.13044594755494116	0.0799582460012741	1.631425826335192	0.10280049907827703	0.15139757480293306
gene-SYNPCC7002_RS10250	1142.1729599604125	-0.053221028164860164	0.0692503351143387	-0.7685309836694267	0.4421717904764818	0.5223759437125445
gene-SYNPCC7002_RS10255	1506.3368637052074	-0.06111678652106137	0.05273252784852628	-1.1589959559044618	0.24645783348389902	0.3220922992561875
gene-SYNPCC7002_RS10260	204.37219102371293	0.17534571901783713	0.10351478016203941	1.6939196387545372	0.09028055458210056	0.13523283442029593
gene-SYNPCC7002_RS10265	851.7724624317193	0.3062069206088489	0.06719822678600149	4.5567708443258645	5.194604333337606e-6	1.6798136090922908e-5
gene-SYNPCC7002_RS10270	2055.8328587345677	0.12490014613044328	0.0742891550979187	1.6812702468592555	0.09271043431768163	0.13842420474461967
gene-SYNPCC7002_RS10275	7714.218600589406	-0.31814970216582855	0.07414046669432191	-4.291174797665446	1.777303399896941e-5	5.3517498655501374e-5
gene-SYNPCC7002_RS10280	84001.47557629598	-0.19018700347189524	0.06513950826536855	-2.9196874298943434	0.0035038262371058925	0.007219532482184452
gene-SYNPCC7002_RS10285	52892.30770451851	0.041893119917097314	0.04999587592123081	0.8379315122531407	0.4020691693240234	0.48400814470132536
gene-SYNPCC7002_RS10290	13943.111371685645	-0.2724710663501053	0.07914912631398748	-3.442502514420723	5.76358506781596e-4	0.0013698035877033965
gene-SYNPCC7002_RS10300	19797.754221087725	-0.3880971589189495	0.09709096535968215	-3.9972530655268383	6.408178263412747e-5	1.7790114098342248e-4
gene-SYNPCC7002_RS10305	1200.9465223433176	-0.07053457951158044	0.07287377188736979	-0.9679007643599855	0.33309393256714726	0.41438318974629346
gene-SYNPCC7002_RS10310	1084.5297370717103	-0.03504554185123041	0.0890897750254538	-0.3933733342711615	0.6940437616358619	0.7511265986008976
gene-SYNPCC7002_RS10315	121.05286163714203	0.16070007960971394	0.12985618339927857	1.2375235079533897	0.21589279249850507	0.288064702933908
gene-SYNPCC7002_RS10320	117.45712304520065	-0.20385687415864764	0.15342286325550605	-1.328725522604478	0.1839385413634069	0.2518650839227361
gene-SYNPCC7002_RS10325	12318.854728390083	-0.2813479654224585	0.05821294603315584	-4.833082408545576	1.344351039470499e-6	4.6541864329048186e-6
gene-SYNPCC7002_RS10330	834.2220153537319	0.06230810825819455	0.08822434914740901	0.706246165149799	0.48003506575853483	0.5587463171018976
gene-SYNPCC7002_RS10335	464.68697673161114	-0.549063858068349	0.08793708356889049	-6.243826105947768	4.26994696490169e-10	2.091046645293006e-9
gene-SYNPCC7002_RS10340	181.27994142794714	-0.29006506932173615	0.10487507168916214	-2.765815218524534	0.005678069872123099	0.011241536499120778
gene-SYNPCC7002_RS10345	1220.7382502297253	-0.20455433388207075	0.06749847800113569	-3.030502908208227	0.002441468357920793	0.005219969005673452
gene-SYNPCC7002_RS10350	182.67780672490247	0.12342996751982403	0.12384599697358695	0.9966407517083362	0.3189389178742403	0.40093408821705473
gene-SYNPCC7002_RS10355	822.1537273003228	-0.09287357484155771	0.06886533342953362	-1.3486259372662517	0.17745714529073758	0.24391880225312845
gene-SYNPCC7002_RS10360	11.55247700075123	-0.4566218196457846	0.40677996336001165	-1.1225278056325048	0.26163809185939424	0.3391760125546092
gene-SYNPCC7002_RS10365	357.5765151167674	0.23754696294813554	0.13796273710471663	1.7218197314238002	0.085102179101784	0.12884740587112947
gene-SYNPCC7002_RS10370	314.57463064816	0.03624189743294376	0.0947935879487137	0.38232435565738643	0.7022207912200398	0.7576962337264229
gene-SYNPCC7002_RS10375	2579.784702283945	-0.7754750872469303	0.07785134095447135	-9.960972768605744	2.2584199662231248e-23	2.5561207799525366e-22
gene-SYNPCC7002_RS10380	161.16807373207212	0.616858138215796	0.17296091963166246	3.5664596345200814	3.6183651378824365e-4	8.886682815876666e-4
gene-SYNPCC7002_RS10385	1037.758967758023	0.4667835791610482	0.05102122660288995	9.148811391661223	5.756339164364949e-20	5.545616034240875e-19
gene-SYNPCC7002_RS10390	1645.8500101470636	0.06569649656573978	0.059314586883074304	1.107594270111769	0.2680370791341155	0.345947378451807
gene-SYNPCC7002_RS10395	21190.024578474557	-0.4807884499787414	0.07847836670575734	-6.1263819592650846	8.989984497714379e-10	4.229735438822884e-9
gene-SYNPCC7002_RS10400	260.45627756159655	0.3475610524755896	0.36740230882638203	0.9459958310709242	0.3441507125875682	0.4256843166396478
gene-SYNPCC7002_RS10405	784.5597230479652	-0.17558861731829645	0.05812878623279629	-3.020682672008542	0.0025220552494772588	0.005374518000367273
gene-SYNPCC7002_RS10410	1280.9370239087802	-0.5557238969437361	0.10097758580103756	-5.503438139615594	3.7245525567541826e-8	1.512719777442069e-7
gene-SYNPCC7002_RS10415	90.33242243902212	0.0186525494786105	0.14049632445171775	0.13276183239242348	0.894381740426402	0.9214238363336292
gene-SYNPCC7002_RS10420	3.0162401377123373	-0.91823694399981	1.0574500684395562	-0.8683501674502907	0.38520266628836103	0.46770238776293477
gene-SYNPCC7002_RS10425	1542.882226976308	-0.04598489785994208	0.04783878628000132	-0.9612471685797295	0.3364279048737853	0.4177280890204998
gene-SYNPCC7002_RS10430	981.1406401123619	0.02874190754897387	0.08441670446669079	0.34047654111296033	0.7334976861364566	0.7838748271118812
gene-SYNPCC7002_RS10435	277.21456052780775	0.5353761825278233	0.08665724414218066	6.178089181435523	6.488206360069887e-10	3.1114554055624034e-9
gene-SYNPCC7002_RS10440	3458.324518642603	0.03875686978797914	0.04533012535620345	0.8549914539928631	0.3925558788786085	0.47467440415765993
gene-SYNPCC7002_RS10445	1116.5954384766492	-0.058927081695202436	0.07981569159462584	-0.7382894330413861	0.460338586388418	0.539850861209434
gene-SYNPCC7002_RS10450	2277.0729137117387	-0.37898223248113827	0.05843180309373734	-6.485889745232886	8.820965684197518e-11	4.612837789943032e-10
gene-SYNPCC7002_RS10455	995.3873940194898	1.5304492353958454	0.0870581772955166	17.57961495335214	3.529651323283991e-69	1.4462634599329469e-67
gene-SYNPCC7002_RS10460	695.3232482329864	-0.22056063444221852	0.07957236512626861	-2.7718245409976703	0.005574307416863767	0.0110496222341629
gene-SYNPCC7002_RS10465	273.65715657629227	0.4144913939615681	0.12767901922644131	3.2463547767895933	0.0011689306891068216	0.0026349781620047226
gene-SYNPCC7002_RS10470	1185.7405630830565	0.017795462448325073	0.06495175677337475	0.27397969404300776	0.784100226600589	0.8299975256723696
gene-SYNPCC7002_RS10475	1064.2682790119886	-0.2668263502409574	0.057522562540237014	-4.6386381005594535	3.507125530859612e-6	1.1584250350400576e-5
gene-SYNPCC7002_RS10480	508.00814297560675	0.5617757932623206	0.09713372996608291	5.78352950574925	7.314935044341501e-9	3.1529220690457313e-8
gene-SYNPCC7002_RS10485	2543.8600695970626	-0.1151048923857581	0.047576294002056804	-2.4193749177012807	0.015547206694756332	0.028021329660872073
gene-SYNPCC7002_RS10490	623.147948124727	-0.14730013813502002	0.09317047617901135	-1.5809744049392607	0.11388389011168917	0.16583092770649477
gene-SYNPCC7002_RS16175	2003.742165401142	1.2223011135688837	0.10895101210419679	11.218813758241359	3.2966270483872934e-29	4.46492960486597e-28
gene-SYNPCC7002_RS10500	1084.8102806185336	0.5237633438161603	0.059409531990756964	8.81614997232512	1.1846278395505012e-18	1.036389274763506e-17
gene-SYNPCC7002_RS10505	11110.661815557161	0.23633003606731376	0.0664255805360905	3.5578166447323762	3.739501867120075e-4	9.170278442324002e-4
gene-SYNPCC7002_RS10510	1906.0984918054999	-0.5435561921981656	0.0651607422840443	-8.341774098102386	7.318416071826417e-17	5.736007947821334e-16
gene-SYNPCC7002_RS16180	1103.2323706819245	-0.41560466727994577	0.08878471699216028	-4.681038374167975	2.854255000223639e-6	9.554522684306017e-6
gene-SYNPCC7002_RS10520	1093.2690216057476	-0.3852307141097613	0.10706148645944918	-3.598219367668429	3.204033232870248e-4	7.978042749846917e-4
gene-SYNPCC7002_RS10525	2461.2577625797076	-0.6240152748225116	0.09988745896554493	-6.247183393039949	4.1792026456538476e-10	2.0528192661580432e-9
gene-SYNPCC7002_RS10530	72.75628338353536	-0.2876816605409438	0.2617334761697701	-1.0991397231676345	0.27170712561395693	0.349986456670266
gene-SYNPCC7002_RS10535	5004.9142560832115	0.1096749819475487	0.05125690375537285	2.1397114127490067	0.032378096156929895	0.05424839402690584
gene-SYNPCC7002_RS10540	74.85959698679805	-0.2490811600407241	0.2373628489393102	-1.0493687666531593	0.29400842747755007	0.3749823797260952
gene-SYNPCC7002_RS10545	1321.9056209441487	-1.1249814235446125	0.0727133046507498	-15.47146603978495	5.406168376081122e-54	1.5624791994084459e-52
gene-SYNPCC7002_RS10550	3064.283812434537	-1.0672623772478278	0.05108887246214498	-20.89030988183642	6.559243724383024e-97	4.718282652406189e-95
gene-SYNPCC7002_RS10555	191.8239656544686	-1.398711203084229	0.11918367724955387	-11.735761434474995	8.357081866482181e-32	1.2466301383319272e-30
gene-SYNPCC7002_RS10560	1398.8111582925644	-1.389311650132471	0.09409565362567542	-14.764886544699833	2.4673713882906215e-49	6.288882821965938e-48
gene-SYNPCC7002_RS10565	413.22971086704587	-1.2996416016634196	0.12299403892526235	-10.566703988419716	4.251758264196192e-26	5.253031107329417e-25
gene-SYNPCC7002_RS10570	2087.037241787155	0.4871576145977915	0.05303181378449945	9.186139033022885	4.07194723497093e-20	3.9582261860663363e-19
gene-SYNPCC7002_RS10575	473.5727598500781	0.5269790412174105	0.0756111812200797	6.969591437588375	3.1786272583966423e-12	1.930434603270156e-11
gene-SYNPCC7002_RS10580	32.87154209400061	0.9005929170589784	0.2711255514484506	3.321682195749113	8.947654378540802e-4	0.0020526971809593604
gene-SYNPCC7002_RS10585	251.8701138658902	0.29413219340282515	0.12425921794088597	2.3670855030067317	0.01792879024967918	0.03187012303031933
gene-SYNPCC7002_RS10595	2010.5114322856307	-0.24840352878838484	0.059441469872715855	-4.178960064754459	2.928450977720125e-5	8.50933197026934e-5
gene-SYNPCC7002_RS10600	228.2420948159676	0.08574370551261264	0.10117484011145694	0.8474805141095855	0.39672734373479884	0.4790027645168011
gene-SYNPCC7002_RS10605	2963.917149810951	-0.11677882570988155	0.05571306986815105	-2.096075947461645	0.036075454294111124	0.059885254128224465
gene-SYNPCC7002_RS10610	267.54242543532655	-0.16742689003237302	0.10935621646374329	-1.5310230679742187	0.12576369156999023	0.18101248093021716
gene-SYNPCC7002_RS10615	658.8732119551112	0.2433338796867175	0.07278345940867063	3.3432579553607935	8.28008918322294e-4	0.0019117438435158815
gene-SYNPCC7002_RS10620	777.8996852099941	0.5062408594154112	0.061007209745670775	8.298049714547638	1.0583439110456623e-16	8.255082506156166e-16
gene-SYNPCC7002_RS10625	4346.470579340385	0.6766147061584225	0.05256254389658118	12.872563920986925	6.423393530610348e-38	1.1362035441850106e-36
gene-SYNPCC7002_RS10630	963.5293421191744	-0.3079639958958807	0.0862465134225138	-3.570741397825477	3.559722146230617e-4	8.76926985338547e-4
gene-SYNPCC7002_RS10635	218.4378098476553	-0.48292794035108744	0.13791289522759947	-3.501688073142871	4.6232054166902924e-4	0.001116814621927349
gene-SYNPCC7002_RS16715	54.263679161583575	-0.4698066137108276	0.19517971497607495	-2.4070463150764225	0.016082130177662985	0.02885690431546291
gene-SYNPCC7002_RS10640	737.6455750842775	0.3213774139889378	0.0958535513102479	3.3527961102738892	7.999961566262352e-4	0.0018510275618292516
gene-SYNPCC7002_RS10645	924.2402723821541	0.20558055206438333	0.055795745809067064	3.684520192056928	2.291338617052312e-4	5.854035598578006e-4
gene-SYNPCC7002_RS10650	109.32189617485787	0.05409240155738233	0.37192125354379063	0.1454404690293221	0.8843631146663247	0.9131991650611505
gene-SYNPCC7002_RS10655	1925.4973277307008	-1.0074953506073134	0.07586490356304697	-13.280124316905535	3.018925506924806e-40	5.7824034709559744e-39
gene-SYNPCC7002_RS10660	22969.2920773291	-0.4553807225294297	0.07506604578904348	-6.066400830665525	1.3080843208272835e-9	6.074991314946796e-9
gene-SYNPCC7002_RS10665	20.830818926562223	0.29191034495058343	0.29418093462794503	0.9922816559127693	0.3210601492234772	0.40219493151563296
gene-SYNPCC7002_RS10670	104.32631781379897	0.6197007000081555	0.1652223884310876	3.750706583367336	1.7633695350973306e-4	4.566421748088047e-4
gene-SYNPCC7002_RS10675	2735.9022067364804	0.060636063905827604	0.06428605731648507	0.9432226276891073	0.3455670417424536	0.42689236737764136
gene-SYNPCC7002_RS10680	977.1930987350511	-0.28457551091205574	0.0777145312043722	-3.6618056687967973	2.504438098672026e-4	6.368315887982206e-4
gene-SYNPCC7002_RS10685	1356.0228446371127	-0.32482396063580554	0.07483558589628311	-4.340501336970741	1.4215800366974961e-5	4.333008077956493e-5
gene-SYNPCC7002_RS10690	342.16425235331735	0.3695262925755191	0.12755937756463642	2.896896328835362	0.0037687427317849758	0.007716268325609087
gene-SYNPCC7002_RS10695	2719.945405480927	0.3022355930295877	0.061111762910301584	4.945620591459651	7.590166525359381e-7	2.702900884773192e-6
gene-SYNPCC7002_RS10700	877.9104299314276	-0.1894881374261094	0.07043062039169369	-2.690422665202831	0.007136157280603316	0.013766234277302107
gene-SYNPCC7002_RS10705	712.9067158439266	-0.31736338403065073	0.059701662390713076	-5.315821558764808	1.0617716296813459e-7	4.125996116780932e-7
gene-SYNPCC7002_RS10710	9232.727701360709	-0.1831860055119522	0.06133830864185842	-2.986486089493224	0.0028220367682314975	0.005935628992050264
gene-SYNPCC7002_RS10715	2786.3745365062496	0.2870185414144557	0.16345983961997929	1.7558963845904456	0.07910610242160315	0.12090011970667111
gene-SYNPCC7002_RS10720	2061.1430476042487	1.0629318964851735	0.07373332614009798	14.415895120010397	4.1107487606134144e-47	9.504638384361157e-46
gene-SYNPCC7002_RS10725	2528.310395641919	-5.0268889728689e-4	0.06744961064591523	-0.007452806509526279	0.9940535757998018	0.9965108429675855
gene-SYNPCC7002_RS10730	970.8822077375556	0.07152861763778944	0.09852825241152927	0.7259706316420926	0.4678567746462896	0.5471287498302165
gene-SYNPCC7002_RS10735	560.3385474596962	-0.1596402219709711	0.06567358551255369	-2.430813252010665	0.01506497714357854	0.02725842985677123
gene-SYNPCC7002_RS10740	176.78841638208527	0.081959934239623	0.11104480819069439	0.7380798397965199	0.4604659338273856	0.539850861209434
gene-SYNPCC7002_RS10745	1112.6522374603608	0.3142158016233715	0.07789142252647589	4.0340231495524055	5.482991273091628e-5	1.528720305856813e-4
gene-SYNPCC7002_RS10750	1186.6880594056304	0.07240599045082056	0.09705847911490022	0.7460037609398822	0.45566514313404327	0.5360920629817579
gene-SYNPCC7002_RS10755	4315.8197749584	0.043764666383453936	0.04420811406408602	0.989969088480245	0.3221892282071669	0.4031412955959023
gene-SYNPCC7002_RS10760	1845.5502142994285	-0.03885670623094214	0.04982636240906424	-0.7798423234659703	0.4354836908726484	0.5158839482141043
gene-SYNPCC7002_RS10765	170.5614836967819	0.225560836270412	0.12027325194382488	1.8754031559383046	0.0607372812983917	0.09497902394342701
gene-SYNPCC7002_RS10770	499.0964480696608	-0.299215351810655	0.08278765842656483	-3.614250692644824	3.012175016719339e-4	7.546757375480263e-4
gene-SYNPCC7002_RS10775	882.8459065141247	0.5520929234481182	0.10770145689705189	5.126141645194687	2.957401456881338e-7	1.0978335454042307e-6
gene-SYNPCC7002_RS10780	216.92734951023172	-0.31302603758117264	0.1616570812329567	-1.9363583407155855	0.052823828014817074	0.08419041422154745
gene-SYNPCC7002_RS10785	265.06153917634333	-0.27451840004731054	0.11221553829247097	-2.446349268777951	0.014431112533462893	0.026212649579076572
gene-SYNPCC7002_RS10790	1184.1460147274763	-0.561178842628506	0.11475283110528946	-4.890326776457534	1.0066871565341003e-6	3.5190565072363745e-6
gene-SYNPCC7002_RS10795	148.1511680920521	0.10256699622383986	0.10703277877731047	0.9582764961866308	0.33792335246340366	0.41942403831443165
gene-SYNPCC7002_RS10800	62.29932731919687	-1.3231648066432165	0.23832507744897594	-5.5519327668172	2.8252826370961453e-8	1.1547272596313411e-7
gene-SYNPCC7002_RS10805	4704.635732484404	-0.5122028690026936	0.12124166671600403	-4.224643910599443	2.3931888253803113e-5	7.048910125346741e-5
gene-SYNPCC7002_RS10810	594.0050142085989	-0.6357452738077021	0.1551803514912603	-4.096815529145821	4.188724262778809e-5	1.1893772314574565e-4
gene-SYNPCC7002_RS10815	390.2533868063972	-0.3781564782807568	0.15784894889929824	-2.395685754752834	0.016589306073580435	0.029663712993358318
gene-SYNPCC7002_RS10820	603.8373976653198	-0.42109030338685444	0.14332399575525132	-2.9380307265918932	0.0033030428556470736	0.006840658812366972
gene-SYNPCC7002_RS10825	2547.4400206282653	-0.2867204256760197	0.06826863871054624	-4.199884911894789	2.6705068603289207e-5	7.808880494024133e-5
gene-SYNPCC7002_RS10830	2095.602502751019	-0.4530956750458359	0.07926912950265383	-5.715915866474437	1.0911471782218698e-8	4.623093476314388e-8
gene-SYNPCC7002_RS16990	37668.466879992506	-1.549783050843827	0.08494014914336825	-18.245588999708357	2.2430612073536767e-74	1.0226463560850495e-72
gene-SYNPCC7002_RS10840	7444.764812299257	-0.6271733190397468	0.06418384395715174	-9.771513832335115	1.4920572861399331e-22	1.6261917290353413e-21
gene-SYNPCC7002_RS10845	381.8288857276791	0.13886022719496915	0.10335683097345151	1.3435031423383823	0.17910910921446907	0.24556382317968503
gene-SYNPCC7002_RS10850	19642.693267975767	-0.6060544997751668	0.05230395376219781	-11.587164185151657	4.787208163420428e-31	6.887196811107522e-30
gene-SYNPCC7002_RS10855	9863.599548848386	-0.789866294672941	0.06268565757998018	-12.600430866744219	2.099942180064102e-36	3.6545767940147836e-35
gene-SYNPCC7002_RS10860	1164.5670113451372	0.07346616595608746	0.08152821831233185	0.9011133504063716	0.3675280553176654	0.44961765497478573
gene-SYNPCC7002_RS10865	429.43679203609213	0.07434468073899977	0.10562553177838119	0.7038514219742485	0.4815253064101345	0.5598769457074732
gene-SYNPCC7002_RS10870	891.2806833317114	-0.1281883728265912	0.07180745597893151	-1.785168003503731	0.07423407021876753	0.11437205392582127
gene-SYNPCC7002_RS10875	1416.8503877042208	-0.17349940486448437	0.05892297982217317	-2.9445117234073623	0.0032346469177572325	0.006707592615490174
gene-SYNPCC7002_RS10880	4526.685989647075	0.6145508862258566	0.05403017170028939	11.374216791958945	5.6205126501996435e-30	7.77504249944284e-29
gene-SYNPCC7002_RS10885	2267.15370907048	-0.08918905498001246	0.05285233664723953	-1.6875139423882177	0.09150457130151664	0.13681307034781032
gene-SYNPCC7002_RS10890	1152.3995507624597	-0.12575402754886272	0.07763013657086476	-1.6199124863585421	0.10525107723462522	0.15437142592137826
gene-SYNPCC7002_RS10895	1969.420647129665	-0.7044231679736506	0.10134722696186689	-6.950591437876225	3.6375793465600397e-12	2.2009054850121213e-11
gene-SYNPCC7002_RS16995	1597.8707952402451	-0.9578660228511843	0.09523368301002653	-10.058059213674817	8.465061955060671e-24	9.716810478202622e-23
gene-SYNPCC7002_RS10900	1650.569872640725	-0.13468975086639165	0.058888859150680775	-2.2871856036768645	0.02218499195208369	0.03854687007455443
gene-SYNPCC7002_RS10905	1394.9299048964629	0.021076993736072788	0.06854244280746112	0.30750280954063797	0.7584606848555012	0.8070799595257256
gene-SYNPCC7002_RS10910	2194.86095546615	0.330176000498943	0.04878125931728805	6.76850095958734	1.3012352623926306e-11	7.42874522815687e-11
gene-SYNPCC7002_RS10915	2246.2590871454913	0.2271168401983163	0.07919676885017582	2.867753867938415	0.004133969981714942	0.00840556584849954
gene-SYNPCC7002_RS10920	733.0162715595128	-0.08801503812673216	0.09455326941803924	-0.9308513462141618	0.35193046505066755	0.4334851276137789
gene-SYNPCC7002_RS10925	26407.103204833176	-0.2234431564617976	0.03932917950705482	-5.681358199240252	1.3362927959239984e-8	5.617636078449328e-8
gene-SYNPCC7002_RS10930	65247.159935368196	-0.43079984733952903	0.08900692345388282	-4.840071205952191	1.2979261527608383e-6	4.5030942727618796e-6
gene-SYNPCC7002_RS10935	857.9432448710646	1.1759615460244601	0.07378894671208314	15.936825207885686	3.5177738302334627e-57	1.0949071046601652e-55
gene-SYNPCC7002_RS10940	6817.782546398031	-0.7023375349640494	0.10264639421628564	-6.842301089351058	7.793107427875032e-12	4.5617158669134684e-11
gene-SYNPCC7002_RS10945	723.3895475049161	0.37479259964737127	0.10390164687716419	3.6071863239132576	3.095353910651742e-4	7.731219605539883e-4
gene-SYNPCC7002_RS10950	1552.683352430097	-0.16317560354305324	0.08581457947219884	-1.901490452399372	0.05723780189396393	0.09020387766833556
gene-SYNPCC7002_RS10955	465.2446653258638	-0.1023621772906167	0.06776141514436221	-1.5106263213738873	0.1308836838792281	0.1876308612564488
gene-SYNPCC7002_RS10960	1923.8667448874141	-0.47227147689298266	0.05177238926163908	-9.122072278841374	7.370134905118306e-20	7.058321505286378e-19
gene-SYNPCC7002_RS10965	13188.988178703901	-0.1906204802402055	0.0659901192173889	-2.888621546693244	0.003869344557414265	0.007912235206790888
gene-SYNPCC7002_RS10970	231.65946594720657	0.20008073129333126	0.09204273564105596	2.1737807975807772	0.029721601313848607	0.05023959449239057
gene-SYNPCC7002_RS10975	68148.19418114713	-0.8108378954831528	0.12020425623838663	-6.7455007073552835	1.5250019282379225e-11	8.630124548437334e-11
gene-SYNPCC7002_RS10980	209670.6206462228	-1.1692930634496688	0.10493742192678429	-11.142765297450268	7.766958908854407e-29	1.0432218252266272e-27
gene-SYNPCC7002_RS10985	201323.81765062115	-1.1236229723940143	0.11014504910910446	-10.201302568588504	1.9563094704660797e-24	2.2861277097107223e-23
gene-SYNPCC7002_RS10990	90091.39776044896	-1.3383844392518776	0.1272215405851468	-10.520108726054328	6.979299954037876e-26	8.525280736309663e-25
gene-SYNPCC7002_RS10995	12777.100117217793	-1.1240402268318272	0.10941192110165854	-10.273471259017938	9.28040360530353e-25	1.0923878716497284e-23
gene-SYNPCC7002_RS11000	1279.478589621518	-0.8007641304625059	0.1026297631261869	-7.802455214457996	6.0714179291286826e-15	4.309907858901216e-14
gene-SYNPCC7002_RS11005	653.1862979670204	-0.43078858218212157	0.10384580613820078	-4.148348384997046	3.3488251545583606e-5	9.644258919310866e-5
gene-SYNPCC7002_RS11010	585.4155218932815	-0.047531863453291155	0.11137730366719126	-0.4267643576228247	0.6695509694946516	0.7309735204904511
gene-SYNPCC7002_RS11015	5940.04091075459	-0.4302304866880909	0.049863024352130594	-8.628246928020674	6.229946568951665e-18	5.21093980457275e-17
gene-SYNPCC7002_RS11020	1045.2904747712073	-0.35368032888049505	0.05900801934473259	-5.993767166022777	2.0503487677038336e-9	9.387523282966491e-9
gene-SYNPCC7002_RS11025	1260.7174700095597	-0.36836261341906956	0.05538551856147401	-6.650883172831778	2.913394736398942e-11	1.6148388290622217e-10
gene-SYNPCC7002_RS11030	920.8455879368752	-0.37067033929541615	0.07446318905024793	-4.977900409896318	6.427771227173942e-7	2.2965447530200937e-6
gene-SYNPCC7002_RS17235	2.0550852268704713	0.29752053609401796	1.1452670015366675	0.25978268446992564	0.7950314083025998	0.8385521892067499
gene-SYNPCC7002_RS11035	1863.8193398749063	-0.27591021722946	0.0874704311666604	-3.154325565215963	0.0016086951491576561	0.00355450252411149
gene-SYNPCC7002_RS11040	1831.9230209864593	-0.46260012520329435	0.07460096289917544	-6.200994025083924	5.610764420115085e-10	2.718868926334211e-9
gene-SYNPCC7002_RS11045	3590.876340311353	-0.22887279171520025	0.07337524642979958	-3.119209854159333	0.0018133675842019192	0.0039661289662578465
gene-SYNPCC7002_RS11050	1419.9219553451387	-0.29802835862164656	0.0761945445012317	-3.9114133508184286	9.17575764689768e-5	2.4959602943704025e-4
gene-SYNPCC7002_RS11055	22.955253819318436	-0.6298309698495079	0.3875071503248682	-1.6253402532610988	0.10409007888485734	0.15308477298967887
gene-SYNPCC7002_RS11060	574.9306054293172	0.5499814404360103	0.07641051315061086	7.197719499042698	6.122793662406803e-13	3.8114390548482344e-12
gene-SYNPCC7002_RS11065	1801.4773772482029	-0.7259656451513173	0.08264934716180522	-8.7836827522675	1.5820750716469662e-18	1.3692986649522003e-17
gene-SYNPCC7002_RS11070	589.5960473053843	0.04234721065727396	0.09631784810194119	0.4396610959627585	0.660182583565821	0.7226956452494294
gene-SYNPCC7002_RS11075	1028.1591648096362	-0.09437607016831576	0.061225000863747936	-1.5414629454778328	0.12320415456473655	0.17772364007399832
gene-SYNPCC7002_RS11080	130.45567221768664	0.32976875995669386	0.1660897562027148	1.9854852430164724	0.04709051034666726	0.07583680696127458
gene-SYNPCC7002_RS11085	1396.0239087492507	0.08453561697495199	0.08778544010480929	0.9629799300888934	0.3355575952305752	0.4169673457817167
gene-SYNPCC7002_RS11090	13268.280687742897	0.15003203347356567	0.055176740673661594	2.719117360717591	0.006545637899658422	0.012748634104208371
gene-SYNPCC7002_RS11095	1594.8764767479836	-0.015752519388142306	0.13829538621178059	-0.11390488012390712	0.9093131969690361	0.9323556599901077
gene-SYNPCC7002_RS11100	983.5989245614819	-0.02464384984804292	0.061949201283189974	-0.39780738633558577	0.6907721721667777	0.7480861563412042
gene-SYNPCC7002_RS11105	5058.397715231573	-0.7428137809944029	0.07015657397121262	-10.587942639547963	3.3895967878603484e-26	4.2200480008861335e-25
gene-SYNPCC7002_RS11110	6.147692737227973	-0.3134840379993078	0.6601226507110719	-0.4748875646997245	0.6348671153414283	0.7020576071401671
gene-SYNPCC7002_RS16470	469.14946506879716	0.03053159296350751	0.07559551322290727	0.4038810196774443	0.6863002142771686	0.7447381138502162
gene-SYNPCC7002_RS11115	1154.6864255285032	-0.07276563228229013	0.049506779323380865	-1.4698114738383854	0.14161282075362078	0.20009378301567168
gene-SYNPCC7002_RS17005	713.3263886475797	0.12342912049512315	0.08199857867063741	1.5052592678575472	0.1322574328876048	0.1893486555759296
gene-SYNPCC7002_RS11120	1097.1058487492471	0.3572803877932378	0.10075483587106587	3.5460371177661685	3.910711189332203e-4	9.561157190232887e-4
gene-SYNPCC7002_RS11125	1652.2442161610154	1.708454156086552	0.1110306023756686	15.387236667473445	1.9936640980648622e-53	5.56335403916893e-52
gene-SYNPCC7002_RS11130	3691.000201364434	1.3225986842906332	0.05790548379530037	22.840646474280486	1.810275860614983e-115	1.7757160487305154e-113
gene-SYNPCC7002_RS11135	1076.7211332761947	0.11530114846229485	0.08148784548212532	1.4149490366337716	0.15708343897890184	0.2189832437444898
gene-SYNPCC7002_RS11140	1179.7353884416552	-0.6657560907985716	0.06087234972442778	-10.936921177061231	7.676259297914606e-28	1.005993981674072e-26
gene-SYNPCC7002_RS11145	1589.6322955172966	-0.8847281599164538	0.0538026278053701	-16.44395814860456	9.266417187642797e-61	3.2603687430869275e-59
gene-SYNPCC7002_RS11150	2263.8168171881243	-0.5309576885247995	0.040254540626828914	-13.19000739436897	1.0017541878709203e-39	1.8636082219184878e-38
gene-SYNPCC7002_RS11155	293.7767022462586	-0.02451478080609218	0.12875456094283913	-0.19039931965575627	0.8489962307577714	0.8842344913008063
gene-SYNPCC7002_RS11160	313.12072129270547	-0.12444170598969526	0.10036067577797139	-1.2399448790579937	0.21499578268021086	0.2872230080626672
gene-SYNPCC7002_RS11170	3627.073716175634	0.123276775132437	0.04122493051817604	2.990345249413686	0.002786622873008801	0.0058725899999540945
gene-SYNPCC7002_RS11175	158.84065537954518	-0.14746478904237867	0.12258370629462396	-1.2029721852915283	0.22898708432121642	0.30229657094118173
gene-SYNPCC7002_RS11180	12444.892215474705	-0.4089571245294956	0.04387093244761981	-9.321824308561814	1.1435685370757677e-20	1.142509677319216e-19
gene-SYNPCC7002_RS11185	961.2765022018502	-0.43777565694223824	0.07572261885948688	-5.781306345922711	7.4122772008677045e-9	3.186393266827192e-8
gene-SYNPCC7002_RS11190	8850.775520226029	-0.21558667400997117	0.05518095792375736	-3.9069034341129742	9.348649319990181e-5	2.5387229738933065e-4
gene-SYNPCC7002_RS11195	414.2471461761267	-0.08364288255214956	0.08339365338515098	-1.0029885867434962	0.31586636805847135	0.3978441375117789
gene-SYNPCC7002_RS11200	830.1497577432218	-0.47929402659650755	0.07112323646209318	-6.738923176702718	1.5956473474377262e-11	9.014154386834066e-11
gene-SYNPCC7002_RS11205	6510.634658386615	-0.15263662919213689	0.05704879220362937	-2.67554532350689	0.007460778458352095	0.01434969689226722
gene-SYNPCC7002_RS11210	4990.119542111787	-0.32447063021329087	0.06450463151164523	-5.030191206575812	4.899909435737008e-7	1.7702016566384702e-6
gene-SYNPCC7002_RS11215	312.5320694550599	0.7589099056781299	0.1034143672270017	7.338534538554687	2.1594518808286257e-13	1.3952386703078366e-12
gene-SYNPCC7002_RS11220	1095.368237853396	0.4830267589749111	0.08865101766939865	5.448631856390371	5.075875403414197e-8	2.0284702075125627e-7
gene-SYNPCC7002_RS11225	786.7317303355147	0.1914460570543892	0.09197550413819666	2.0814896188743286	0.037389113321541954	0.06184392428300016
gene-SYNPCC7002_RS11230	846.0795464683708	-0.16956033772058593	0.08145970556165587	-2.081524068267688	0.037385963440569506	0.06184392428300016
gene-SYNPCC7002_RS11235	481.73847259412446	-0.2343977938557866	0.08580216229202985	-2.731840172722078	0.006298168575773818	0.012333437192849274
gene-SYNPCC7002_RS11240	1382.5183926956097	-0.10361481475634905	0.05163941821698229	-2.006506237560089	0.04480226393101308	0.07255717518108229
gene-SYNPCC7002_RS11245	1115.4194315362802	0.31306455562362634	0.06144730186156944	5.094846252629754	3.490243865133121e-7	1.2838544762995353e-6
gene-SYNPCC7002_RS11250	965.5912948843053	0.09447093585896522	0.0662035463242989	1.4269769688197391	0.15358653328454278	0.2144778292675
gene-SYNPCC7002_RS11255	1069.1784928784973	0.10143305901560834	0.07210904674644439	1.4066620430065508	0.15952762609179266	0.22200813656884474
gene-SYNPCC7002_RS11260	1256.011622483002	-0.44082933623749926	0.06792503062914773	-6.48993945463651	8.587087605368237e-11	4.497799769996275e-10
gene-SYNPCC7002_RS11265	1581.4475625176854	-0.2571078203004979	0.06197044190356281	-4.148878278141119	3.341083943778852e-5	9.63053314871963e-5
gene-SYNPCC7002_RS11270	1017.9137373809228	0.18386186838169885	0.07157403634273635	2.5688347028699883	0.010204111809379074	0.019015952750120937
gene-SYNPCC7002_RS11275	1909.2209784713186	0.05838135326043361	0.06945547888338048	0.840557925724752	0.40059563778120433	0.4827729260974528
gene-SYNPCC7002_RS11280	2598.5089782328496	0.369018422612224	0.060188411645772745	6.131054342885979	8.729857725039645e-10	4.119322078127308e-9
gene-SYNPCC7002_RS11285	1443.1550931364548	0.1560891766318461	0.0529145451829417	2.949834985677346	0.0031794369267026962	0.006605800598033778
gene-SYNPCC7002_RS11290	766.6151233226146	0.18155922605917882	0.07549796914875241	2.40482264763249	0.01618031605436327	0.029016998929625434
gene-SYNPCC7002_RS11295	417.9275201260728	0.7153494814612055	0.1283574579485403	5.573104149102078	2.5023986486470307e-8	1.0292585038971332e-7
gene-SYNPCC7002_RS11300	524.0715856198161	1.9455643728921084	0.09057227174542923	21.480794678094096	2.354440884815668e-102	1.8588597912556873e-100
gene-SYNPCC7002_RS11305	1335.9282401152575	1.846659257364159	0.08471973209940609	21.79727451448238	2.4624987275512036e-105	2.214196772523124e-103
gene-SYNPCC7002_RS11310	1277.0192483433182	0.21784642535621473	0.08187495668860802	2.6607211065129714	0.007797351320076017	0.014934926759222526
gene-SYNPCC7002_RS11315	786.5764085104211	0.42621663598688786	0.06485262770595693	6.572079668373075	4.961730074741691e-11	2.6679601747406736e-10
gene-SYNPCC7002_RS11320	1126.1063107582702	-0.4383969360333125	0.11887870624707138	-3.687766715110197	2.2623091226628127e-4	5.784434936855865e-4
gene-SYNPCC7002_RS11325	3760.191971439167	-0.4295427743438604	0.09159700997371979	-4.689484672775902	2.7389394803713416e-6	9.206590963615818e-6
gene-SYNPCC7002_RS11330	1825.5021721273808	-0.3210146144120058	0.058392429692219534	-5.497538227198982	3.8512984447816456e-8	1.556386150531609e-7
gene-SYNPCC7002_RS11335	1795.7871824112963	-0.15144367808219747	0.07247490175505931	-2.089601702311042	0.03665359349847586	0.060720410519225373
gene-SYNPCC7002_RS11340	1630.9442153705895	-0.14863270859320643	0.05241710647315338	-2.8355763717963347	0.004574307679094805	0.009260183838167532
gene-SYNPCC7002_RS11345	972.6180340696495	0.11753997072454439	0.05974948143082971	1.9672132361620092	0.04915863270312648	0.07892863162116896
gene-SYNPCC7002_RS11350	1854.3551239405353	0.03081531430829188	0.04836331208525598	0.6371630266754668	0.5240186582577564	0.5995684795731598
gene-SYNPCC7002_RS11355	816.1839554804152	0.05159697199778218	0.07710617080448572	0.6691678689195195	0.5033884001894249	0.5813300932619223
gene-SYNPCC7002_RS11360	632.0940093822107	0.24678845359130533	0.11945696299866473	2.06591936875261	0.038836093674691284	0.06407361632261757
gene-SYNPCC7002_RS11365	320.2650859911825	-0.19519386785450168	0.4992894677070901	-0.3909432913754408	0.6958391534477901	0.7525664349183082
gene-SYNPCC7002_RS11370	12496.016396658688	-0.34878346087033835	0.06135820700757059	-5.684381566549105	1.3128686475825247e-8	5.526340458029431e-8
gene-SYNPCC7002_RS11375	5751.938722393552	-1.895460453214353	0.09978288340798315	-18.995847669227672	1.8458299016653504e-80	1.0127036257102948e-78
gene-SYNPCC7002_RS11380	1903.697823661284	-0.43243117180331114	0.07242833811838656	-5.970469336138678	2.365720452037777e-9	1.0695303216824418e-8
gene-SYNPCC7002_RS11385	699.2062062255401	0.5288366813042389	0.06436198553273476	8.216599859792556	2.0935414762967471e-16	1.6135223235172787e-15
gene-SYNPCC7002_RS11390	1314.5720419050647	-0.1316878301026312	0.09103507294688229	-1.4465614827317075	0.1480197805093419	0.20796008225205717
gene-SYNPCC7002_RS11395	2254.9403897037887	-0.020661461727570458	0.07537414817141727	-0.27411867634751613	0.7839934217024724	0.8299975256723696
gene-SYNPCC7002_RS11400	3932.4793696294664	0.23276378801203995	0.04997843564292627	4.657284387111151	3.2040770444222215e-6	1.0637535787481774e-5
gene-SYNPCC7002_RS11405	378.64959509209274	-0.27898259184258506	0.09517203194216205	-2.9313505885019704	0.003374916677838405	0.006976120872390113
gene-SYNPCC7002_RS11410	1433.7429269583074	-0.23434974638432904	0.09193206961050897	-2.54916208649718	0.010798210017734787	0.020088394153682475
gene-SYNPCC7002_RS11415	221.37969963098456	-0.2640965693149657	0.09975303304286484	-2.6475041535978248	0.008108836359908425	0.015385875320646877
gene-SYNPCC7002_RS11420	828.0850565718788	-0.4778585154478179	0.06899521690660029	-6.925965840424867	4.3301094843773505e-12	2.6150306718152024e-11
gene-SYNPCC7002_RS11425	602.863630130553	-0.009893237368848302	0.08501454556850747	-0.11637111393927302	0.9073584275661516	0.9306461438630015
gene-SYNPCC7002_RS11430	1106.919605206375	-0.3018864233662435	0.0642697646198664	-4.697176427388494	2.6378259307351765e-6	8.885163931102775e-6
gene-SYNPCC7002_RS11435	946.516797219713	-0.37997921800429313	0.05999392727106144	-6.333628006839605	2.394624593063691e-10	1.2073831476241696e-9
gene-SYNPCC7002_RS11440	353.31365191693294	0.2602842384599923	0.08411283999219377	3.094464988747835	0.0019716820405988496	0.004283446151287568
gene-SYNPCC7002_RS11445	7077.332108367895	0.6103962181623032	0.06714179601712517	9.091151181100603	9.799590067455326e-20	9.302426113886477e-19
gene-SYNPCC7002_RS11450	668.559120764926	0.36169065159878144	0.0627327934752346	5.765575412189611	8.13797024453783e-9	3.479869178542795e-8
gene-SYNPCC7002_RS11455	518.7778474795133	0.19667285144359942	0.0804004237634377	2.4461668513373795	0.014438416496599792	0.026212649579076572
gene-SYNPCC7002_RS11460	996.9990613287557	-0.20699542853623992	0.060614650959826065	-3.414940534317875	6.379593767938768e-4	0.0015018723655867486
gene-SYNPCC7002_RS11465	324.34482780845815	-0.10447990510185266	0.113183991527369	-0.923097901849383	0.35595618794925327	0.43794381618841993
gene-SYNPCC7002_RS11470	225.02027933925893	-0.2833896457541195	0.1284133837564552	-2.206854437319302	0.027324230454457765	0.04665007066512647
gene-SYNPCC7002_RS11475	207.78517437005556	-0.01638699182624749	0.1568027794853503	-0.10450702391904021	0.9167669945224746	0.9382152264524978
gene-SYNPCC7002_RS11480	1158.374773652322	-0.8362417133411024	0.13290002768310114	-6.292261393166244	3.128740382271744e-10	1.5581127103713286e-9
gene-SYNPCC7002_RS11485	1150.945857337944	-0.26719316430833673	0.0956251012918105	-2.7941739218970074	0.005203248610206327	0.010384041770183651
gene-SYNPCC7002_RS11490	1321.143525649334	-0.5469634717872464	0.12545560279966259	-4.35981701559141	1.3017124810669006e-5	4.001560589946398e-5
gene-SYNPCC7002_RS11495	111.43150821633482	-0.07691181372878265	0.16382736141181917	-0.46946867156974137	0.6387346728924703	0.7045164156061884
gene-SYNPCC7002_RS11500	523.6449476595084	-0.05741694526462382	0.07761336501755288	-0.7397816761538237	0.45943247926098657	0.5390296974874279
gene-SYNPCC7002_RS11505	452.7964572147356	0.40415022978222037	0.08392859763589737	4.8154054895033775	1.469012795323268e-6	5.058717466448318e-6
gene-SYNPCC7002_RS11510	238.87956860325295	0.016829247552597067	0.09589289988292227	0.17550045491526758	0.8606864133566788	0.8923901089159415
gene-SYNPCC7002_RS11515	2186.9878075384236	-0.7241632257086424	0.09646491490772441	-7.507011501553247	6.049241457863245e-14	4.012580860471993e-13
gene-SYNPCC7002_RS11520	23585.944839214808	-1.0974485320293623	0.12353742450032601	-8.883530933789753	6.477095778051249e-19	5.744207954397779e-18
gene-SYNPCC7002_RS11525	3533.8148195350923	0.47860142771518366	0.07352159021556773	6.509671870696873	7.531513898854756e-11	3.960191470213677e-10
gene-SYNPCC7002_RS11530	2671.7542284097462	0.03032257958142819	0.0856959324401297	0.3538391930400273	0.7234593993829458	0.7759569502328016
gene-SYNPCC7002_RS11535	616.6279696008718	0.20917008474286872	0.07219369105398184	2.8973457609538853	0.003763347376979388	0.007710098391950809
gene-SYNPCC7002_RS11540	946.8176364968883	0.016447812305059838	0.060841848163991935	0.2703371577524523	0.7869008814180041	0.8324176971078691
gene-SYNPCC7002_RS11545	530.3545506193923	-0.22363605917750065	0.08153553299990726	-2.742804896826455	0.006091686761533674	0.011958029137104002
gene-SYNPCC7002_RS11550	975.127906398304	0.034087173591553145	0.07175886116723373	0.47502389303689097	0.6347699432646194	0.7020576071401671
gene-SYNPCC7002_RS11555	118.36485511041863	0.29622048181713095	0.13708053066504933	2.1609230747795514	0.030701282123857452	0.05170658180797428
gene-SYNPCC7002_RS11560	98.10531589294908	0.3162824473924675	0.15326485094727457	2.063633282110283	0.03905249950001497	0.06436504118205115
gene-SYNPCC7002_RS11565	479.50914021426945	-0.012961715393480327	0.10082872010729317	-0.12855181916112388	0.897712292602549	0.9230923415357215
gene-SYNPCC7002_RS11570	377.8343470049768	0.056535660145924475	0.0865152267970457	0.6534764137941905	0.5134491902083622	0.5904209693443937
gene-SYNPCC7002_RS11575	2040.9210016070024	0.29373528494452295	0.056434455009706536	5.2048927360776585	1.9410869357812887e-7	7.289209293647369e-7
gene-SYNPCC7002_RS11585	2319.7914799606174	-0.229314880287129	0.05912737141741208	-3.8783202227657187	1.0518021077173702e-4	2.830160783608585e-4
gene-SYNPCC7002_RS11590	675.1357273177765	0.15117903301211372	0.07172232303982509	2.107837931130157	0.035045010609602856	0.058264355081296584
gene-SYNPCC7002_RS16190	1707.0521148864382	0.08919108849189765	0.08727002924555703	1.022012817721594	0.3067748338672463	0.3879023973547954
gene-SYNPCC7002_RS11605	2545.9290026794297	0.2208235345852671	0.04803224581586545	4.597401825261463	4.277920912118318e-6	1.4001648121867536e-5
gene-SYNPCC7002_RS11610	1393.4299007637287	0.3560296984969365	0.053627364125469534	6.6389557701167226	3.159131666148974e-11	1.7391342182524196e-10
gene-SYNPCC7002_RS11615	1707.1772573608762	-0.3625006741382175	0.06843170858439776	-5.297261775820496	1.1755211534931308e-7	4.5461911276669826e-7
gene-SYNPCC7002_RS11620	1551.4832712228317	-0.7595364749850234	0.05589436020844663	-13.588785561772008	4.667609706240365e-42	9.269357435030713e-41
gene-SYNPCC7002_RS11625	394.9779621571233	-1.1684733730409644	0.11979201747915245	-9.754183940046884	1.7701860792815544e-22	1.910030779544797e-21
gene-SYNPCC7002_RS17240	210.9362896356214	0.3235459803531685	0.09808224192774052	3.2987212974957525	9.712628976587639e-4	0.0022125109076153544
gene-SYNPCC7002_RS11630	9582.248507470787	0.35191510424490574	0.05315045154199053	6.621112220784836	3.565061837754246e-11	1.9362592565118282e-10
gene-SYNPCC7002_RS11635	93.88190767324534	-0.005250151561734592	0.21690350615585358	-0.024205010120777644	0.980689081803851	0.9864793529518537
gene-SYNPCC7002_RS11640	1902.1265617038841	0.5482245338687088	0.08541024732257337	6.418720833323436	1.3742414972314671e-10	7.140320588343915e-10
gene-SYNPCC7002_RS11645	885.4515873399	0.10980000816761695	0.07059817059744285	1.5552812096747737	0.11987911048955474	0.1735459215808089
gene-SYNPCC7002_RS11650	540.6618498056182	-0.2845834344387099	0.06915307117748692	-4.115268195512296	3.8672948069575407e-5	1.105955555671544e-4
gene-SYNPCC7002_RS11655	7455.585150830946	2.3519598678292355	0.06172867935095936	38.101574382583685	1.206538e-317	7.811126695e-315
gene-SYNPCC7002_RS11660	1911.8498990231171	0.28060437832516333	0.0809980464276604	3.4643351377094254	5.315438407436423e-4	0.0012698209686252179
gene-SYNPCC7002_RS11665	473.8830524101176	1.0689992378142192	0.09244817594135274	11.563226931512103	6.3285047344567545e-31	9.024391993584367e-30
gene-SYNPCC7002_RS11670	785.7823854679688	1.6465845514704265	0.10032892745047589	16.41186239415556	1.5730515682316275e-60	5.4752343294255675e-59
gene-SYNPCC7002_RS11675	1357.516923630758	0.9501422110933231	0.06631985182536342	14.326663660155374	1.49113958637015e-46	3.306040302109709e-45
gene-SYNPCC7002_RS11680	1878.4545852676185	0.2943601956276642	0.09089551144336146	3.238445891919372	0.0012018281523754777	0.0027034869556910503
gene-SYNPCC7002_RS11685	2337.9576779380836	0.2967184544846333	0.08067313083624583	3.67803321141616	2.3503936127193938e-4	6.000176754237127e-4
gene-SYNPCC7002_RS11690	228.30581070828563	0.029765184426228188	0.10143977624942511	0.2934271498493854	0.769195675696128	0.8168918642481516
gene-SYNPCC7002_RS11695	577.9974019788709	0.16067785093185974	0.06854006523758623	2.3442908957686064	0.01906329665375063	0.03370174290998951
gene-SYNPCC7002_RS11700	1356.277591421601	0.12059265665982434	0.05009274055463557	2.4073878834458124	0.016067094747131104	0.02884591552771125
gene-SYNPCC7002_RS11705	651.8806712417902	0.4258349723975974	0.09490859460277822	4.486790413237582	7.230413805737364e-6	2.290102689742842e-5
gene-SYNPCC7002_RS11710	1212.2602935265052	0.005427818056700367	0.05850944066282261	0.09276824381179305	0.9260876799536243	0.9450648865100509
gene-SYNPCC7002_RS11715	1004.1905346349274	-0.40153284533232475	0.06378583218656801	-6.295016174718488	3.0736780772612574e-10	1.5330502212780724e-9
gene-SYNPCC7002_RS11720	923.5927673212917	-0.5267376065908742	0.08450732979782538	-6.233040469401137	4.5746792747287865e-10	2.2301561464302836e-9
gene-SYNPCC7002_RS11725	501.0187973107735	0.4872504767007776	0.10560408308695443	4.613935962112142	3.951142079973999e-6	1.301103449936504e-5
gene-SYNPCC7002_RS11730	1753.395265421212	3.174888648105881e-5	0.08663431616814166	3.6647009967089624e-4	0.9997075991720217	0.9997075991720217
gene-SYNPCC7002_RS11735	2241.069675226318	0.17622056766696667	0.08814500887998457	1.9992120927334975	0.04558541070740602	0.07363272178636393
gene-SYNPCC7002_RS11740	4955.0557268520915	0.25184684138001784	0.05460719605611846	4.611971673498875	3.988673601498631e-6	1.3107955784823421e-5
gene-SYNPCC7002_RS11745	1508.886925423839	-0.24766178940804587	0.0743068202305925	-3.3329617475150988	8.592675545051569e-4	0.0019782710340918866
gene-SYNPCC7002_RS11750	12235.708364509605	-1.298969334402991	0.1038474913687589	-12.508432483846866	6.713598171701832e-36	1.1377967163245461e-34
gene-SYNPCC7002_RS11755	7816.517345069928	-1.2996468742200793	0.10918159641800163	-11.903534266382977	1.1343901440758037e-32	1.7825344157152314e-31
gene-SYNPCC7002_RS11760	804.6413846885437	-1.2185201107923782	0.13257014195268713	-9.191512454043046	3.8735608879214535e-20	3.7767218657234173e-19
gene-SYNPCC7002_RS11765	1771.4131502295838	-1.2571299496863482	0.09744055385734712	-12.901506610140837	4.4138242859688993e-38	7.85030176575897e-37
gene-SYNPCC7002_RS11770	2226.5185185366227	-1.223762262740011	0.06979177432799487	-17.534477014279542	7.816543722862713e-69	3.162769003863325e-67
gene-SYNPCC7002_RS11775	374.36021145270036	-1.0617927752522591	0.11759811336978024	-9.028994979821787	1.732556159154794e-19	1.597801791220532e-18
gene-SYNPCC7002_RS11780	357.72185493091604	-1.0550902502916961	0.12857046894042665	-8.206318752563421	2.280734196018172e-16	1.749463647514413e-15
gene-SYNPCC7002_RS11785	166.93161537993925	-1.140953094205675	0.19662976779485683	-5.802545092745201	6.531582053591813e-9	2.8303522232231185e-8
gene-SYNPCC7002_RS11790	723.8411978996107	-1.069517334175794	0.12696153919837064	-8.423947448405853	3.640075921204775e-17	2.887971999249965e-16
gene-SYNPCC7002_RS11795	677.3288985839107	-0.9540975387237101	0.12519034128837267	-7.621175315162464	2.513762522338473e-14	1.6987576795009682e-13
gene-SYNPCC7002_RS11800	538.2372995609251	0.23831461725257683	0.0724997010758558	3.2871117220639348	0.0010122066757770655	0.0023025390087774845
gene-SYNPCC7002_RS11805	931.777416707512	-0.25975438032292514	0.0682299503000605	-3.80704337582809	1.406380858933384e-4	3.6951743834150684e-4
gene-SYNPCC7002_RS11810	2741.163108150129	-0.43762375270064596	0.050901050457957	-8.59753872981683	8.144389904727116e-18	6.742555018312449e-17
gene-SYNPCC7002_RS11815	3838.15231906379	-0.17944507513138652	0.056624529437327036	-3.16903428451444	0.0015294635250209074	0.003393333399926441
gene-SYNPCC7002_RS11820	1246.3141841768202	-0.23925785890801854	0.07128124532526202	-3.3565330938911884	7.892627460209768e-4	0.0018288070929634228
gene-SYNPCC7002_RS11825	357.5261527751166	-0.13693958033255577	0.08770661940406678	-1.5613368895416138	0.11844428399047882	0.17177605164748205
gene-SYNPCC7002_RS11830	5870.208185913539	0.19183399360177164	0.06412993705232545	2.9913329471265317	0.00277762465636772	0.005864867415460775
gene-SYNPCC7002_RS11835	2261.1244511913296	-0.066689847999585	0.05406367610318076	-1.2335426076522642	0.21737339044873163	0.2897129797097074
gene-SYNPCC7002_RS11840	3766.287711353455	0.13211793974955854	0.04507513161856078	2.931060542819486	0.0033780693931218277	0.006978181637227412
gene-SYNPCC7002_RS11845	506.198076840007	0.7341319369754084	0.0824535961639179	8.903576934545738	5.407526279142848e-19	4.848798494621994e-18
gene-SYNPCC7002_RS11850	391.06825458707965	0.06457195678715945	0.08209973358615759	0.7865062889564186	0.4315709361392263	0.5122827723808858
gene-SYNPCC7002_RS11855	1059.271258207372	0.23624944045224888	0.06582824358759135	3.588876560832044	3.3210603394016164e-4	8.225150970652665e-4
gene-SYNPCC7002_RS11860	29258.116499285174	0.1253446794674814	0.04771485028348313	2.6269532173481522	0.008615317782199232	0.016246122230380227
gene-SYNPCC7002_RS11865	2693.983777969862	-0.025647414736915754	0.06427582780572476	-0.3990211501349416	0.6898776201796719	0.7476176285643114
gene-SYNPCC7002_RS11870	2193.044575492474	-0.46213318494322725	0.10002721514750917	-4.6200744893449635	3.836022970670107e-6	1.264481298987692e-5
gene-SYNPCC7002_RS11875	296.5606399115903	0.12908070508971065	0.11099343140578603	1.1629580548582061	0.2448465210954474	0.3203590092101711
gene-SYNPCC7002_RS11880	349.6169717813923	0.6534557991447855	0.07540808549731608	8.665593282673159	4.491677563190977e-18	3.786343820846144e-17
gene-SYNPCC7002_RS11885	1620.6722455230147	0.5688471497766021	0.06945708835597487	8.189907801219665	2.6142636620693796e-16	1.9958423288015523e-15
gene-SYNPCC7002_RS11890	1925.7525058411902	0.34600516728793207	0.04431348282421447	7.808123966705287	5.804547966364546e-15	4.129521267499348e-14
gene-SYNPCC7002_RS11895	1230.6851855174073	0.7441702843045905	0.0853633760388173	8.717676348299461	2.8396931203188463e-18	2.4189701659137122e-17
gene-SYNPCC7002_RS11900	22555.07410592204	-0.9090616934568279	0.07004148113832641	-12.97890448178134	1.6116932202268713e-38	2.9145536055164146e-37
gene-SYNPCC7002_RS11905	1368.6983195383375	0.046564214051998634	0.05063876543213374	0.9195369131659452	0.3578148072695471	0.4400632717065061
gene-SYNPCC7002_RS11910	568.7159244520432	-0.1407128736142486	0.07893646403906364	-1.7826092836463185	0.07464992755222816	0.1149580473294779
gene-SYNPCC7002_RS11915	1791.9193919179706	0.07864744579444771	0.07022923078342913	1.1198676806952141	0.26277015258640807	0.34023479356888114
gene-SYNPCC7002_RS11920	7114.993262198747	0.09331207828851887	0.07533578882939737	1.2386155337117388	0.21548791265155973	0.28764304051674183
gene-SYNPCC7002_RS11925	1567.8732344819466	0.060395031953094876	0.0759134762560987	0.7955772141081853	0.4262778149002112	0.5073019436882293
gene-SYNPCC7002_RS11930	361.7555888867863	-0.00433061391089995	0.09354201163750524	-0.04629592452728064	0.9630743875844107	0.9729936930745123
gene-SYNPCC7002_RS11935	422.2434567955408	-0.11456146370803456	0.07741450693049079	-1.4798449056957428	0.13891464152845442	0.19704938414881987
gene-SYNPCC7002_RS11940	2517.4286449700794	0.07626187086309491	0.06400995577222793	1.1914063983181618	0.2334940823357487	0.307619187839161
gene-SYNPCC7002_RS11945	1068.5780155649697	1.2698051198842124	0.07010501508895076	18.112899887020298	2.5211110903277835e-73	1.1028157566744642e-71
gene-SYNPCC7002_RS11950	2828.1279150349314	-0.2625768285071781	0.07015524865814003	-3.74279663360172	1.8198350802730694e-4	4.705116737095787e-4
gene-SYNPCC7002_RS11955	1832.3378764217007	-0.5382234779349059	0.0697553627597829	-7.715872395193332	1.2015748236515496e-14	8.364511191742078e-14
gene-SYNPCC7002_RS11960	446.3977240104135	-0.339129941010312	0.11453401825508133	-2.9609538386667618	0.0030668790176523095	0.006400701083262751
gene-SYNPCC7002_RS11965	1151.826313006118	-0.18782714929289707	0.06042314007951894	-3.108530093697713	0.0018802049672657305	0.004098466989251966
gene-SYNPCC7002_RS11970	1856.5108270087471	-0.18495718642644346	0.08336906243190932	-2.2185350420307897	0.026518373042852414	0.04553582050345093
gene-SYNPCC7002_RS11975	485.3020813878571	0.11336807997154077	0.08376301937186988	1.353438317072094	0.17591564329457254	0.2420011600572704
gene-SYNPCC7002_RS11985	1116.6418786129732	-0.300186890804036	0.07607667774261284	-3.945846476362259	7.951855406206621e-5	2.1869291376287877e-4
gene-SYNPCC7002_RS11990	51315.11070129174	1.044346398433244	0.04139414158637105	25.22932855737956	1.9098789578232389e-140	2.5759492443640934e-138
gene-SYNPCC7002_RS11995	1745.3414823194723	-0.09988928884254814	0.06497953903226748	-1.53724218931355	0.12423401243064927	0.17904964302671936
gene-SYNPCC7002_RS12000	244.7716783864182	0.034037877666706094	0.14006156701127198	0.2430208257199262	0.8079892643946609	0.849313096309832
gene-SYNPCC7002_RS12005	6028.270933943936	0.44551603458214134	0.03831567155348669	11.627514709228679	2.9866688058935777e-31	4.316003091373889e-30
gene-SYNPCC7002_RS12010	4958.649370077782	1.1109342383802745	0.07192708222350672	15.445284363519011	8.11688589492391e-54	2.325164570076876e-52
gene-SYNPCC7002_RS12015	996.1927269973646	0.4890951599357227	0.07834601326880095	6.242757474559217	4.299232506953826e-10	2.1022077983398093e-9
gene-SYNPCC7002_RS12020	2378.3624625882767	0.8454847258022444	0.08010650372106748	10.554507892970088	4.841699489342805e-26	5.95915636768162e-25
gene-SYNPCC7002_RS12025	2083.910158441714	-0.039260982653706214	0.053000833854598355	-0.74076160313655	0.45883800011308007	0.5387227444200363
gene-SYNPCC7002_RS12030	1176.7185375208085	0.2570379389775365	0.07825076982978198	3.2847975749844798	0.0010205566489320534	0.002318274998310917
gene-SYNPCC7002_RS12035	648.142482001895	0.12232540078843264	0.07325405315677774	1.6698789420789153	0.09494331745074913	0.14097776082021787
gene-SYNPCC7002_RS12040	1021.4586435187864	-0.07858468871009922	0.0941759980217909	-0.8344449791964605	0.4040302799385615	0.48582690050561794
gene-SYNPCC7002_RS12045	1063.6440657953685	0.005132762326917689	0.06601847063119476	0.07774736793875953	0.9380290139450784	0.953544327209257
gene-SYNPCC7002_RS12050	12183.899686221763	0.18198700473477758	0.0453930580252477	4.009137358262051	6.094096240548559e-5	1.6961813869867314e-4
gene-SYNPCC7002_RS12055	1418.437483383128	-0.08128439364078638	0.07038131427732625	-1.1549144041342891	0.2481254802156595	0.32360281202985086
gene-SYNPCC7002_RS12060	294.0948415641824	-0.23832186881110962	0.1094553554766246	-2.177343153044767	0.029454973716239306	0.04989311874383393
gene-SYNPCC7002_RS12065	1507.38297496632	-0.3377666400260361	0.06565003690674213	-5.144957351750524	2.675815934437226e-7	9.967337376033716e-7
gene-SYNPCC7002_RS12070	290.3403157165101	0.04884732573557641	0.0996081546856009	0.49039484658415877	0.6238545226571927	0.6918181191645538
gene-SYNPCC7002_RS12075	4682.619511469758	0.12324331173928672	0.04090629563095665	3.0128201500118212	0.002588322623109615	0.005501247755092464
gene-SYNPCC7002_RS16725	2908.3184520152786	-0.024184155917809223	0.1719384834868608	-0.14065586381455625	0.888141813932043	0.9161615843524611
gene-SYNPCC7002_RS12080	245.29851071401833	-0.6062260838347824	0.1253560190420736	-4.836034906559317	1.324546716984102e-6	4.5905328938731674e-6
gene-SYNPCC7002_RS12085	662.5452391031604	-0.2529049602942774	0.07559591794288949	-3.345484348577389	8.213899486897042e-4	0.001897815320420109
gene-SYNPCC7002_RS12090	991.2943249224934	-0.08728319452356129	0.11022864011173053	-0.7918377150900967	0.4284553081116494	0.509518674635345
gene-SYNPCC7002_RS17010	1242.133851149387	-1.814804235944636	0.058616694821578774	-30.960535073986218	1.8330079036768332e-210	4.564189680155315e-208
gene-SYNPCC7002_RS16195	531.6256399966727	-1.35107711123701	0.0760988556849791	-17.75423689457258	1.5982822109139154e-70	6.71901235938746e-69
gene-SYNPCC7002_RS12105	559.9888429000058	-0.1788593350382093	0.06808838068345305	-2.626870153804025	0.008617421028595258	0.016246122230380227
gene-SYNPCC7002_RS12110	18708.797411275667	1.2369596395354578	0.08528934184390814	14.503097489007164	1.1580393930517374e-47	2.736185047670419e-46
gene-SYNPCC7002_RS12115	4210.076509776861	1.0047494016310445	0.0647343575409151	15.52111490402908	2.4967492727185608e-54	7.347252177990892e-53
gene-SYNPCC7002_RS16730	1042.728469729977	0.4963115652495838	0.06791785211838992	7.307527399194636	2.7210285425286254e-13	1.7476129746359444e-12
gene-SYNPCC7002_RS12120	6668.902418554579	0.3530138840749773	0.0755389012142721	4.673272689969706	2.964377600195591e-6	9.892464218384667e-6
gene-SYNPCC7002_RS12125	2499.8581204971615	0.18844400144871873	0.04330287585033666	4.351766430017689	1.3504508562950134e-5	4.1356758957681724e-5
gene-SYNPCC7002_RS12130	921.672095605178	-0.20780185287836028	0.06381128387701887	-3.2565063771299307	0.001127923967686464	0.0025478645383119917
gene-SYNPCC7002_RS12135	4002.1602096574843	-0.11108394596296786	0.042480292682898144	-2.614952462596577	0.008923987489162333	0.016784978211748097
gene-SYNPCC7002_RS12140	12699.146518499652	-0.265673439591051	0.06773944712764285	-3.9219900789924815	8.782060904030314e-5	2.4009739143873417e-4
gene-SYNPCC7002_RS12145	789.2931026752277	-0.7446189721177534	0.09170621951716733	-8.119612563228182	4.676742468090939e-16	3.5206082253977604e-15
gene-SYNPCC7002_RS12150	416.96338101992836	-0.29614295869677254	0.10848297410340448	-2.729856561772478	0.006336188771242715	0.012385412471324075
gene-SYNPCC7002_RS12155	334.44705528737614	0.010916663780380267	0.10830101174114287	0.10079927790954418	0.9197098000672763	0.9402053458058504
gene-SYNPCC7002_RS12160	5094.504365535773	0.1042005041512617	0.04131403130828004	2.5221577476603723	0.011663738977120931	0.02151311855780083
gene-SYNPCC7002_RS12165	1152.4908269852647	0.47188897693893506	0.05307319692150385	8.891286078674831	6.040563493738959e-19	5.401465201445583e-18
gene-SYNPCC7002_RS12170	805.4845680859	0.06514523363524055	0.07031969324356618	0.9264152135817364	0.3542302408011059	0.43598604162478316
gene-SYNPCC7002_RS12175	295.3738372255115	-0.062358197378712794	0.11017530570900448	-0.56599069072169	0.5714001089005074	0.6453671153213337
gene-SYNPCC7002_RS12180	3686.174477498697	0.2742647776637796	0.06907613633428308	3.9704707329969704	7.173076754671827e-5	1.979475656851893e-4
gene-SYNPCC7002_RS12185	7464.263385991584	-0.5401888492779826	0.08144710703159304	-6.632388417042797	3.302980186714532e-11	1.8152371586409067e-10
gene-SYNPCC7002_RS12190	40189.290385876084	-0.47292349229707614	0.07257161424283182	-6.516645622827505	7.189700975574227e-11	3.790400986634165e-10
gene-SYNPCC7002_RS12195	241.86043967345427	-0.5076587724744276	0.10676364777248798	-4.754977776295562	1.984682482432701e-6	6.7768113878002665e-6
gene-SYNPCC7002_RS12200	1939.881907622816	0.042504341479603504	0.09137015523227224	0.4651884564664812	0.6417965045673703	0.7071120780410407
gene-SYNPCC7002_RS12205	3736.0519190652294	0.030235756398128835	0.06137491924930249	0.49264026361179214	0.622266793175239	0.6910043257318178
gene-SYNPCC7002_RS12210	2320.8260062746363	-0.26382570312517006	0.06008565096571366	-4.390827075764153	1.1292031879948591e-5	3.487815572079541e-5
gene-SYNPCC7002_RS12215	10927.562501288668	-0.3436101606121674	0.0636983304868314	-5.394335424273062	6.877763238059961e-8	2.721677212909547e-7
gene-SYNPCC7002_RS12220	536.5694358498853	-0.19390630476741513	0.07018182636129607	-2.7629133469565956	0.00572879732342914	0.011314287331263042
gene-SYNPCC7002_RS12225	1477.317451534166	0.06422801315069804	0.07025383135692281	0.9142279062958039	0.3605971035064462	0.4429801988805944
gene-SYNPCC7002_RS12230	2902.1455654336587	0.07105319412110261	0.05557001818515956	1.2786246332393314	0.20102927120513983	0.2714289777256821
gene-SYNPCC7002_RS12235	6607.019146315914	0.3084825965251332	0.0465443451290138	6.627713757064724	3.409257464109033e-11	1.8641497316420505e-10
gene-SYNPCC7002_RS12240	613.676865636337	-0.043078878368470644	0.1044912944456139	-0.4122724155828362	0.680139764552397	0.739292282691776
gene-SYNPCC7002_RS12245	2396.9928827360222	0.23207043977396863	0.0441288597592665	5.258926721423768	1.4489861192204293e-7	5.524579585296266e-7
gene-SYNPCC7002_RS12250	582.1780877424125	0.18300629238946264	0.09159250126161182	1.9980488562786318	0.04571136365127185	0.07379934371030772
gene-SYNPCC7002_RS12255	218.871810080427	0.0892559506090039	0.10966853843466831	0.8138701571387806	0.41571933850450016	0.4980323829530226
gene-SYNPCC7002_RS12260	2725.9744661315667	0.31173393253752474	0.09066853132211848	3.4381711933771846	5.856573141201323e-4	0.0013888444877705995
gene-SYNPCC7002_RS12265	696.0330066749001	0.5055337177926771	0.07933864067969003	6.3718474814011925	1.8676457242740188e-10	9.550662258254344e-10
gene-SYNPCC7002_RS12270	209.47003574926177	-0.08986391197177457	0.09962656647574958	-0.9020075181818961	0.36705287399709363	0.449206107042946
gene-SYNPCC7002_RS12275	2227.4509660741764	0.14721642092212006	0.06851312522426138	2.148733114133127	0.031655562134053364	0.05320303978604919
gene-SYNPCC7002_RS12280	894.6953683730549	-0.16279653726258	0.06561972523316394	-2.480908548216586	0.013104799030421745	0.02396623415902553
gene-SYNPCC7002_RS16735	10.167117455635243	-0.7410188177736388	0.4209135169260054	-1.760501357108725	0.07832283760907129	0.11992952948938683
gene-SYNPCC7002_RS12285	59213.11109423144	-0.8000797447422928	0.04977192182809997	-16.074921669803558	3.824765357995066e-58	1.2258183627554484e-56
gene-SYNPCC7002_RS12290	1818.4726878028985	0.03679142820797854	0.05950899794910801	0.6182498357549644	0.5364106637271653	0.6113948304524064
gene-SYNPCC7002_RS12295	539.1904976020055	-0.3157746226748745	0.07664495984233514	-4.119965922409619	3.7892843864641504e-5	1.0864405278108462e-4
gene-SYNPCC7002_RS12300	3599.127086191014	-0.03644413084522885	0.052312816729250845	-0.6966577814734839	0.486016985827117	0.5640864048484682
gene-SYNPCC7002_RS12305	3307.8052358850246	0.2764202110650429	0.0537440390357963	5.1432719986105395	2.699942765335761e-7	1.0045649116542366e-6
gene-SYNPCC7002_RS12310	704.6268805927836	0.11737366278979307	0.06001603953069719	1.9557049033493525	0.05049992678955272	0.08080487544131594
gene-SYNPCC7002_RS12315	461.852271772095	0.2705406880985142	0.06397264172901729	4.229006037369877	2.3472604772013086e-5	6.94245987762835e-5
gene-SYNPCC7002_RS12320	987.3537378948805	0.06257112531714103	0.06954143541739838	0.8997675262464676	0.3682439793092054	0.45012873376125817
gene-SYNPCC7002_RS12325	154.76347264897868	-0.021111471959905037	0.10589558208186454	-0.19936121549985364	0.8419801970254414	0.8786234357741308
gene-SYNPCC7002_RS12330	139.92768625809086	-0.024859095059305412	0.11448106250470526	-0.2171459149261799	0.8280946325833313	0.8660879889086408
gene-SYNPCC7002_RS12335	474.12050084243623	-0.0014588267002896	0.09369511829302683	-0.015569932851007157	0.9875774928839834	0.9915596601939997
gene-SYNPCC7002_RS12340	1714.9524829658174	-0.24625687777061045	0.07310748937268441	-3.3684220301322627	7.559977662251211e-4	0.0017643581609738405
gene-SYNPCC7002_RS12345	10521.67090836156	-0.3747711640991214	0.047773317103228234	-7.844780032529846	4.337130420158824e-15	3.1198424822342474e-14
gene-SYNPCC7002_RS12350	419.6465720787763	-0.19109618219972926	0.09052320735162311	-2.1110186856001056	0.03477070580604807	0.057838013717460224
gene-SYNPCC7002_RS12355	1397.411630132957	-0.6562171364271167	0.06895772308632894	-9.516223956605863	1.7958619937525913e-21	1.8572540810789576e-20
gene-SYNPCC7002_RS12360	76.88429798767027	0.6852041119992288	0.1354463403471671	5.058860285504643	4.217697403617402e-7	1.5391980265512436e-6
gene-SYNPCC7002_RS12365	20810.241459439243	-1.4782935859742021	0.06861467163374921	-21.544861336144326	5.916044361999299e-103	4.7875588999479326e-101
gene-SYNPCC7002_RS12370	29006.06298201262	-1.5018872206796812	0.09402360230166798	-15.97351286181297	1.9546065760607812e-57	6.142778142435678e-56
gene-SYNPCC7002_RS12375	1209.0825612392282	0.22153618908200448	0.08155570587007363	2.7163787832936386	0.006600035890914972	0.012834828452674054
gene-SYNPCC7002_RS12380	274.16543915620764	0.13156104309436176	0.12490967522795517	1.0532494208656624	0.2922266934569627	0.3731510085681216
gene-SYNPCC7002_RS12385	452.0551988951467	-0.22575546750270356	0.08175046287564514	-2.761519134712569	0.005753314519183686	0.011348859901643872
gene-SYNPCC7002_RS12390	533.731593059584	0.25073439727636215	0.0625677594666655	4.007405721631234	6.1389354342522e-5	1.7071936426696195e-4
gene-SYNPCC7002_RS12395	320.2918085195587	-0.41546570849976644	0.10755241936134119	-3.862913646823105	1.1204262220372845e-4	2.9948965158833115e-4
gene-SYNPCC7002_RS12400	767.483295801288	-0.4687703486302808	0.07831286461805308	-5.98586644629288	2.152409328530599e-9	9.827008457621365e-9
gene-SYNPCC7002_RS12405	711.0738540493783	-0.4053109569118502	0.08566456566428422	-4.731372344783099	2.2300703932891784e-6	7.550981028323295e-6
gene-SYNPCC7002_RS12410	1178.6361133067849	-0.5834770827529041	0.09260141538945324	-6.300952099910978	2.9582281220483733e-10	1.4846177412512536e-9
gene-SYNPCC7002_RS12415	358.4405560099244	0.19269535741451632	0.08703803283862038	2.213921329906411	0.026834191162012865	0.04600756185987057
gene-SYNPCC7002_RS16200	1788.5571666474505	0.07123300753748268	0.04690492706172863	1.5186679097429872	0.12884610798511456	0.18503764487480737
gene-SYNPCC7002_RS16205	2315.3467286489513	-0.10665006854006442	0.056031658662470785	-1.9033894602784112	0.056989745278805765	0.08986226653913999
gene-SYNPCC7002_RS12430	3024.5820674250685	-0.372584362909734	0.06431751721263342	-5.792890942571241	6.918503588335202e-9	2.990012832502143e-8
gene-SYNPCC7002_RS12435	320.41673682625265	0.11666114384023205	0.10621233942076938	1.0983765584718816	0.2720400940794426	0.3502759683910722
gene-SYNPCC7002_RS12440	10351.898822262518	-0.7475681539142796	0.09052842541287628	-8.257827864616205	1.4834728021727372e-16	1.1543272741906611e-15
gene-SYNPCC7002_RS12445	17796.247258242453	-0.4043023723198101	0.07191727631449671	-5.621769803291521	1.8901101682273936e-8	7.843957198143684e-8
gene-SYNPCC7002_RS12450	1031.5906493065013	0.29835266548207084	0.06220160971895325	4.796542514416002	1.6142770804480212e-6	5.523694407410406e-6
gene-SYNPCC7002_RS12460	2145.4436451819797	-0.34647876400640043	0.07540021841125397	-4.595195760794855	4.323431824636726e-6	1.4136311935706142e-5
gene-SYNPCC7002_RS16485	41.35330074263714	-0.02247609260500565	0.20276123361347076	-0.11085004862345844	0.9117352568096903	0.9345430735569877
gene-SYNPCC7002_RS12465	1220.9042168972337	0.14193820001907956	0.0666712962490874	2.1289251597687726	0.033260452806303756	0.0555255728385793
gene-SYNPCC7002_RS12470	768.7382757797482	-0.8644783249790366	0.09067277107075837	-9.534045499772176	1.5127068521996888e-21	1.569433359157177e-20
gene-SYNPCC7002_RS12475	1255.3096703043175	0.2956548168335912	0.05652571503863621	5.230448064770282	1.6909967943191184e-7	6.394575494405358e-7
gene-SYNPCC7002_RS12480	1494.7844564370369	-0.2636535257411392	0.11063450145085572	-2.383104025268782	0.017167342412896074	0.030634337039991504
gene-SYNPCC7002_RS12485	1001.9477131288075	-0.03398923700177655	0.07083254916716247	-0.47985336404543444	0.6313316644050053	0.698912653104994
gene-SYNPCC7002_RS12490	283.5317649234524	0.018689338566876105	0.08948449640086882	0.20885560425073418	0.8345609624666457	0.8714431727433974
gene-SYNPCC7002_RS12495	2490.5236736771794	0.20002369173168497	0.06440893089528411	3.1055272762853803	0.001899401017449219	0.004137524289019597
gene-SYNPCC7002_RS12500	365.9118967291559	1.852636966383721	0.09651344431220132	19.19563620992344	4.0252330620168657e-82	2.2859086704822096e-80
gene-SYNPCC7002_RS12505	5576.9769251720045	-0.2614030445997373	0.18850088688524894	-1.3867470276618272	0.16551891500496876	0.22896783242354013
gene-SYNPCC7002_RS12510	557.9435345640442	-0.5211650051867948	0.08699715636176973	-5.990598164146626	2.0907063470573908e-9	9.558780290147985e-9
gene-SYNPCC7002_RS12515	2484.2257001059093	-0.5001976940218664	0.05385554924761141	-9.287765160877104	1.5756177033364145e-20	1.5645013821165563e-19
gene-SYNPCC7002_RS12520	8.947281791967814	-0.7368796648784045	0.5068828469757894	-1.4537474867710418	0.14601632737998216	0.20550210944739228
gene-SYNPCC7002_RS12525	539.4916600123217	0.055908777404638295	0.08146209916530049	0.6863164339920808	0.49251358794992123	0.5703994576722343
gene-SYNPCC7002_RS16740	9311.487657863836	0.46051832562146433	0.08167484458479189	5.6384352852165	1.7160228656337266e-8	7.158203628938625e-8
gene-SYNPCC7002_RS12530	4481.572137664392	0.8256351781925536	0.06264068908651242	13.180493226252304	1.1364539494033958e-39	2.1021151052678814e-38
gene-SYNPCC7002_RS12535	931.6503994611344	2.0463345568406113	0.0819263685398794	24.97772809061486	1.0675166570493627e-137	1.382220567547515e-135
gene-SYNPCC7002_RS12540	1595.6344314421515	0.4967052842475696	0.07470095708083632	6.6492492687887355	2.945917211021394e-11	1.6272924935283709e-10
gene-SYNPCC7002_RS12550	64528.87043360408	-0.7395696603191905	0.050449834558290954	-14.65950615684723	1.1712169629245026e-48	2.850548352621515e-47
gene-SYNPCC7002_RS12555	865.6566524718927	-0.32976308370435675	0.06743128825134005	-4.890357165878458	1.0065317426993517e-6	3.5190565072363745e-6
gene-SYNPCC7002_RS12560	5085.4284896485115	-0.18564742369387158	0.06787415613485737	-2.7351710027158735	0.006234787708401876	0.012231519886119317
gene-SYNPCC7002_RS12565	634.2149568245571	-0.24588849338464944	0.08903569381196424	-2.761684475710886	0.005750402064127561	0.011348859901643872
gene-SYNPCC7002_RS12570	177.8842556519887	0.09446165757734352	0.11855608213676906	0.7967677058387469	0.42558595391124665	0.5066648520819071
gene-SYNPCC7002_RS12575	6495.842748403246	-0.10690567370577818	0.038542753192276125	-2.7736906383533033	0.0055424356092324606	0.01100666507183158
gene-SYNPCC7002_RS12580	1098.5578687100908	0.199654186387927	0.059743383449718496	3.3418627278778223	8.321820527091235e-4	0.0019186419548571458
gene-SYNPCC7002_RS12585	2857.2620573313043	0.386035255700244	0.04825506785083056	7.999890434173322	1.2452997127164684e-15	9.161443568325472e-15
gene-SYNPCC7002_RS12590	490.13108035963165	1.3786671880212862	0.10524939142360935	13.099051399474659	3.333984832567914e-39	6.131880058535418e-38
gene-SYNPCC7002_RS12595	523.851077114796	-0.8361612908156261	0.06900280683374274	-12.117786640626026	8.502438971730081e-34	1.3830349221854408e-32
gene-SYNPCC7002_RS12600	17125.379079488313	-0.6403388706563452	0.0376808922230691	-16.99372899308141	9.13898627729184e-65	3.439871927859731e-63
gene-SYNPCC7002_RS12605	1029.5607030464357	-0.3752358390529893	0.05348237542175247	-7.016065312992297	2.282034112128934e-12	1.3911383090322711e-11
gene-SYNPCC7002_RS12610	8710.251458745757	0.2533395809905543	0.048091092683131366	5.267910684828685	1.3798520935311622e-7	5.279646840142283e-7
gene-SYNPCC7002_RS12615	3008.8282974357585	-0.050572167934933986	0.06780644526957703	-0.7458312809921682	0.45576934115718193	0.5360920629817579
gene-SYNPCC7002_RS12620	1272.3381201885156	-0.04981169349681252	0.06308900490482255	-0.789546349192851	0.4297927512987447	0.5106781136505912
gene-SYNPCC7002_RS12625	7135.308823349088	-0.03088201815591646	0.04982393772900372	-0.6198229117073437	0.5353743825891997	0.610428628545699
gene-SYNPCC7002_RS12630	25426.357906225505	-0.4164220495522818	0.053621822065301215	-7.765906370081171	8.106342038372784e-15	5.741844459127505e-14
gene-SYNPCC7002_RS12635	246.40983841877562	0.26937650659194123	0.09787013680969485	2.7523871466097436	0.0059162533693350415	0.01162069912411258
gene-SYNPCC7002_RS12640	1444.193291287425	-0.008267138876551507	0.05779514667706412	-0.14304209526009048	0.8862569357972561	0.9145086710792852
gene-SYNPCC7002_RS12645	2191.6458907822	0.054242990635988135	0.057378976371886416	0.9453460843293329	0.3444822181284365	0.4259316043093006
gene-SYNPCC7002_RS12650	627.2186478973657	-0.6168749621032406	0.08493656989670857	-7.262772241137388	3.7923620387968067e-13	2.407034494036326e-12
gene-SYNPCC7002_RS12655	1582.300468886746	0.04577251431892807	0.084829229476525	0.5395842282357971	0.5894837957910939	0.662325250599018
gene-SYNPCC7002_RS12660	4682.158740584816	0.1464878319945532	0.04917991285731125	2.978611052434507	0.0028955807949577065	0.006078466299142734
gene-SYNPCC7002_RS12665	2153.461764651603	0.2251789391434913	0.05309995306533941	4.240661735922986	2.228617813577248e-5	6.600215793732435e-5
gene-SYNPCC7002_RS12670	341.66634697077984	0.2077901578395581	0.07873259589129088	2.639188451584423	0.008310476954100306	0.015704036135681665
gene-SYNPCC7002_RS12675	11783.92380760648	-0.4313143876397036	0.06929031813814697	-6.224742492591451	4.823475753276487e-10	2.3443830350384363e-9
gene-SYNPCC7002_RS12680	2115.3802241146695	1.369147171190724	0.0684008313235739	20.01652823068623	3.9532652661581844e-89	2.5593439333108084e-87
gene-SYNPCC7002_RS12685	974.6756826386838	0.016857152223964326	0.07182256141213382	0.23470552835388647	0.814437296579677	0.85484225973684
gene-SYNPCC7002_RS12690	2467.2137798153	0.06745651034903538	0.09763134794789709	0.6909308512777566	0.4896089971639728	0.5678481991471803
gene-SYNPCC7002_RS12695	3033.4388798248256	0.007268776463687349	0.1217204305685538	0.05971697955499363	0.9523810481399791	0.9639954511660764
gene-SYNPCC7002_RS12700	292.86668940442553	-0.10006731263847131	0.09657365849489961	-1.0361760566806755	0.3001200148095148	0.38097587762290175
gene-SYNPCC7002_RS12705	1605.8700732223165	0.026377825219881045	0.0673985342477035	0.3913709031555063	0.6955230964937763	0.7524760238470434
gene-SYNPCC7002_RS16490	1484.902358371617	0.9593994589587853	0.09673872083008779	9.9174296571884355	3.4964411099365745e-23	3.916256011371866e-22
gene-SYNPCC7002_RS12720	2102.075466242747	-0.15031733187458723	0.06067097470579635	-2.477582280546851	0.013227590585311779	0.024149865044926243
gene-SYNPCC7002_RS12725	984.9395134506826	-0.09143179518630622	0.09415664528731854	-0.9710604589543579	0.3315181726078585	0.41308059806000796
gene-SYNPCC7002_RS12730	412.355432697041	-0.34141791444149583	0.09700563283757035	-3.5195679307940604	4.3225032837005474e-4	0.0010496581492377098
gene-SYNPCC7002_RS12735	654.6472632158737	-0.1678844370638528	0.0839315286784463	-2.0002547279585734	0.04547276488465511	0.07356088952105377
gene-SYNPCC7002_RS12740	1142.4910309489649	-0.17035858036297133	0.07459068813120417	-2.2839121696171043	0.022376693276829077	0.03885909664007281
gene-SYNPCC7002_RS12745	913.6503937543451	0.9158515286499147	0.06467901912702663	14.159947708100278	1.6211473969237003e-45	3.521915519357059e-44
gene-SYNPCC7002_RS12750	4112.440336150715	0.6473684363658506	0.051552604520389914	12.557434146897576	3.618787063758885e-36	6.1652703817829e-35
gene-SYNPCC7002_RS12755	1621.0165468390767	0.1661052677731524	0.08046005406471504	2.0644438995722254	0.03897564781926008	0.06427110137083285
gene-SYNPCC7002_RS12760	1485.3814506009292	-0.6272049383388574	0.05362285771918255	-11.696596657035062	1.326682594363397e-31	1.9699410816304204e-30
gene-SYNPCC7002_RS12765	952.7054325794844	-0.8123294895113181	0.06746887186283512	-12.04006332227982	2.1878764472313983e-33	3.523460726212953e-32
gene-SYNPCC7002_RS12770	581.4458881392031	0.17069148643794899	0.07206468471720653	2.3685871534409673	0.017856172838734228	0.031793416655105995
gene-SYNPCC7002_RS12775	428.8604582528043	0.12905832572570863	0.07419128936014475	1.7395347464474478	0.08194074589877413	0.12464388838079506
gene-SYNPCC7002_RS12780	5111.190548628899	0.07564165095618257	0.05104066681081465	1.4819879065560206	0.13834351283228138	0.19641138203425212
gene-SYNPCC7002_RS12785	38483.11854034752	-0.3873254073489674	0.05138113831509822	-7.538280000214647	4.762105200332998e-14	3.184903829230974e-13
gene-SYNPCC7002_RS12790	74855.4773551477	-0.25896323118614384	0.0850149619561341	-3.0460900672961935	0.002318383758696505	0.0049765306544433605
gene-SYNPCC7002_RS12795	1090.5254074975508	-0.06926080049404984	0.05362695337241494	-1.2915296532522538	0.19652007947802705	0.2660134645719763
gene-SYNPCC7002_RS12800	2039.4585699523288	0.31846870488006546	0.043273494196155664	7.359440479580168	1.846826804941015e-13	1.2004374232116598e-12
gene-SYNPCC7002_RS12805	393.39216973245544	0.06496916440939322	0.09310680927525306	0.6977917610442853	0.4853074323278406	0.5634649061855166
gene-SYNPCC7002_RS12810	6521.710881072173	0.2639529919676401	0.041564672368316485	6.35041675845961	2.1473238158171344e-10	1.0911910819152377e-9
gene-SYNPCC7002_RS12815	1294.9330075564762	0.13022008268898783	0.08998902439177314	1.4470662791282871	0.14787836129526016	0.20785160899381552
gene-SYNPCC7002_RS12820	908.2670076829442	-0.04176391205605124	0.0620077483771954	-0.6735273114901679	0.5006118794331427	0.5787430906161011
gene-SYNPCC7002_RS12825	1367.1425983565528	0.204833551306803	0.08845292810320705	2.3157351113103095	0.020572736080351393	0.03603568543944668
gene-SYNPCC7002_RS16210	2328.63920349382	0.07304338475854363	0.07134163054668519	1.0238535928996582	0.3059044324216407	0.38710424071495353
gene-SYNPCC7002_RS12835	14057.617788303043	0.228238878941867	0.06783972869702584	3.364383722128199	7.671480235767482e-4	0.0017865166563438375
gene-SYNPCC7002_RS12840	718.0367117444457	0.09375336554882747	0.09429479614070653	0.9942581074031791	0.3200972252553661	0.401610355872721
gene-SYNPCC7002_RS12845	878.8151664230443	0.5606215447233757	0.081429220769396	6.884771086180861	5.78805332287869e-12	3.431488755706652e-11
gene-SYNPCC7002_RS12850	265.5056989699565	-0.12338586187423395	0.12893457625674962	-0.9569648844894296	0.33858497943580873	0.4199232101278594
gene-SYNPCC7002_RS12855	749.1771713364858	-0.5583302424887451	0.09951366326162193	-5.6105887793608	2.0163939496718336e-8	8.335973454773595e-8
gene-SYNPCC7002_RS12865	21403.09691850757	-1.9667904016245539	0.08905326732114358	-22.085550152044632	4.352161589643691e-108	4.025127733050465e-106
gene-SYNPCC7002_RS12870	7265.2285195808345	-1.5151324771920587	0.08793504065493807	-17.230133356479833	1.5778714665700856e-66	6.153698719623334e-65
gene-SYNPCC7002_RS12875	1501.5773018852544	-1.167443972623339	0.07584430052217075	-15.3926394545899	1.83395985801985e-53	5.162198313400221e-52
gene-SYNPCC7002_RS12880	998.3707608218364	-0.34329938478195404	0.06700802724229957	-5.123257599281216	3.0030163416607193e-7	1.1134895644851945e-6
gene-SYNPCC7002_RS12885	2330.881053267707	-0.33249068127748055	0.0789067914776362	-4.213714371743467	2.512049325087545e-5	7.378859950370584e-5
gene-SYNPCC7002_RS12890	5226.533045922952	-0.03771990247577962	0.09034328845746128	-0.4175174838088861	0.6762999386089629	0.7363548272039061
gene-SYNPCC7002_RS12895	891.0324460781584	0.0029966452217384783	0.11903791372302236	0.025173872155648477	0.9799162773494217	0.986008389735803
gene-SYNPCC7002_RS12900	1212.1182886241675	-0.20040653176902723	0.08788411406420957	-2.280349911960277	0.022586943765856793	0.03920318336197235
gene-SYNPCC7002_RS12905	1981.155556526139	-0.2600046504292346	0.09251114646051811	-2.810522411374497	0.004946114410547169	0.009932116840534235
gene-SYNPCC7002_RS12910	824.0714194391451	-0.0030341216729891907	0.07440621416210358	-0.04077779937007631	0.9674730381709584	0.9762188979299852
gene-SYNPCC7002_RS12915	700.9613310988839	0.49487501493530717	0.07408092654714805	6.6801947275909	2.386249614893858e-11	1.3340742665650118e-10
gene-SYNPCC7002_RS12920	4792.095799507983	0.2852733339498316	0.045215322979815516	6.309218095758819	2.8044868598903787e-10	1.4096465784883781e-09
gene-SYNPCC7002_RS12925	2929.91414340586	-0.3165686439295525	0.05986746343168621	-5.287824567526296	1.237796032800766e-7	4.775620689125244e-7
gene-SYNPCC7002_RS12930	653.9418237581028	1.6596599720426832	0.07914657159384811	20.969448690203087	1.2470060635212768e-97	9.173996880950848e-96
gene-SYNPCC7002_RS12935	2982.642701138029	-0.6394369259238859	0.05847556889845888	-10.935112525955061	7.830877126451535e-28	1.0221189217065977e-26
gene-SYNPCC7002_RS12940	613.3556545254295	-0.6912749878046109	0.0782572772025395	-8.833363650200937	1.015741292907381e-18	8.934659144405414e-18
gene-SYNPCC7002_RS12945	2319.344960774394	-0.18564220391097447	0.055872609768987835	-3.3225976856734447	8.918343856768428e-4	0.00204887715148044
gene-SYNPCC7002_RS12950	42.64987984973331	0.052862365253487205	0.19006492922095383	0.27812792959838356	0.7809141565191089	0.8277076374107255
gene-SYNPCC7002_RS12955	737.028442719451	0.09521290595622516	0.07788213771327386	1.2225255848363485	0.22150893474503555	0.29386246793839343
gene-SYNPCC7002_RS12960	3075.697210559409	-0.38755798079893344	0.10858687810255606	-3.5691051034076153	3.5820270935311304e-4	8.809954038285549e-4
gene-SYNPCC7002_RS12965	2371.652227469235	0.10446413090452175	0.038742369150256875	2.696379524426402	0.007009774933750682	0.01353352708357875
gene-SYNPCC7002_RS12970	377.8829193830892	-0.7805655404457208	0.11514164605460923	-6.779176494276581	1.2086280618588521e-11	6.924476170331158e-11
gene-SYNPCC7002_RS12975	505.57069235387587	-0.46575356232629395	0.10266348675953783	-4.5367011878059325	5.714097778765531e-6	1.836795879827609e-5
gene-SYNPCC7002_RS12980	2755.516792964029	0.5080962984499835	0.06580949663589811	7.720713945908295	1.156799038324803e-14	8.07016915314092e-14
gene-SYNPCC7002_RS12985	160.91893331300784	0.2857137816429983	0.1467793591210172	1.9465528624323258	0.05158836451640272	0.08242425268489417
gene-SYNPCC7002_RS12990	5956.431143924845	-0.46051231141133747	0.05290085392534271	-8.705196178141922	3.170259140254805e-18	2.6794070070508626e-17
gene-SYNPCC7002_RS12995	49535.35578345089	-0.8415470796952575	0.06367694158966528	-13.215884096918375	7.1046606089810095e-40	1.3448997889632474e-38
gene-SYNPCC7002_RS13000	7482.0114591275415	-0.8615521216549507	0.15791020186562854	-5.455962385432679	4.870830406346353e-8	1.9529940244269553e-7
gene-SYNPCC7002_RS13005	719.5673046404968	0.05395896545716713	0.07044064583086693	0.7660203114367591	0.44366421667783756	0.5237567722050183
gene-SYNPCC7002_RS13010	4428.622617618909	-0.22237445179676327	0.05888091060807447	-3.776681601902206	1.589316903999085e-4	4.135545673830417e-4
gene-SYNPCC7002_RS13015	1010.446093107708	-0.0620737234208864	0.06351601139119835	-0.977292529258035	0.32842435056513114	0.409530943910264
gene-SYNPCC7002_RS13020	907.799281941601	0.20690904929377377	0.0618018567471282	3.3479422817404005	8.141396526122855e-4	0.001882407182504263
gene-SYNPCC7002_RS13025	1647.3656878754234	-0.04719120111412017	0.0676008796112241	-0.6980856075471062	0.4851236582852175	0.5634536354033903
gene-SYNPCC7002_RS13030	810.5612724188449	-0.24260022953361812	0.0695304959053511	-3.4891197937644436	4.846139168802299e-4	0.0011680530520784096
gene-SYNPCC7002_RS13035	2208.563893788774	1.2336714304584915	0.07350378920571801	16.78378004439697	3.207530420807911e-63	1.179860905926728e-61
gene-SYNPCC7002_RS13040	26570.345913533758	-0.1306123475593275	0.036010683308627334	-3.6270444090139153	2.86684002015049e-4	7.216143969850028e-4
gene-SYNPCC7002_RS13045	4430.9289959221205	-0.1333853442983696	0.06364700510266051	-2.0957049602447664	0.03610837157831945	0.059909174166591514
gene-SYNPCC7002_RS16495	24888.01096878817	0.5194598147704602	0.12318832684697152	4.216794140046645	2.4779999770130857e-5	7.292078114173963e-5
gene-SYNPCC7002_RS13050	364.0322731376429	-0.16111250261221982	0.10747286788353026	-1.4990993148784262	0.13384786932349083	0.19111846184390818
gene-SYNPCC7002_RS13055	341.6867523037734	0.23499990464673118	0.1330902079900042	1.765718967577096	0.07744300899811973	0.1186946118025159
gene-SYNPCC7002_RS13060	2383.9271460329733	0.3507508652785055	0.06679564650467713	5.2511036816440635	1.511905420884012e-7	5.744175877231863e-7
gene-SYNPCC7002_RS13065	1238.4274139510865	0.03272464130061313	0.04887548160707492	0.6695512806133885	0.5031438802507417	0.5812550822168634
gene-SYNPCC7002_RS13070	2525.382503796666	-0.7357004396588273	0.1011603564229736	-7.272616128226186	3.525912373339846e-13	2.2556083700595024e-12
gene-SYNPCC7002_RS16750	40.796137877255454	-0.576657328076091	0.2121659858556384	-2.71795370851037	0.006568702755664386	0.012785863391512699
gene-SYNPCC7002_RS13075	1360.4126026174818	0.9086102076650884	0.05763099587792452	15.765998727312125	5.332269235800132e-56	1.6131360295593484e-54
gene-SYNPCC7002_RS13080	3245.6998238409483	-0.0995028722143561	0.04162246405235258	-2.3906050369627745	0.016820636965173504	0.03004878689639439
gene-SYNPCC7002_RS16215	100.98749158728509	0.03181187227119855	0.13896278250757832	0.22892368515623016	0.8189282312514712	0.8589989256516566
gene-SYNPCC7002_RS13090	343.44317964444934	-0.05802802070818104	0.10811620981691764	-0.5367189693982505	0.5914617508717668	0.6639895890132466
gene-SYNPCC7002_RS13095	553.6744827381884	-0.04189550492583849	0.09689810048691112	-0.4323666275738572	0.665474969195588	0.7273931073401053
gene-SYNPCC7002_RS13100	170.64361402241425	0.3027799930317818	0.14392719708523719	2.1037024215268234	0.03540441310521654	0.05880148035997226
gene-SYNPCC7002_RS13105	855.5301496663063	0.04008768004550802	0.07984213534120227	0.5020867725317575	0.6156064842997558	0.6861977237184262
gene-SYNPCC7002_RS16220	2680.044125508464	0.14988172171909173	0.049474778778282484	3.029457137964688	0.0024499366472329515	0.0052346171135927815
gene-SYNPCC7002_RS13115	5332.000726338483	-0.4994485294459803	0.04645127930588304	-10.752094170692201	5.79311800841954e-27	7.353852154217275e-26
gene-SYNPCC7002_RS13120	1941.6770907710145	-0.18320763245085467	0.09002766105721718	-2.035014908744734	0.04184937288472009	0.06834834511999946
gene-SYNPCC7002_RS13125	1047.9115886853583	-0.31601721385717446	0.0674416043997407	-4.685790272486304	2.7888173212511355e-6	9.354820382269352e-6
gene-SYNPCC7002_RS13130	621.9062120276816	-0.4216668048724929	0.09285451919498966	-4.541155438940075	5.594676279692911e-6	1.800195538505562e-5
gene-SYNPCC7002_RS13135	602.750272001674	-0.19452549157248472	0.07064709339277687	-2.753481880577602	0.005896503410267834	0.011595979063813475
gene-SYNPCC7002_RS13140	147.88517078463283	-0.03186293672472276	0.14711435041345247	-0.21658619050537672	0.8285308486775039	0.866264327250995
gene-SYNPCC7002_RS13145	210.93045406877184	0.5534377356111153	0.11718377014310767	4.722818995627498	2.325978494578563e-6	7.851086951982073e-6
gene-SYNPCC7002_RS13150	5595.356086273451	-0.07352238391577222	0.09187054872049168	-0.8002824075804512	0.42354719346984865	0.5050279419298099
gene-SYNPCC7002_RS13155	552.2383060435747	-0.376168709604364	0.08847969572653694	-4.251469294910143	2.1237263009910756e-5	6.310948653604621e-5
gene-SYNPCC7002_RS13160	5708.776475417599	-0.08062354887145107	0.04166143667815017	-1.9352080796996383	0.0529647666587612	0.08429053572979843
gene-SYNPCC7002_RS13165	722.895513826635	-0.002812042925999563	0.05938006097420551	-0.047356686400526	0.9622289495081958	0.9725695406225671
gene-SYNPCC7002_RS16755	73.96194512834815	-0.5956609992300554	0.16664262510477612	-3.574481612105757	3.509224723629922e-4	8.651455011721292e-4
gene-SYNPCC7002_RS13170	363.7301081677992	-0.5412945268250527	0.10070726363796137	-5.374930340387215	7.661229515721678e-8	3.0206333669173043e-7
gene-SYNPCC7002_RS13175	1043.4085540342437	-0.3974511887980897	0.08509014922541501	-4.670942434772199	2.998209602527111e-6	9.995061259917878e-6
gene-SYNPCC7002_RS13180	478.1641178076238	-0.0361378857124303	0.06942467711865973	-0.5205337239187142	0.6026916291491515	0.6750563334103126
gene-SYNPCC7002_RS13185	836.7367190742307	-0.47130941671704873	0.1000464541854279	-4.710905754276062	2.466182707726971e-6	8.31565981761688e-6
gene-SYNPCC7002_RS13190	4735.258252700768	-0.4554407165560333	0.06216408929507322	-7.326427873723053	2.3636831189971605e-13	1.5241518438633084e-12
gene-SYNPCC7002_RS13195	5711.420554946184	-0.409561024146817	0.048511827817818175	-8.442498305462468	3.106259292452061e-17	2.4827065011524254e-16
gene-SYNPCC7002_RS13200	19682.756848973422	-0.12067030748373987	0.05328388989313734	-2.2646677584115626	0.023533075433978666	0.04080158820556451
gene-SYNPCC7002_RS13205	3.3782031750328545	-0.11327570287637094	0.8621111056259562	-0.13139339249565105	0.8954641153739376	0.9219520806187772
gene-SYNPCC7002_RS13210	837.0705265394937	0.5118162744571187	0.08210232387708637	6.233882919359846	4.550132086029903e-10	2.221535077296953e-9
gene-SYNPCC7002_RS13215	1416.1388896923943	-0.18203923297530242	0.06005643082390591	-3.0311363908565867	0.0024363516690777496	0.005212472143294564
gene-SYNPCC7002_RS13220	1226.6177478745167	0.48237549671222385	0.1079079692239658	4.470249048159186	7.812856724169552e-6	2.469747775013363e-5
gene-SYNPCC7002_RS13225	2602.8439251077402	0.44690695685966475	0.0799473236743175	5.590017730677711	2.2704642748342457e-8	9.362411283615865e-8
gene-SYNPCC7002_RS13230	2241.579570640003	0.2527605144592453	0.1008658795393916	2.5059070085294164	0.012213773729075313	0.02243813028434551
gene-SYNPCC7002_RS13235	1969.3807062387448	0.6919231476008566	0.0784791075505489	8.816654128682394	1.179308230842861e-18	1.0345313667312576e-17
gene-SYNPCC7002_RS13240	4650.765055645067	0.7712817567011188	0.06713897939092231	11.487838565585967	1.5186412473481227e-30	2.1560709288008215e-29
gene-SYNPCC7002_RS13245	3583.443600753345	0.7801964727114504	0.08128230703367151	9.598601481479248	8.103646034668223e-22	8.628783623099025e-21
gene-SYNPCC7002_RS13250	3497.9255185351017	0.6617964517419247	0.10105283687481846	6.5490140822245335	5.7918170549808253e-11	3.098861455698005e-10
gene-SYNPCC7002_RS13255	313.2942211724592	0.14222114945446787	0.09779583466083794	1.4542659198901435	0.14587259516598303	0.2054784989348508
gene-SYNPCC7002_RS13260	914.3592601773624	0.1334569467091978	0.06062083986949081	2.2015027669777285	0.02770045102727402	0.04716799577868806
gene-SYNPCC7002_RS13265	116.81935909854315	0.5392080244483232	0.13329417864199536	4.045248111671409	5.226773802547101e-5	1.4610593090539695e-4
gene-SYNPCC7002_RS13270	117.47768124690818	0.8615462269403681	0.1311029394902415	6.571524866568659	4.980256689833495e-11	2.673481078771314e-10
gene-SYNPCC7002_RS13275	130.78568096117033	0.7048302054404619	0.12508176128854792	5.634955873498672	1.751031671269591e-8	7.294838506949378e-8
gene-SYNPCC7002_RS13280	782.8048246684322	-0.2299560020192387	0.07968369775602713	-2.885860075461235	0.003903456587125099	0.007976950108916633
gene-SYNPCC7002_RS13285	525.606383564509	-0.21370032484680496	0.08623290219113684	-2.4781761881692694	0.01320559174448411	0.024123307266870803
gene-SYNPCC7002_RS13290	1216.727747318116	0.014646998343762183	0.06622087402524222	0.22118400820531314	0.8249491605142956	0.8630770628910067
gene-SYNPCC7002_RS13295	619.4102431659264	0.2949487740512095	0.08565312808125343	3.4435260060953197	5.741813696012049e-4	0.0013656319569427626
gene-SYNPCC7002_RS13300	738.8693187943953	0.2448565720220587	0.07919865546655072	3.0916758697434332	0.0019903004368930052	0.004320994308667107
gene-SYNPCC7002_RS16225	134.3490454037495	0.9984847906603211	0.12396064653148278	8.054853040853832	7.957435736294564e-16	5.935073612531222e-15
gene-SYNPCC7002_RS13310	814.332542666562	0.16965284787431661	0.05838561828973289	2.9057300897702416	0.003663973543270261	0.007511261785665507
gene-SYNPCC7002_RS13315	1773.4862201494816	-0.01715204750928998	0.047519008253938566	-0.36095129379869473	0.718135857791744	0.7717814646984978
gene-SYNPCC7002_RS13320	701.8663613402184	0.10613384492460524	0.13080311865080593	0.8114014865956051	0.4171351457157151	0.4991742945219112
gene-SYNPCC7002_RS13325	1351.0546307650054	0.12588887560908305	0.07239747760416312	1.7388572057356315	0.0820598832460858	0.12476648288754333
gene-SYNPCC7002_RS13330	1435.8747794907556	0.023950703930947396	0.08439258871059462	0.2838010339163898	0.7765628621415857	0.8236349884509545
gene-SYNPCC7002_RS13335	188.1115677112957	0.6004559964337074	0.1143697528717097	5.25012935113402	1.5199244210614659e-7	5.767872627169947e-7
gene-SYNPCC7002_RS13340	2122.0290581722124	-0.06132087441380467	0.08908297673619242	-0.6883568181090133	0.4912281097105439	0.569278370790069
gene-SYNPCC7002_RS13345	5494.256200885671	-0.8263943466976497	0.04537439660961055	-18.212789776748565	4.085864732247436e-74	1.8369366858729098e-72
gene-SYNPCC7002_RS13350	1021.1238812850094	-0.4699096127947333	0.09578564020193137	-4.905846135225375	9.302543008429967e-7	3.2730795345965002e-6
gene-SYNPCC7002_RS16760	7.897269587204839	-0.5844779536426662	0.46375111643230704	-1.2603267850633444	0.2075515013069343	0.2787735310085254
gene-SYNPCC7002_RS13355	1921.5196546385946	-0.352980558009095	0.08251068489507414	-4.277998158153307	1.8858158119968245e-5	5.662695531942227e-5
gene-SYNPCC7002_RS13360	582.941855311606	0.4084887493671465	0.0682845400366812	5.982155684840431	2.202036442528521e-9	1.0011224669192166e-8
gene-SYNPCC7002_RS13365	3069.39628466528	0.41911938275207056	0.06496775016967289	6.45119127039921	1.109743316503858e-10	5.775304044249178e-10
gene-SYNPCC7002_RS13370	9060.250246975445	0.18620806028557438	0.055415719368918516	3.3602028883886415	7.788525305862476e-4	0.0018085693267630442
gene-SYNPCC7002_RS13375	570.1684051586997	0.5144388611239081	0.08895452829547601	5.783166646841419	7.330737667873538e-9	3.1555316264503516e-8
gene-SYNPCC7002_RS13380	1857.33259750419	-0.12401822885343852	0.06880552187156379	-1.8024458717853757	0.07147528357889726	0.1104369894725014
gene-SYNPCC7002_RS13385	962.2657920389275	-0.8325100445570232	0.05790016721912348	-14.378370297384196	7.074076401943204e-47	1.6125905150063488e-45
gene-SYNPCC7002_RS13390	2763.3416913240717	-0.24220307665751148	0.0633816653113362	-3.8213428988933806	1.3272695382605983e-4	3.4986738561478475e-4
gene-SYNPCC7002_RS13395	1983.3155001683467	-0.05296605630665097	0.0689434469473228	-0.7682536724211139	0.44233649214645854	0.5223798705137127
gene-SYNPCC7002_RS13400	1159.9431383007657	-0.0388769834221774	0.07032508998498103	-0.5528181112954161	0.5803879654216242	0.6541489707763919
gene-SYNPCC7002_RS13405	1213.4001136458853	0.32502650914722514	0.10871009931334102	2.989846492646314	0.0027911768030590843	0.005878359994471213
gene-SYNPCC7002_RS13410	1122.229718856253	-0.036970336059648536	0.08703518985971108	-0.424774578181994	0.6710010114507214	0.7318161300761405
gene-SYNPCC7002_RS13415	732.1177145482798	-0.10699759738906488	0.058401601752560206	-1.832100390711875	0.0669364651814035	0.10406980681662015
gene-SYNPCC7002_RS13420	499.67254313528235	-0.3477215989922764	0.07241756964717656	-4.80161928502158	1.5738770929579972e-6	5.391153597783108e-6
gene-SYNPCC7002_RS13425	149.8963612647261	-0.07019342960325413	0.14577123201853504	-0.4815314286040261	0.6301388482262741	0.697830807974153
gene-SYNPCC7002_RS13430	161.33932614653838	-0.0353186513964288	0.15586482748996633	-0.2265979564806076	0.8207363814568728	0.8606166721010358
gene-SYNPCC7002_RS13435	758.7646819133593	-0.121444137443684	0.06933076535927282	-1.751663014454825	0.07983177016571405	0.12177918945636965
gene-SYNPCC7002_RS16765	14.521674050339437	0.32192197559898156	0.3413622671907365	0.9430508481451682	0.3456548949325913	0.42689236737764136
gene-SYNPCC7002_RS13440	1945.3988118896577	0.14024057097075357	0.05766364414317693	2.4320448881541523	0.015013846496795723	0.027181108003427157
gene-SYNPCC7002_RS13445	2064.74460075331	-0.2533636671535892	0.057069553493842816	-4.439559303384499	9.014327350694205e-6	2.8274590730811185e-5
gene-SYNPCC7002_RS13450	70.08582899211106	-0.17388440426135482	0.1990541923000655	-0.8735530874890175	0.3823616835691353	0.4653025450049966
gene-SYNPCC7002_RS13455	47.84226426333987	0.026758567515532194	0.2170437471517681	0.12328651650499396	0.9018802176465072	0.9259074736827604
gene-SYNPCC7002_RS13460	2078.5490014702464	0.2552948099652772	0.04671440644539584	5.465012388923096	4.6287447487790726e-8	1.8612728884220943e-7
gene-SYNPCC7002_RS13465	1300.6496689403814	0.17552898574350378	0.059878888210881526	2.9314002144683386	0.0033743775259827535	0.006976120872390113
gene-SYNPCC7002_RS13470	2144.2863619177992	0.14336823593104295	0.0468621644369766	3.0593600968613863	0.0022181036028512	0.0047834785892267384
gene-SYNPCC7002_RS17110	465.16936331648265	0.27593548255455563	0.10372432940347445	2.6602773345605515	0.007807633285756479	0.014945777023059565
gene-SYNPCC7002_RS17115	1279.1125264335112	0.2397408026509415	0.081403656268296265	2.9450864204524896	0.0032286446882195444	0.006699437728055555
gene-SYNPCC7002_RS13480	6771.759102666281	0.2064916803336978	0.07605602620817882	2.7149943354717676	0.006627690407597656	0.012854304283639071
gene-SYNPCC7002_RS13485	595.7487461913987	0.3043409764367867	0.0792681879143888	3.8393835464673534	1.2334361622918198e-4	3.264622123743762e-4
gene-SYNPCC7002_RS13490	333.3691294552908	0.2574061177288903	0.09108893394655408	2.82587693780588	0.004715137504855868	0.00949185329802142
gene-SYNPCC7002_RS13495	406.26420859248793	0.09910532660843924	0.10405093651744854	0.9524693378595399	0.34085900914641337	0.42241983637325425
gene-SYNPCC7002_RS13500	1997.1069579456996	0.25994317783472165	0.05391876881441467	4.8210147143647	1.4282982024874012e-6	4.923750033494907e-6
gene-SYNPCC7002_RS13505	1157.3137247846887	-0.7860655529486641	0.06048979615355628	-12.995010777573107	1.3058936989284607e-38	2.3748190468715884e-37
gene-SYNPCC7002_RS13510	2198.073596320464	-0.42779411856103877	0.053853923056440364	-7.943601770899754	1.9639341792174113e-15	1.4285966153093843e-14
gene-SYNPCC7002_RS13515	383.0458085161891	-0.32227564275338566	0.09465386467374307	-3.4047806063093033	6.62172298245975e-4	0.0015543522330835541
gene-SYNPCC7002_RS16230	5405.6091817001225	0.10046016979769935	0.057564576804349676	1.7451734273864827	0.08095468520987519	0.12325979116856349
gene-SYNPCC7002_RS13525	1792.244377617198	0.0653496954306299	0.05264009955730936	1.24144323396432	0.21444205617995274	0.2867199239382516
gene-SYNPCC7002_RS13530	932.7046716658979	0.31100365849672706	0.08037036220466696	3.869631167080489	1.0900012670569506e-4	2.9280780925007046e-4
gene-SYNPCC7002_RS13535	3352.8875003896756	0.2963347506347337	0.08536839826724779	3.471246464142981	5.180482782337046e-4	0.0012412452084696536
gene-SYNPCC7002_RS13540	2026.0787584674374	0.013051093345480652	0.07170248975719529	0.18201729660539417	0.8555691519126508	0.8887924726383988
gene-SYNPCC7002_RS13545	60.59668235093305	-1.0679010132340745	0.3119594333519552	-3.4232047473597627	6.188744281313063e-4	0.001461193671671071
gene-SYNPCC7002_RS13550	105.95509146820231	0.30303897850192735	0.1548797874387678	1.956607660129536	0.05039361372135302	0.08067464273789304
gene-SYNPCC7002_RS13555	272.25810461515243	-0.045538584169619076	0.10856094915565771	-0.4194748159794051	0.6748691562333	0.7352916387503171
gene-SYNPCC7002_RS13560	113.42349166148769	-0.2510530309793354	0.15201027858292432	-1.651552995756017	0.09862570881916737	0.1458434990624234
gene-SYNPCC7002_RS13565	297.555839030853	0.07644900469111995	0.08808803464233843	0.867870477545831	0.3854652423350469	0.46770238776293477
gene-SYNPCC7002_RS13570	535.1875092369407	0.4318295512249388	0.09275552648635467	4.6555668172339635	3.23090602003293e-6	1.0700129615091722e-5
gene-SYNPCC7002_RS13575	509.3980571637696	-0.2533724158079993	0.06796157555747855	-3.72817159887221	1.9287403520862413e-4	4.961207971450725e-4
gene-SYNPCC7002_RS13580	9405.624336037143	-0.28409982942743045	0.03705759453992155	-7.666440117190398	1.768356666835217e-14	1.2099510833761456e-13
gene-SYNPCC7002_RS13585	17712.8803063472	-0.28150184769752346	0.04860333126222546	-5.791822090933649	6.9626876382134296e-9	3.005095984652916e-8
gene-SYNPCC7002_RS13590	12487.375617612754	-0.24603313009921338	0.06438061599753382	-3.8215404790261402	1.326206395160961e-4	3.4986738561478475e-4
gene-SYNPCC7002_RS13595	633.7352971526041	-0.5100821962606537	0.06949599006683052	-7.339735656260675	2.1401612681108258e-13	1.3855404049749487e-12
gene-SYNPCC7002_RS13600	374.8498025301616	0.008312787523016877	0.1159956895391927	0.07166462440147955	0.942868809384512	0.9567606068895502
gene-SYNPCC7002_RS13605	1063.2267005482393	-0.19758454502428374	0.10043154959928911	-1.9673553361729899	0.04914225966392638	0.07892863162116896
gene-SYNPCC7002_RS13610	2829.1963455357463	-0.26041814151588033	0.16883005493854086	-1.542486861185233	0.12295532830732796	0.17745941984463615
gene-SYNPCC7002_RS13615	8174.675186695873	-0.36234536045609333	0.08008269743343199	-4.52463980446325	6.049845108643462e-6	1.938945407591969e-5
gene-SYNPCC7002_RS13620	312.53581636570584	0.2027517877243336	0.08042849647178386	2.520894914347473	0.011705680428079804	0.02156590070898937
gene-SYNPCC7002_RS13625	306.02310624274116	-0.19905637951779723	0.09751658186638752	-2.0412567350908035	0.0412253150453995	0.06739714383937281
gene-SYNPCC7002_RS13630	126.52277516888586	-0.05589494994087494	0.1353153511019582	-0.4130717578285622	0.6795540405480232	0.7391520259589889
gene-SYNPCC7002_RS13635	1813.2922159965672	0.5863854865744683	0.08142946429044345	7.20114631336567	5.97084333057604e-13	3.72401153392575e-12
gene-SYNPCC7002_RS13640	527.2408598567941	0.7685074270237429	0.07866906154780641	9.768864810427775	1.5315848838257531e-22	1.6636712311892493e-21
gene-SYNPCC7002_RS13645	2343.037408748254	-0.22699186352672596	0.062475815867290174	-3.633275698374189	2.7984572437873655e-4	7.054989173005999e-4
gene-SYNPCC7002_RS13650	163.38307917357622	0.46758505816696194	0.15849893620208552	2.9500832584188	0.0031768830635820777	0.0066047337680251676
gene-SYNPCC7002_RS13655	757.1684341322696	0.2573392919090775	0.06253308724898105	4.115250073684324	3.8675986685826005e-5	1.105955555671544e-4
gene-SYNPCC7002_RS13660	37523.13443134271	-0.6086360229985079	0.08913970945286545	-6.82788879091352	8.617334356491348e-12	5.02600203819144e-11
gene-SYNPCC7002_RS13670	535.5579269511306	-0.08452175635171491	0.09000313522227232	-0.9390979119002848	0.3476804762595803	0.4287396958675282
gene-SYNPCC7002_RS13675	1895.0422763374306	-0.07955823517538534	0.06776546972618624	-1.1740232229902492	0.24038572390194196	0.3151594120172483
gene-SYNPCC7002_RS17015	46.23831546291894	-0.285647387240998	0.23912847176922522	-1.1945352434513385	0.23226866300080432	0.30612934125961055
gene-SYNPCC7002_RS13685	1712.3897854519564	-0.3789903349271405	0.08873593582644404	-4.270990454965126	1.946067383973389e-5	5.816639078413537e-5
gene-SYNPCC7002_RS13690	1310.4470856840237	0.4034677095741451	0.06336951752745786	6.3669051827532614	1.9288032518817057e-10	9.83234035644265e-10
gene-SYNPCC7002_RS13695	2452.3479000352145	0.5638370234627152	0.08167936370622882	6.903053572878377	5.0896424128502644e-12	3.039699721475333e-11
gene-SYNPCC7002_RS13700	1056.7859431182046	1.3372878131479073	0.09838499962102822	13.592395368186631	4.442978079677618e-42	8.877728422170648e-41
gene-SYNPCC7002_RS13705	330.1769205149324	0.07095423080059497	0.23255941875350122	0.3051015141889485	0.7602888379953889	0.8082282327064282
gene-SYNPCC7002_RS13710	1723.793858686314	-0.20198842153630903	0.06804882050506418	-2.96828688634327	0.0029946468384610195	0.006262061896704341
gene-SYNPCC7002_RS13715	631.5285142992869	-0.04045922952477441	0.087219920484339	-0.4638760193783847	0.6427365747656302	0.7076660858899132
gene-SYNPCC7002_RS13720	860.5506263142302	-0.09684929405219588	0.06421731133653133	-1.5081493142037103	0.1315163162661465	0.1884543230427252
gene-SYNPCC7002_RS13725	233.57482233157947	-0.3110150829953738	0.11646206396312138	-2.670526971717238	0.007573228697193491	0.014548689194549158
gene-SYNPCC7002_RS13730	1549.114052372107	-0.6757548109306952	0.08218051024419022	-8.22281108894025	1.9878782531661442e-16	1.5357426982097396e-15
gene-SYNPCC7002_RS13735	1908.6071646465864	-0.504125894022463	0.05730067223253172	-8.797905406356682	1.3939345911122128e-18	1.2162173238356423e-17
gene-SYNPCC7002_RS13740	1934.6661052066588	-0.5953387539039017	0.1677454522133704	-3.549060472570292	3.866082840474129e-4	9.45919134891516e-4
gene-SYNPCC7002_RS13745	935.1235428847151	0.1333962695721661	0.10417336956786569	1.2805217890668557	0.20036168665286377	0.2706889731616528
gene-SYNPCC7002_RS13750	5285.244081661072	-0.32958426401317914	0.057199690524777684	-5.761993832298975	8.312603681922559e-9	3.5498546330321005e-8
gene-SYNPCC7002_RS13755	75.13170448965977	0.15628873678015656	0.20049990120028868	0.7794953306437417	0.4356879870927527	0.5158839482141043
gene-SYNPCC7002_RS13760	733.99176881199	-0.04375732804503255	0.08771857116330468	-0.49883767444832205	0.6178937441842532	0.6876613426996739
gene-SYNPCC7002_RS13775	0	NA	NA	NA	NA	NA
gene-SYNPCC7002_RS13780	0	NA	NA	NA	NA	NA
gene-SYNPCC7002_RS13790	1066.5322572393768	0.1486812183583729	0.052399941330544014	2.837431008185239	0.004547817422107019	0.009218087035291433
gene-SYNPCC7002_RS13795	973.8335085844936	0.07913594034404035	0.05432090519829531	1.4568229313403227	0.14516526424650775	0.20466026148342575
gene-SYNPCC7002_RS13800	279.064548739792	-0.0871904670687586	0.10509447850031714	-0.8296388955248062	0.406742978735675	0.48836313878612014
gene-SYNPCC7002_RS13805	217.2604424634655	-0.4001928796032397	0.13329223682867372	-3.0023719994857982	0.0026788460272486516	0.005667597771375089
gene-SYNPCC7002_RS13810	4760.156906288425	0.7619038544399164	0.06210079083570939	12.268826921311993	1.3316870253404187e-34	2.1881578177801704e-33
gene-SYNPCC7002_RS13815	952.2881954919927	0.12187253950117403	0.07531783277691094	1.61811001469143	0.10563889063711636	0.15479994974755348
gene-SYNPCC7002_RS13820	1757.0899520608118	0.3120614072752754	0.05085967231215805	6.135733737330369	8.476703099503439e-10	4.011562563317637e-9
gene-SYNPCC7002_RS13825	16842.27587251144	-0.050307039779317636	0.03935615558684686	-1.278250861375562	0.20116098781708722	0.2714289777256821
gene-SYNPCC7002_RS13830	242.58186408437484	-0.039421733874411835	0.09129918008249786	-0.43178628590958196	0.6658967478286277	0.7273931073401053
gene-SYNPCC7002_RS13835	1504.567680166979	0.0874084964285719	0.0547293785337446	1.5971037634691627	0.11024257942613026	0.16105430021952363
gene-SYNPCC7002_RS16770	121.80570711194842	-0.2563317185546057	0.1276483495541757	-2.0081083652853264	0.04463177753185138	0.0723450495095658
gene-SYNPCC7002_RS13840	504.3965376922504	-0.325065022132769	0.09508574768831742	-3.4186513755805246	6.293230154061293e-4	0.0014847803213335572
gene-SYNPCC7002_RS13845	106.69946245897881	-0.2604290943493451	0.14374170154295	-1.8117852478010978	0.07001938542143894	0.10829085074495835
gene-SYNPCC7002_RS13850	1122.034952124105	-0.3261815165445368	0.07941582942020431	-4.107260717742406	4.003792089725469e-5	1.1408692776796956e-4
gene-SYNPCC7002_RS13860	274.9687435007034	-0.10757737387309879	0.08200083933050176	-1.3119057652509096	0.18955193204596774	0.25824057408787776
gene-SYNPCC7002_RS13865	5160.831782066056	-0.20085838204126283	0.07600339072642694	-2.642755541844831	0.008223438435726467	0.015557726602248143
gene-SYNPCC7002_RS13870	1137.4727910240733	0.05747115636674377	0.06662443471652695	0.8626137934418736	0.3883498439756525	0.4706433713774568
gene-SYNPCC7002_RS13875	1160.051783871017	1.4241979942272025	0.06156281373802671	23.134062719870293	2.1036095128142855e-118	2.2697946643266143e-116
gene-SYNPCC7002_RS13880	170.4959795480479	0.5928627615090953	0.09905032657931404	5.985470033098412	2.1576584692103215e-9	9.834279739311496e-9
gene-SYNPCC7002_RS13885	10428.458818942601	0.45052202806826125	0.06369369520741067	7.073259395630789	1.5133621277746624e-12	9.283355425117065e-12
gene-SYNPCC7002_RS13890	1063.7744205452059	0.12825766617143647	0.07077092252870196	1.812293263796584	0.06994089485271764	0.10822116474103585
gene-SYNPCC7002_RS13895	1743.2252242945826	0.4912061979586249	0.08422765080966121	5.831887666778922	5.4803810862707225e-9	2.3876169012460737e-8
gene-SYNPCC7002_RS13900	178707.4962641099	-0.15195306394178093	0.05969007232033982	-2.545700784651283	0.010905862467624665	0.020253744582731523
gene-SYNPCC7002_RS13905	760.5655829914072	-0.31173976071822157	0.0638041547277991	-4.885884971725805	1.029653028171845e-6	3.595455072483562e-6
gene-SYNPCC7002_RS13910	1235.5295240179544	-0.1773934234271179	0.06241978269340021	-2.8419423421971333	0.0044839600133577615	0.009100049255949262
gene-SYNPCC7002_RS13915	7462.004114882956	-0.04625460000438398	0.057802800343343536	-0.8002138257945244	0.4235869207103596	0.5050279419298099
gene-SYNPCC7002_RS13920	130.7620178674995	0.13662523398546414	0.12327020867055102	1.1083394395040365	0.26771524865593027	0.34580776532292345
gene-SYNPCC7002_RS13925	1669.2626392205	0.1476654450443057	0.05857009449742323	2.5211747788933856	0.011696373993628422	0.021561026547480183
gene-SYNPCC7002_RS13930	5118.469132363677	-0.1683752258775926	0.06905885732537514	-2.4381409191913233	0.014763017669271829	0.026756936279637687
gene-SYNPCC7002_RS13935	211.42315528673	-0.126971737840615	0.12654514560407945	-1.0033710675703849	0.31568185831157064	0.3977990764500387
gene-SYNPCC7002_RS13940	1080.1228604175287	-0.07575990973510634	0.08134274295057141	-0.9313665483489102	0.35166398855899766	0.43332178567395335
gene-SYNPCC7002_RS13950	867.9019581589565	1.6721429556421223	0.09838377383386498	16.99612538207544	8.773036345793211e-65	3.340978664862662e-63
gene-SYNPCC7002_RS13955	131.74375675910042	-0.35980003345125267	0.15464112797842267	-2.3266775026463606	0.019982436118504227	0.03510610236994371
gene-SYNPCC7002_RS13960	431.0020279377792	-0.40801777717733073	0.10869886525664471	-3.7536525907053	1.742763608545356e-4	4.5166739798729524e-4
gene-SYNPCC7002_RS13965	412.78750262959716	-0.008564817081343051	0.09983365028214328	-0.08579088370642293	0.9316326535086125	0.9495261018285197
gene-SYNPCC7002_RS13970	512.1372833349699	0.014674850895446855	0.0844134347122134	0.17384496846357583	0.8619873027154534	0.8934527373967092
gene-SYNPCC7002_RS13975	404.29757039420207	-0.07499482598762588	0.10301074354852291	-0.7280291686497709	0.466595730990004	0.5460485832301675
gene-SYNPCC7002_RS13980	1764.8816748829163	-0.23570856071187335	0.05722003692454223	-4.11933604696392	3.799656689398126e-5	1.088450327750596e-4
gene-SYNPCC7002_RS13985	284.7606941621267	0.14642442753678753	0.09128253483818292	1.6040793323318085	0.108696566912805	0.15899267378976492
gene-SYNPCC7002_RS13990	576.4822857633519	0.013852701841578738	0.0783907279709681	0.17671352467487056	0.8597334169155275	0.8916876227348808
gene-SYNPCC7002_RS13995	2259.1906410680494	0.5793251024938583	0.066489619779589	8.713015722067636	2.9589559521202342e-18	2.5139476160139624e-17
gene-SYNPCC7002_RS14000	1691.959073398772	0.08313187454399086	0.0800476768654433	1.0385295089041993	0.2990236044342766	0.3797329962941363
gene-SYNPCC7002_RS14005	373.7866191739717	0.5688128477652296	0.0950939512278327	5.981588107559315	2.20972475180391e-9	1.0032088389325746e-8
gene-SYNPCC7002_RS14010	334.56803024438983	-0.08136009863152847	0.0896141933916862	-0.9078929972166274	0.3639347577945221	0.4462336405230561
gene-SYNPCC7002_RS14015	220.85170110548378	-0.1930354014627487	0.11001569765480924	-1.754616891749632	0.07932486016361481	0.12117724037263858
gene-SYNPCC7002_RS14020	586.1035877868173	-0.1853122186467208	0.09036938837580913	-2.0506083086020617	0.04030510660314106	0.06612652309902059
gene-SYNPCC7002_RS14025	856.5548269652652	1.0021893714505357	0.07431628681778141	13.48546078341935	1.9047178275041578e-41	3.759494882701804e-40
gene-SYNPCC7002_RS14030	1293.16825745933	0.3898943532712454	0.06748267620697178	5.777695479583908	7.573071260548778e-9	3.246891611973032e-8
gene-SYNPCC7002_RS14035	1591.3945024494099	0.3778637605579339	0.057209019838971226	6.6049682658700295	3.976025053972896e-11	2.1558447403199773e-10
gene-SYNPCC7002_RS14045	1299.7317450531848	0.4854023009945665	0.05345798653582784	9.080070770515219	1.0850427812466032e-19	1.0210126403765274e-18
gene-SYNPCC7002_RS14050	429.7089703975093	0.48729411781222903	0.07947181148511563	6.131659876703514	8.696687744525596e-10	4.109661055332753e-9
gene-SYNPCC7002_RS14055	354.2406614909634	0.2032136529671484	0.08677602439218864	2.3418179663165257	0.019190071987951907	0.0339073488127731
gene-SYNPCC7002_RS14060	221.51113401019197	-0.6901143143539956	0.11441777635150598	-6.031530557226323	1.6241400554789945e-9	7.457221786646107e-9
gene-SYNPCC7002_RS14065	642.7829915996558	-0.5657296754067574	0.09088177719776286	-6.224896704822399	4.818733821529676e-10	2.3443830350384363e-9
gene-SYNPCC7002_RS16240	445.4182687808212	-0.4030712128621692	0.11856897610245959	-3.3994660838924786	6.751755296368557e-4	0.001583726948865581
gene-SYNPCC7002_RS14075	2667.6115790509134	0.32391808808301514	0.050032451369646194	6.47415985456852	9.534092518277229e-11	4.977718948655386e-10
gene-SYNPCC7002_RS14080	8.203380566535655	0.27737506167743287	0.5833626075292566	0.47547624427320195	0.6344475615552075	0.7020576071401671
gene-SYNPCC7002_RS14085	14066.792892132244	0.1161449642742873	0.05999230870067317	1.9359975768524482	0.052867997746184045	0.0842193448348414
gene-SYNPCC7002_RS14090	6127.334913035437	0.6562411568428107	0.055904102229258054	11.738694132885286	8.072322194396837e-32	1.2097271732991926e-30
gene-SYNPCC7002_RS14095	6331.916660958843	0.37101457626721684	0.056881344428811334	6.522605609850738	6.909637769060461e-11	3.6606378819064995e-10
gene-SYNPCC7002_RS14100	542.5996550403768	0.3434751220758728	0.08195311334914668	4.19111743336166	2.7758393058201724e-5	8.080388338974729e-5
gene-SYNPCC7002_RS14105	137.0653681218311	0.7786049506199105	0.11270729782881012	6.9082035113868585	4.9082952266469324e-12	2.942250305306689e-11
gene-SYNPCC7002_RS14110	628.69853556353155	0.9161605607056204	0.06640847045319367	13.795838911112293	2.699936143095107e-43	5.5666836275151985e-42
gene-SYNPCC7002_RS14115	14891.689485654138	-0.06745007834555083	0.08247896108885544	-0.817785256447231	0.4134798181724749	0.49553282910933033
gene-SYNPCC7002_RS14120	1079.391499290257	0.323342657765254	0.06395366312611737	5.055889560659231	4.2838919949784435e-7	1.559837838891476e-6
gene-SYNPCC7002_RS14125	1496.340230387531	1.0417602013933158	0.07097377201698823	14.678101103939646	8.904944445300124e-49	2.217331166879731e-47
gene-SYNPCC7002_RS14130	430.33116811471564	0.4049290342667293	0.09959499708829538	4.0657567759928925	4.787684762877255e-5	1.3488020519959683e-4
gene-SYNPCC7002_RS14135	326.934263769509	0.547534828276721	0.1159004830942637	4.724180725212355	2.3104488456399855e-6	7.806808886572686e-6
gene-SYNPCC7002_RS14140	2198.1168949449375	0.04573748423840431	0.06317667681696813	0.7239615399669145	0.46908934705148314	0.5481740853450003
gene-SYNPCC7002_RS16245	634.7354630098333	0.18775857153937178	0.08806606918412388	2.13201944039101	0.033005248436511515	0.055156421883834676
gene-SYNPCC7002_RS14150	38.016923099096395	0.6469135556714943	0.2078729495999731	3.112062232803272	0.00185785329835042	0.004052473805094548
gene-SYNPCC7002_RS14155	2005.9352493402432	0.46056609938516446	0.05693247750207769	8.089690095927349	5.981672977052811e-16	4.492500099006949e-15
gene-SYNPCC7002_RS14160	661.5080972671452	0.7982554470777683	0.07080270016380402	11.274364469589184	1.7564235150715462e-29	2.3989632566610106e-28
gene-SYNPCC7002_RS14165	565.9341231942764	0.6445865725686	0.10063915600978998	6.404928241905127	1.5044011949798917e-10	7.766741097527767e-10
gene-SYNPCC7002_RS14170	78.65306627979706	0.16239065916025575	0.17037638539901995	0.9531289138452979	0.3405247579680689	0.4221672315368208
gene-SYNPCC7002_RS14175	4605.671954345297	0.7204915051955151	0.05098644803295854	14.131039383833457	2.4450862317333066e-45	5.241552405377955e-44
gene-SYNPCC7002_RS14180	126.76453034063609	0.07191754997282555	0.14804624247650722	0.4857776108990934	0.627124849974035	0.6947307116242132
gene-SYNPCC7002_RS14185	975.3234733073751	-0.07132609518929281	0.0923299955121816	-0.7725127115367656	0.4398108211110887	0.5200211375557713
gene-SYNPCC7002_RS14190	1858.890625516497	-0.07986508508962648	0.046233913100423706	-1.7274134879336995	0.08409342998707851	0.1274990317883715
gene-SYNPCC7002_RS14195	297.32295768035607	-0.19504735438578083	0.12429082910872113	-1.569281947706429	0.11658225677601838	0.16945521561920587
gene-SYNPCC7002_RS14205	600.6973492544483	-0.38786702622098623	0.07721606371321711	-5.023139066781966	5.083370869258625e-7	1.8323910360568117e-6
gene-SYNPCC7002_RS14210	287.6317474021379	-0.11667822004961614	0.09010632163099165	-1.2948949411945057	0.19535647386554927	0.26481109962428095
gene-SYNPCC7002_RS16780	962.5632528959385	-0.5101851090725625	0.13233697369585723	-3.855197038471598	1.1563645498462089e-4	3.0858631886662637e-4
gene-SYNPCC7002_RS17245	229.716087275894	-0.2579222101838358	0.16033631511558172	-1.608632517205521	0.1076967196068208	0.15774401871822574
gene-SYNPCC7002_RS14225	586.2803953115292	0.43986792940384384	0.07311150182559066	6.016398492991704	1.7834023966404794e-9	8.176874727939422e-9
gene-SYNPCC7002_RS16260	200.20160440096862	0.3037656748629691	0.0921801364165524	3.295348506431839	9.829968863047241e-4	0.0022376659078540027
gene-SYNPCC7002_RS14235	816.0315267548601	0.2823250542254606	0.09816050072993115	2.876157437320141	0.004025488751952371	0.008195287478031336
gene-SYNPCC7002_RS14240	698.3046396111936	-0.11781536150363997	0.0870633581850453	-1.3532140725979587	0.17598725077998595	0.2420011600572704
gene-SYNPCC7002_RS14245	959.482077246199	-0.031901335012801776	0.07195341961374936	-0.4433609296688082	0.657504691144239	0.7207391416301733
gene-SYNPCC7002_RS14250	1356.0416178645635	0.05071750398160245	0.06087116884585173	0.8331941860692357	0.40473522100820747	0.48631325553213345
gene-SYNPCC7002_RS14255	486.2738443916748	0.7580076590601899	0.08917691791379605	8.50004324878022	1.8952007347989056e-17	1.5375350322165557e-16
gene-SYNPCC7002_RS14260	3822.9670925579026	1.0630827098414388	0.04617551807127308	23.022648239713167	2.7652810639738313e-117	2.8874886464784812e-115
gene-SYNPCC7002_RS14265	185.02316258120297	0.5427124144591983	0.126247096701096	4.298811051030584	1.7171678320267796e-5	5.185142045028625e-5
gene-SYNPCC7002_RS14270	243.54292775219972	0.49233918278248356	0.10151914297451993	4.849717682369075	1.2363731916622408e-6	4.294141653874114e-6
gene-SYNPCC7002_RS14275	350.6962529631153	0.6419636205361692	0.2521627804514535	2.545830195030548	0.010901820481136562	0.020253744582731523
gene-SYNPCC7002_RS14280	608.1579220367756	0.2812592702139594	0.09422472139863329	2.9849838348053637	0.0028359331033280155	0.005960984061995315
gene-SYNPCC7002_RS14285	599.028041982309	0.40506976122334026	0.08698966648928502	4.656527350558757	3.2158757499315952e-6	1.0665768240295669e-5
gene-SYNPCC7002_RS14290	950.9250649230393	0.6130633858597725	0.07025611061599915	8.726121905760065	2.635545820936675e-18	2.256947572056089e-17
gene-SYNPCC7002_RS14295	81.10922205714559	0.03874502376236385	0.13527629541629152	0.28641399177241017	0.774561059497038	0.8217811044221278
gene-SYNPCC7002_RS14300	22.058266469401335	-0.14471027550761842	0.28963978564131515	-0.4996215391721947	0.617341588530835	0.6876581975479398
gene-SYNPCC7002_RS14305	127.28596855291327	0.03048401473235975	0.14350113712160026	0.2124304750737142	0.831771212607827	0.8688103953570623
gene-SYNPCC7002_RS14310	123.68990699969865	0.27224000873077664	0.15145631863307402	1.79748201453595	0.07225913088389256	0.11159485051104973
gene-SYNPCC7002_RS14315	100.12889598640689	0.25029229820098026	0.16287811765485488	1.5366846191786145	0.12437055940775008	0.17916666702398173
gene-SYNPCC7002_RS14320	262.54063947691907	0.2481060101421664	0.10352275176437677	2.396632681353648	0.016546501673261292	0.02960808508366324
gene-SYNPCC7002_RS14325	651.0866100160745	0.4808204849804843	0.09287591538175298	5.177020145687301	2.2545787959855966e-7	8.446842086348815e-7
gene-SYNPCC7002_RS14330	14.737977065206424	-0.17720956194255666	0.3950061490856257	-0.44862481850666797	0.6537023271502671	0.7172998077916659
gene-SYNPCC7002_RS14335	303.5837194906587	0.2271180232002507	0.24082529508642647	0.9430820924302966	0.345638914612878	0.42689236737764136
gene-SYNPCC7002_RS14340	121.4875327582635	0.23988285740593643	0.2481995835815459	0.9664917803019721	0.33379815800199225	0.41509974546770995
gene-SYNPCC7002_RS14345	489.58695459335706	0.09448649797938104	0.22375890085156416	0.4222692264745299	0.6728285173829401	0.7333151214709014
gene-SYNPCC7002_RS14350	413.51627116028345	0.10389960100798994	0.22256675458633832	0.46682444195718864	0.640625487190227	0.7061333833789735
gene-SYNPCC7002_RS14355	314.0467316964676	0.08184408915933779	0.17799506225951728	0.45981100891444326	0.645651880528062	0.7103926367332891
gene-SYNPCC7002_RS14360	718.5542932223359	-0.2906321968251064	0.24535956772313094	-1.1845154420595574	0.23620908721852313	0.3105641004574977
gene-SYNPCC7002_RS14365	52.94343558330845	0.38308855852195034	0.22843762743913218	1.6769941222753477	0.09354363122228244	0.1394752345769361
gene-SYNPCC7002_RS14370	13.357097976512538	1.4780886522492247	0.3456632197158619	4.276094672335188	1.902003655351969e-5	5.700727622568818e-5
gene-SYNPCC7002_RS14375	19.464034357968004	2.0608860095547836	0.2677171857791594	7.697996688396441	1.3821595266596694e-14	9.580407682649572e-14
gene-SYNPCC7002_RS14380	193.76654979583137	0.3932159843834409	0.11461266997494168	3.430824746246742	6.017492273783153e-4	0.001422835828359099
gene-SYNPCC7002_RS14385	578.8119717702615	0.31264708415208914	0.07649145895616817	4.0873463314544045	4.363355048404411e-5	1.2309563122894621e-4
gene-SYNPCC7002_RS14390	470.19499018407083	0.22598537633630186	0.09193441024394146	2.4581152556117525	0.013966834209557568	0.02541351452295551
gene-SYNPCC7002_RS14395	180.43218575986106	-0.19015446250703535	0.13566975563435826	-1.4015980320589512	0.16103531499550838	0.2235991779725042
gene-SYNPCC7002_RS14400	120.71960535668835	-0.08242571918329941	0.14273706880402723	-0.5774654045647168	0.563625102413398	0.6376981672534671
gene-SYNPCC7002_RS14405	52.79243635829326	-0.5622113438220178	0.2109320150084924	-2.6653675299094943	0.007690422364490638	0.014738837888606391
gene-SYNPCC7002_RS14410	131.13941334520428	-0.44000481152514287	0.14614275854532743	-3.010787642883254	0.0026057101661041897	0.005530940201756893
gene-SYNPCC7002_RS14415	211.4613539821541	-0.3861516491061439	0.1263269014335577	-3.056764986112181	0.0022373962145620704	0.004815459804878605
gene-SYNPCC7002_RS14420	510.09709126040906	-0.286087940786409	0.12458242250303583	-2.296374841960049	0.021654458167665133	0.03772630844388161
gene-SYNPCC7002_RS14425	917.2809663958185	-0.24516310621035342	0.08968468259259664	-2.7336117954950687	0.006264385327463061	0.012274706601088335
gene-SYNPCC7002_RS14430	382.09802434699844	0.14325458702306126	0.10393604350346153	1.3782955574818494	0.1681120542604736	0.2323564131687246
gene-SYNPCC7002_RS14435	25.019390527776036	0.5762195582297024	0.24505912855074938	2.3513490872076326	0.018705475681077003	0.033141557076982076
gene-SYNPCC7002_RS14440	433.2018635342923	0.6163178557299621	0.08170783936314027	7.542946436153017	4.594699137161822e-14	3.0793045770171464e-13
gene-SYNPCC7002_RS14445	245.08451785668214	0.4075013143329044	0.08396846329198848	4.853028129333224	1.2159043630236815e-6	4.232131637750169e-6
gene-SYNPCC7002_RS16505	123.77252646674185	0.2273964934725287	0.13566101133041147	1.676211103267462	0.09369685010490937	0.13957510528743286
gene-SYNPCC7002_RS14455	319.8197518233667	0.1566727436489399	0.09118634797548575	1.718160087857223	0.08576741927024954	0.12961210839299617
gene-SYNPCC7002_RS14460	29.99937136592982	-0.2806103116430766	0.2687951997101378	-1.0439558144850798	0.2965058330449689	0.3774240588150076
gene-SYNPCC7002_RS14465	1.2983976004471207	0.49791809343981197	1.1083378380801554	0.44924758167807166	0.6532530665670624	0.7170499072490949
gene-SYNPCC7002_RS14470	0	NA	NA	NA	NA	NA
gene-SYNPCC7002_RS16785	0	NA	NA	NA	NA	NA
gene-SYNPCC7002_RS14480	588.9754789306314	-0.14831197471355223	0.08847277292770832	-1.6763572543921383	0.09366823640812438	0.13957510528743286
gene-SYNPCC7002_RS14485	236.62726704209456	-0.099757858046790715	0.11352567685941733	-0.8787250673724167	0.3795503635851666	0.4625770056194218
gene-SYNPCC7002_RS14490	594.4564641583431	0.7315115851510996	0.06591152426380648	11.098386713426219	1.2772861424876719e-28	1.7014712935113554e-27
gene-SYNPCC7002_RS14495	33.74700762761569	1.0342188475154643	0.2455765862559813	4.211390276585354	2.538038240664126e-5	7.441693645860303e-5
gene-SYNPCC7002_RS14500	17.733722913343012	0.9402937936388707	0.3464737510670462	2.713896191971305	0.006649700007746646	0.012889268817410714
gene-SYNPCC7002_RS14505	37.918196137007556	1.390422581017947	0.22630404695960177	6.14404647065881	8.044529020371936e-10	3.8294324174917585e-9
gene-SYNPCC7002_RS14510	20.768605872636	0.4303475713458934	0.28766367329754694	1.4960094419039152	0.1346511947088707	0.19206185823634991
gene-SYNPCC7002_RS16790	20.074604446789237	0.5355060687901647	0.3113438347695359	1.7199828902555883	0.0854355517343841	0.12929166945497958
gene-SYNPCC7002_RS14515	61.256319008585955	0.8204254053847504	0.17477223053899063	4.6942549331469365	2.6758017274495194e-6	9.0037112180396e-6
gene-SYNPCC7002_RS14520	76.97424362144294	0.2544747958716824	0.19488795789083715	1.3057492039309155	0.1916378592855878	0.2607531527984227
gene-SYNPCC7002_RS14525	769.1145808268785	0.44389810167378657	0.07450406841404779	5.958038414853722	2.552835179951486e-9	1.1509091194293815e-8
gene-SYNPCC7002_RS14530	1324.8049578267505	0.09095634484314431	0.08293180338260012	1.096760725478542	0.2727460029112452	0.3509057279108508
gene-SYNPCC7002_RS16510	346.4006762039502	0.27815405347970446	0.09301249755372978	2.9905019303349576	0.0027851936893393053	0.0058725899999540945
gene-SYNPCC7002_RS16795	52.6135623044037	0.01986801845345348	0.2017271788517525	0.09848954695417769	0.9215435719267142	0.9416150701789059
gene-SYNPCC7002_RS14545	45.52674549152494	0.36172207580836196	0.1984335439693087	1.82288774656118	0.06832039416118994	0.10595825713226811
gene-SYNPCC7002_RS14550	649.8424803057669	0.5701878354621472	0.0699912747557079	8.146555945041527	3.744355630181331e-16	2.831887657686208e-15
gene-SYNPCC7002_RS14555	233.07607260153242	0.7764960504852122	0.101328598880305	7.663148006245035	1.8143005631648112e-14	1.2363980890451566e-13
gene-SYNPCC7002_RS14560	1641.0072982779714	0.34040754913638505	0.08971275983719555	3.7944161984775953	1.4799125371572894e-4	3.8695289844734623e-4
gene-SYNPCC7002_RS14570	3895.3825062394676	-0.575654062451615	0.07964243879222908	-7.227981352421657	4.902260176421262e-13	3.0812846972962376e-12
gene-SYNPCC7002_RS14575	3725.712647949775	-0.2277571705811111	0.07437220583624084	-3.0623963350314845	0.0021957251466426277	0.00473837486645479
gene-SYNPCC7002_RS14580	304.3108586126507	0.5731466568055825	0.12346690939656166	4.642107424627442	3.4487346576602558e-6	1.1403017453366954e-5
gene-SYNPCC7002_RS14585	610.0545125792877	0.5942699323843202	0.060685454814991185	9.792625501383194	1.2110948624272217e-22	1.3334401597540533e-21
gene-SYNPCC7002_RS16900	506.03768645265234	-0.26636016924422395	0.08235643466045355	-3.234236284540454	0.001219685025552246	0.0027379475920337173
gene-SYNPCC7002_RS16905	115.87409126514794	-0.1299601008342602	0.1482828507603564	-0.8764337896652119	0.3807942558454901	0.46372733299959357
gene-SYNPCC7002_RS16805	4.607110423981561	-0.27815509924054377	0.7010292546013521	-0.3967810150786356	0.691528951779506	0.748655256491726
gene-SYNPCC7002_RS16810	3.856381306587717	0.8772746648053543	0.6185939765380531	1.4181752459262562	0.15613960708931024	0.2177612702059876
gene-SYNPCC7002_RS14605	246.6897116146737	0.06947180695615444	0.10502724769365322	0.6614646054402187	0.5083144060484864	0.5859735514170051
gene-SYNPCC7002_RS14610	536.2521150085723	-0.23906401432200808	0.08802637506453354	-2.715822549170592	0.006611134242653297	0.012844171878411172
gene-SYNPCC7002_RS14615	471.5754049995491	-0.40565022478066637	0.1220983999383238	-3.322322200664174	8.927154469168118e-4	0.002049446738772851
gene-SYNPCC7002_RS14620	1002.0903644692194	0.030354544330653006	0.057929951959723905	0.5239870447632541	0.6002875506656731	0.6725963314312162
gene-SYNPCC7002_RS14625	339.4598707251822	1.2282819944237608	0.12946347709861888	9.487478800589576	2.3668949907558376e-21	2.4322663762148084e-20
gene-SYNPCC7002_RS14630	121.00931086892213	0.8241272078787187	0.1906495263510737	4.322734095657392	1.54107426855701e-5	4.683997565557785e-5
gene-SYNPCC7002_RS14635	203.92106046194505	0.31015434819797527	0.15086112648626399	2.0558930946748237	0.039792821871451806	0.06545191280380563
gene-SYNPCC7002_RS14640	235.11242869892803	0.017129376958501526	0.13370798957026844	0.12811034713448752	0.8980616476958047	0.923158321242083
gene-SYNPCC7002_RS14645	452.8134055789222	-0.01931407876250622	0.10324165004939237	-0.18707642461415594	0.8516007122573512	0.8857329398873021
gene-SYNPCC7002_RS14650	265.3721290172456	-0.40226708807287953	0.09554773327579502	-4.2101164965551865	2.5523904240590915e-5	7.477002536361338e-5
gene-SYNPCC7002_RS14655	2197.715148629691	-0.6428969306648886	0.053299170624798185	-12.062043801592887	1.675721516959791e-33	2.7121552751994214e-32
gene-SYNPCC7002_RS14660	198.13868540301522	-0.022789602843403447	0.11906889481580624	-0.19139845783113926	0.8482134282045294	0.8837035298030452
gene-SYNPCC7002_RS14665	153.64779183793772	0.12447868283395772	0.18902577754480107	0.6585275534944168	0.510199197861515	0.5877276880703645
gene-SYNPCC7002_RS14670	1804.7493735846456	-0.44076019233637914	0.07086730417805669	-6.219514026227851	4.986970440203882e-10	2.4202133905457223e-9
gene-SYNPCC7002_RS14675	1758.895654957635	-0.4362890200568942	0.10355858329602366	-4.212968217320586	2.5203653916143215e-5	7.396575496514559e-5
gene-SYNPCC7002_RS14680	403.19066133970716	-0.22319355487414325	0.09249292893657363	-2.4130877618460613	0.01581801027186575	0.02844605513890524
gene-SYNPCC7002_RS17250	336.65331563423365	-0.09193703913762455	0.10492759255555258	-0.8761950684130073	0.38092399704847674	0.46372733299959357
gene-SYNPCC7002_RS14690	291.4623176769511	0.13235634443953342	0.1000338984390743	1.3231149290872146	0.18579716071727437	0.25398032484874034
gene-SYNPCC7002_RS17255	5.878953331272918	-1.1764538481448494	0.5535523203081001	-2.1252803122386883	0.03356323005649266	0.05597330020240429
gene-SYNPCC7002_RS14695	536.4777418209378	0.4652927815486037	0.08544488271115226	5.445531280340487	5.165098504454255e-8	2.0615812403105333e-07
gene-SYNPCC7002_RS14700	356.8134642722297	0.7123715615069169	0.0815623479689985	8.734073739241621	2.4566082444019868e-18	2.1092946650210163e-17
gene-SYNPCC7002_RS14705	272.5791848941495	1.149960387242008	0.09876070858308837	11.64390579756255	2.464645765956555e-31	3.577604638745008e-30
gene-SYNPCC7002_RS14710	343.7410434636836	0.16080926974245627	0.0910545300015588	1.7660765448979123	0.07738300790164396	0.11865883305429725
gene-SYNPCC7002_RS14715	402.1387181487865	-0.09486437224466099	0.10931267527056861	-0.8678259132333422	0.3854896418138739	0.46770238776293477
gene-SYNPCC7002_RS14720	170.61936880469332	0.20483983035094472	0.10197727958526866	2.0086810629191887	0.04457096828201673	0.07228267751948306
gene-SYNPCC7002_RS14725	149.64930684580472	0.027309102475224774	0.13728655946556922	0.19892043752523172	0.8423249821497666	0.878699957208764
gene-SYNPCC7002_RS16815	56.847712274207034	0.055371404333465414	0.19675590817508476	0.2814218126766122	0.7783868897833315	0.8252991687614294
gene-SYNPCC7002_RS14730	168.6434815753552	-0.27443129029338287	0.1262613019824516	-2.1735186156366786	0.029741306282906423	0.050246664111569986
gene-SYNPCC7002_RS14735	219.16936718068936	-0.3095444354676442	0.11334332693163991	-2.7310336113068034	0.006313603227904238	0.012356187212047169
gene-SYNPCC7002_RS14740	26.699693772612164	-0.5511936504895483	0.33930992001555127	-1.6244548655231947	0.10427876565373088	0.1531535228770993
gene-SYNPCC7002_RS16265	0	NA	NA	NA	NA	NA
gene-SYNPCC7002_RS14750	2.660500498490669	0.07449086339351507	0.7239450996751702	0.10289573536299738	0.918045722423624	0.9392269290408569
gene-SYNPCC7002_RS17020	7.113081560627808	0.7249958164622216	0.4966179179025256	1.4598664090177293	0.1443267927333574	0.2035668096199904
gene-SYNPCC7002_RS14755	898.9993307981672	-0.3001428060974818	0.06853167890120292	-4.379621379627597	1.1888568751037456e-5	3.661588681932278e-5
gene-SYNPCC7002_RS14760	59.78136725622388	-0.33574614167823635	0.1761828889746949	-1.9056682725100478	0.056693258167058086	0.08947639038847735
gene-SYNPCC7002_RS14765	349.81504500667353	-0.1421546990376394	0.12295773501811323	-1.1561265260513964	0.2476294074363219	0.3230860104278009
gene-SYNPCC7002_RS14770	243.3974327418704	-0.043999369401895305	0.11609119278513466	-0.37900695432883325	0.7046826996380905	0.7598460688635905
gene-SYNPCC7002_RS14775	60.9526573181696	0.41065544818606436	0.16684424670077705	2.4613102118081716	0.013843061600303809	0.025216651885303
gene-SYNPCC7002_RS14780	910.530220865928	0.02766668404936412	0.06748276477989618	0.4099814840071033	0.681819530249514	0.7408693586497741
gene-SYNPCC7002_RS14785	620.4541823215851	1.1738507146489265	0.1136279495205729	10.33065121391102	5.121171737830713e-25	6.050085005605116e-24
gene-SYNPCC7002_RS14790	1155.17834070181	1.1941036605187534	0.06886805341783946	17.339007003346417	2.3882723417501025e-67	9.427850695420831e-66
gene-SYNPCC7002_RS14795	929.8473629854702	1.2923701295043823	0.07163588102485766	18.040821317684777	9.314918627267035e-73	4.020318879528452e-71
gene-SYNPCC7002_RS14800	634.2966078526044	1.7533281778806702	0.10627814146896747	16.497542708654073	3.821294077908769e-61	1.3592888934275477e-59
gene-SYNPCC7002_RS14805	267.5063378678539	2.2121713471334643	0.14408305965916815	15.353445105666186	3.358660680651078e-53	9.292294549801316e-52
gene-SYNPCC7002_RS14810	373.64964574431616	2.8898682047479367	0.1476607106100945	19.571002962181176	2.7325085573664814e-85	1.668892490602887e-83
gene-SYNPCC7002_RS14815	142.80965152149102	0.4319454555671523	0.1145063531630968	3.772240086555826	1.6178846462394666e-4	4.2065000802226136e-4
gene-SYNPCC7002_RS14820	74.97296905831833	0.1682426796751766	0.15053143106848973	1.1176581427610854	0.2637130261222285	0.3413190985836281
gene-SYNPCC7002_RS14825	632.6622316303769	0.871895144608814	0.09288964218791652	9.386354862310297	6.2112668324807965e-21	6.263511132940916e-20
gene-SYNPCC7002_RS14830	150.66269208326378	0.05254582908160159	0.10465382117474907	0.5020918346962363	0.6156029236039837	0.6861977237184262
gene-SYNPCC7002_RS14835	677.8150381028809	0.00781384169666262	0.06054600503428996	0.12905627204036477	0.8973131224272912	0.9229750801706837
gene-SYNPCC7002_RS14840	346.13772401869625	0.10090139239164995	0.08707492829458853	1.1587881192423641	0.2465425614532181	0.3220922992561875
gene-SYNPCC7002_RS14845	896.096164309108	0.11122436061111568	0.08191910438722864	1.3577340895398728	0.17454807566886002	0.24043068976174464
gene-SYNPCC7002_RS14850	181.47320056321828	0.22682414305390994	0.10961079578071978	2.0693595137077514	0.0385123627405859	0.06360434601595744
gene-SYNPCC7002_RS14855	266.4002358630708	0.34169764647804557	0.07644195997042683	4.470027280962425	7.82096207571792e-6	2.4698979745462348e-5
gene-SYNPCC7002_RS14860	175.76651105563627	0.7252827376381334	0.1299926285342234	5.579414354616169	2.4132973468598892e-8	9.93873220328939e-8
gene-SYNPCC7002_RS14865	228.80481444498025	0.681861733577363	0.10666105615636641	6.392790003670556	1.6288589582325764e-10	8.355969013944294e-10
gene-SYNPCC7002_RS14870	78.86096631015528	0.39977369634679066	0.1802121032996217	2.2183509821320078	0.026530910555918583	0.04553582050345093
gene-SYNPCC7002_RS14875	219.463989734387	0.8361764053509074	0.14298918381733922	5.847829766054729	4.98027839373014e-9	2.1726632291784988e-8
gene-SYNPCC7002_RS14880	604.3344916875042	0.10320580672863457	0.07737310076097856	1.3338719233633736	0.1822458344975501	0.24965288458255172
gene-SYNPCC7002_RS14885	944.2818091839231	-0.43492089201870876	0.06494772670567894	-6.696475982748752	2.1350552001311086e-11	1.1998565421570136e-10
gene-SYNPCC7002_RS14890	2513.9857281652326	-0.15894194711035936	0.0823175315658226	-1.9308395682791641	0.053502895420350555	0.08510509703964361
gene-SYNPCC7002_RS14895	577.7140286693901	-0.254909864867356	0.09222210615104826	-2.7640863509432934	0.005708243097365827	0.01129341651736681
gene-SYNPCC7002_RS14900	1624.3945704902555	-0.31335783981830456	0.06959707901014828	-4.50245677369035	6.717241994587503e-6	2.1422376686186945e-5
gene-SYNPCC7002_RS14905	1170.2596425579484	-0.022568544685896266	0.07218613909284685	-0.31264374254548066	0.754551341128298	0.8042419134778731
gene-SYNPCC7002_RS14910	2678.032888095978	-0.07197671615404319	0.0835530807776583	-0.861448979309084	0.3889908099593034	0.4712437319753986
gene-SYNPCC7002_RS14915	123.56153045779965	0.24873083233112459	0.15696197220531993	1.58465664540557	0.11304436728019082	0.1647566937802691
gene-SYNPCC7002_RS14920	27.320280508021817	0.9538817057016191	0.28370101377329077	3.362278100507172	7.730222780408608e-4	0.0017976099957027775
gene-SYNPCC7002_RS14925	113.98033429738761	1.7823516006887064	0.18625031374535228	9.569656903373584	1.0726102751885715e-21	1.1309574790831941e-20
gene-SYNPCC7002_RS16570	131.8458121338327	1.8223884008478732	0.1460114673340952	12.481132024226474	9.463158067553729e-36	1.5954293054516364e-34
gene-SYNPCC7002_RS14940	14.10163792412221	0.47643891849131137	0.3913436555481644	1.2174438290661747	0.22343539577441837	0.2961754201972941
gene-SYNPCC7002_RS14945	16.351370588744306	0.0011037754935683038	0.32458434000288244	0.003400581474628449	0.9972867337729905	0.9988295659725155
gene-SYNPCC7002_RS14950	37.23586116792124	0.7172834653382754	0.22331585289525252	3.2119684117308096	0.001318288694386642	0.0029470307346198626
gene-SYNPCC7002_RS14955	27.04840741329754	0.365196318489823	0.243168202715452	1.501825955909065	0.13314206311060742	0.19052271226487077
gene-SYNPCC7002_RS14960	57.81622131193628	0.15691900448578183	0.1712925944892614	0.9160874990168902	0.3596210039466973	0.44194881920100954
gene-SYNPCC7002_RS14965	270.42954554591	0.1711761099545802	0.1107386566709959	1.5457665380856456	0.12216096110477348	0.17669125607513483
gene-SYNPCC7002_RS14970	179.03565517264573	-0.14079849957271057	0.10460814506602051	-1.345961153252928	0.17831504502057235	0.24468240811004355
gene-SYNPCC7002_RS14975	87.82161984044517	-0.12048027154434471	0.15095481342518413	-0.7981214299208608	0.42480002656526916	0.5061014670562298
gene-SYNPCC7002_RS14980	148.43511549340948	-0.23413867305096334	0.148457502691915	-1.5771427432459064	0.11476268403111256	0.16688535858432677
gene-SYNPCC7002_RS16825	290.38236317522285	0.5158869270905845	0.11246410634497954	4.587125118018723	4.493913827598722e-6	1.463460670013789e-5
gene-SYNPCC7002_RS14985	584.4520453611292	0.5739982465426314	0.09110235577215395	6.300586210725386	2.965220278793138e-10	1.4858232263859733e-9
gene-SYNPCC7002_RS14990	645.7916115163889	0.42821248325381744	0.06465275468892086	6.623267412412321	3.513445738634827e-11	1.9114325808337707e-10
gene-SYNPCC7002_RS14995	348.332292571853	0.16629335770605724	0.11423479746450127	1.4557154334495432	0.14547130165249317	0.205002439464136
gene-SYNPCC7002_RS15000	269.17634149477743	0.35022127059797664	0.11722733100076228	2.9875394040635395	0.00281233038587885	0.005919059466248269
gene-SYNPCC7002_RS15005	536.6559064491954	0.259741075650679	0.06575282354810834	3.9502649716728637	7.806472180913203e-5	2.1506000382651947e-4
gene-SYNPCC7002_RS15010	2602.1985445163023	-0.9230809019260648	0.08510518022074011	-10.846353882711247	2.0754004685120772e-27	2.687228526629438e-26
gene-SYNPCC7002_RS15015	264.8667771712676	2.1239715315101316e-4	0.10759052376211851	0.0019741250969334528	0.9984248770871503	0.9993510597189567
gene-SYNPCC7002_RS15020	41.53844366538435	0.07307901592298505	0.23903700608496412	0.3057226038758601	0.759815861419537	0.8079907829878584
gene-SYNPCC7002_RS15025	90.04262876270984	-0.2417467304330309	0.14621914764457414	-1.6533178747605808	0.09826618700573402	0.145511275085801
gene-SYNPCC7002_RS15030	722.0949980403736	-0.09744007741211605	0.07936578437376053	-1.2277340692966319	0.21954681264838305	0.2918580402609678
gene-SYNPCC7002_RS15035	678.7275381008019	0.09614176922450213	0.08738228675495713	1.1002432277162635	0.2712261606944221	0.34950600404770876
gene-SYNPCC7002_RS15040	71.41964723725093	0.29648367876007714	0.14389098078183593	2.0604743754551134	0.03935321308132062	0.06479468501741345
gene-SYNPCC7002_RS17140	159.2671030735203	-0.31400695781523347	0.12049135015310229	-2.606053940106411	0.00915920363932252	0.01720739534561056
gene-SYNPCC7002_RS15050	310.64906197133666	-0.040760712824741537	0.08317265725210923	-0.4900734709147201	0.6240819099336538	0.6918332679641224
gene-SYNPCC7002_RS15055	45.46540994857296	-0.2527738022481127	0.20104409905383397	-1.2573052551043886	0.20864312181361053	0.27989133249509207
gene-SYNPCC7002_RS15060	66.55243007194218	0.002964421758324809	0.18913849060195728	0.01567328653670736	0.9874950386353603	0.9915596601939997
gene-SYNPCC7002_RS15065	10.741032423573664	1.245160123700404	0.4097752867404528	3.0386413334122677	0.002376476025568559	0.005097848174132158
gene-SYNPCC7002_RS15070	5.237220217667217	1.2463337337717837	0.5422220481651823	2.2985670501397633	0.02152953639207357	0.03756933115964536
gene-SYNPCC7002_RS15075	188.51578111087468	0.24651023476706263	0.12368552184898772	1.9930403420057214	0.04625702974493067	0.07460588205497787
gene-SYNPCC7002_RS15080	57.360889502056125	0.014874609213027643	0.21575501432643893	0.0689421252130078	0.9450356871972898	0.9580584151135695
gene-SYNPCC7002_RS15085	258.38083970102036	0.09068075199276787	0.12218463950153288	0.7421616363784437	0.45798940921803344	0.5379215230909921
gene-SYNPCC7002_RS15090	377.4489602296345	-0.12807845360480102	0.08813969695474201	-1.4531301789086792	0.14618761331773733	0.20565376110800337
gene-SYNPCC7002_RS16830	70.2779747270076	0.5099445640539314	0.16043600437893205	3.1784920475175817	0.0014804327918158042	0.003286804490471713
gene-SYNPCC7002_RS15100	427.23453625502486	0.09907691779598461	0.11371264620350505	0.8712919899750842	0.38359474293986334	0.4661021707568835
gene-SYNPCC7002_RS16575	1.1090356300922313	1.6145182790454264	1.1518172760449539	1.4017138938819094	0.1610006999915557	0.2235991779725042
gene-SYNPCC7002_RS15110	127.41900356292311	-0.14747073603979122	0.16272904202086397	-0.9062348933442598	0.3648115377979003	0.44713932141302665
gene-SYNPCC7002_RS15115	240.58792067774968	-0.18893863365288924	0.10797873110927746	-1.7497763838480203	0.08015690728227269	0.12221757365648456
gene-SYNPCC7002_RS15120	61.01779364723187	-0.07930295717797045	0.21837984651934797	-0.36314228827404355	0.7164985962194922	0.7702776339961794
gene-SYNPCC7002_RS15125	510.6049848977348	-0.2092888806713197	0.06893687687958833	-3.0359495547917477	0.002397794771460631	0.005136771459442795
gene-SYNPCC7002_RS15130	136.8885261799245	-0.9495036659049273	0.1454997140535067	-6.5258112160670825	6.763446477743315e-11	3.5949550490074074e-10
gene-SYNPCC7002_RS15135	141.644372279402	-1.1150449156466193	0.14263660088396743	-7.81738283677757	5.3932887760421554e-15	3.8453911383366646e-14
gene-SYNPCC7002_RS15140	1172.7839987083887	-0.8270066983871679	0.09273949121238725	-8.917524644309287	4.768261688962429e-19	4.299404759657767e-18
gene-SYNPCC7002_RS15145	19.004205663339413	0.0774087378932197	0.3871892169259301	0.19992482876409265	0.8415393718888723	0.8784466129649403
gene-SYNPCC7002_RS15150	38.88995525454112	0.43912721405258454	0.25000441397101064	1.7564778440412003	0.0790068512897218	0.12085148421746869
gene-SYNPCC7002_RS15155	17.02175175208974	-0.6353813208495334	0.4021936061810186	-1.5797897109372794	0.11415503269073175	0.1661510075629041
gene-SYNPCC7002_RS15160	1951.781653052993	-0.43921132269173396	0.08950678880454764	-4.90701687053953	9.24720817581356e-7	3.257150474984602e-6
gene-SYNPCC7002_RS15165	3.7209534835764755	0.731617872628613	0.7837373322289969	0.9334988171966327	0.3505624808694597	0.43212899869552207
gene-SYNPCC7002_RS15170	32.896603538286186	-0.28368861780385785	0.21661260616109818	-1.3096588551862682	0.19031126846025817	0.25916599747827335
gene-SYNPCC7002_RS15175	39.30809903768237	0.23806249155855505	0.22468572493747827	1.0595354539092283	0.2893559916197755	0.3702155513332859
gene-SYNPCC7002_RS15180	133.87141076638648	0.015678267498077787	0.1210459818049637	0.12952323789929285	0.8969436386385858	0.9228882893430077
gene-SYNPCC7002_RS16835	21.069880025340687	0.28781706372708116	0.2841917892899094	1.0127564362300192	0.31117651365313864	0.393007559381666
gene-SYNPCC7002_RS15185	2181.386207432906	0.10823126507045255	0.056284775629310946	1.9229225640563783	0.054489775536600414	0.08637776856609967
gene-SYNPCC7002_RS15190	587.6358888210682	0.7902789921415925	0.07877416858193399	10.032209877526203	1.1002605047228303e-23	1.2540645259816203e-22
gene-SYNPCC7002_RS15195	208.4450811620091	-0.030900013588210998	0.16540143249478595	-0.18681829487290008	0.851803102214758	0.8857329398873021
gene-SYNPCC7002_RS15200	528.9149695965257	0.13532047377116507	0.07171280027897058	1.8869779627173078	0.05916328977167143	0.09287660959791484
gene-SYNPCC7002_RS15205	497.53920938895743	0.3122840437018595	0.07018063380027212	4.449718202753659	8.598303273834636e-6	2.7022046308157975e-5
gene-SYNPCC7002_RS15210	164.23795660530814	-0.014155753797799741	0.11130169838847462	-0.1271836279478156	0.8987950631505232	0.9236189267994424
gene-SYNPCC7002_RS15215	7.030296052050393	0.10181616382472705	0.5667815061575713	0.1796391779170386	0.857435845445829	0.8900175589414288
gene-SYNPCC7002_RS16580	5.922923343614863	-1.0651887347594533	0.6296880671842389	-1.6916133404316083	0.0907197212204397	0.13582781572181465
gene-SYNPCC7002_RS15220	17.15894916706649	-0.02799997130026617	0.3305754965700588	-0.08470068589712348	0.9324993506617845	0.9498174315800727
gene-SYNPCC7002_RS16585	12.41229996913098	-0.1899014612805263	0.37529328602364737	-0.50600814976626185	0.6128509284700974	0.6845405298335766
gene-SYNPCC7002_RS15225	676.439503284214	0.281775073168456	0.07987155426767246	3.5278526347959502	4.189453215069633e-4	0.001021179221173223
gene-SYNPCC7002_RS15230	613.5845130890771	0.42886123959522837	0.07616204275839566	5.630905160404894	1.7926628857641085e-8	7.458675785627787e-8
gene-SYNPCC7002_RS15235	745.2133771740309	0.2568988359965937	0.11157504189871256	2.3024758191872836	0.021308353544054776	0.03723506800821678
gene-SYNPCC7002_RS15240	47.991172915826425	-0.150291994664795	0.23235964144905508	-0.6468076544082058	0.5177564377938193	0.5938970904105574
gene-SYNPCC7002_RS15245	62.900293586360824	0.0698022640400529	0.1717628480070061	0.4063874397169154	0.6844579470303016	0.7434867028647941
gene-SYNPCC7002_RS15250	163.57129167767798	-0.13403359661587902	0.11863293853227143	-1.1298177241004461	0.2585530381869976	0.33571447437276825
gene-SYNPCC7002_RS15255	425.97101833307096	-0.25962130469747496	0.08101230859517786	-3.204714310695851	0.0013519659979858516	0.0030181475417104843
gene-SYNPCC7002_RS15260	447.41343181030845	0.07603755386881536	0.08612625741459769	0.8828614658452304	0.37731112571063696	0.4600211351884489
gene-SYNPCC7002_RS15265	578.8739614537861	-0.4072794496376692	0.10390374045552161	-3.9197765917966594	8.863109033589129e-5	2.4170079142146595e-4
gene-SYNPCC7002_RS15270	8027.009462053773	-1.7062276815623278	0.07025121828709957	-24.287517329441776	2.6561323732804638e-130	3.306884804734177e-128
gene-SYNPCC7002_RS15275	33923.46720647894	-2.1362115236569723	0.06994964775107512	-30.53927492614341	7.849213129397288e-205	1.693860193323935e-202
gene-SYNPCC7002_RS15280	2201.6312118636633	-0.519483809997354	0.0772719285438091	-6.722801148968789	1.7826379247536727e-11	1.0052959864856513e-10
gene-SYNPCC7002_RS15285	264.1039098417328	-0.29762836665160375	0.09310069375518425	-3.19684370381	0.0013894018866796828	0.0030931870063150846
gene-SYNPCC7002_RS15290	100.78157594654462	-0.19772617872152304	0.17521865727958663	-1.1284539089123506	0.2591282717525206	0.33632646979266606
gene-SYNPCC7002_RS15295	56.31757590913499	-2.7399199721443436e-4	0.1936486599722386	-0.0014148922964595456	0.998871079658124	0.9994886197382837
gene-SYNPCC7002_RS15300	46.34869955487796	-0.3381109734572406	0.2245367663415102	-1.50581563530219	0.13211450844713812	0.18922772736433013
gene-SYNPCC7002_RS16840	3.1646419916617083	0.6771924802285754	0.6681853177993984	1.013480036434864	0.3108309270043699	0.3928205710451908
gene-SYNPCC7002_RS15305	122.12961398990143	-0.3804053010475349	0.14342914177076702	-2.652217648039132	0.007996497745128416	0.015199449912495996
gene-SYNPCC7002_RS15310	431.23389479552526	-0.5088766845012451	0.08288622751018498	-6.139460074216972	8.280243150717913e-10	3.935851259746532e-9
gene-SYNPCC7002_RS15315	114.10339316846199	-0.5077365428811808	0.14767316593466248	-3.4382451250881094	5.854974269951372e-4	0.0013888444877705995
gene-SYNPCC7002_RS15320	139.70343391283814	-0.059264433553927784	0.12760328607777602	-0.4644428476379932	0.6423304976783469	0.7074596192530823
gene-SYNPCC7002_RS15325	88.77727609807995	-0.32275942432125615	0.15077619054858868	-2.140652467388375	0.03230207432096958	0.054149049496104884
gene-SYNPCC7002_RS15330	192.32817651085958	-0.2212827390461984	0.12872205998706945	-1.7190739417037528	0.08560090897398599	0.12948137492934236
gene-SYNPCC7002_RS15335	184.38947265923443	-0.04407590905268732	0.1201342382432471	-0.3668888211822069	0.7137019502886086	0.7676497046321847
gene-SYNPCC7002_RS15340	192.42082192874526	-0.2636882802413765	0.10247760909059996	-2.573130682706024	0.010078314506978492	0.018792341047862544
gene-SYNPCC7002_RS15345	309.74060563332654	0.6101370839802374	0.08887581465850512	6.865051941572828	6.646706437074621e-12	3.926165827885136e-11
gene-SYNPCC7002_RS15350	129.06762641310104	-0.6406617346910004	0.1479300641032739	-4.330842000066582	1.485402415694771e-5	4.519029717672908e-5
gene-SYNPCC7002_RS15355	77.46356585471702	-0.170476293736064	0.19711684481543998	-0.8648489371655707	0.3871217072167765	0.469330698974047
gene-SYNPCC7002_RS15360	325.3442207528547	-0.2392435464344153	0.0791848930252514	-3.0213281510416707	0.0025166845150266935	0.00536660591247787
gene-SYNPCC7002_RS15365	542.9240268370557	-0.32515993387167946	0.07122546781375151	-4.565220051933458	4.989706591949443e-6	1.6151680238140347e-5
gene-SYNPCC7002_RS15370	237.67981881100076	-0.3029526685347632	0.09670159475148946	-3.132861141673126	0.0017311131818176515	0.003804218173485226
gene-SYNPCC7002_RS15375	298.542762363449	-0.6059441918973157	0.12557586374602644	-4.8253237033099	1.3977605902075391e-6	4.823615171110666e-6
gene-SYNPCC7002_RS15385	285.89710336147425	-0.19514271442287584	0.11111003267881735	-1.756301476275949	0.07903694534704393	0.12085148421746869
gene-SYNPCC7002_RS15390	245.82547752423105	-0.0030818865921114135	0.11289843248778456	-0.027297868749815185	0.978222156727735	0.9849720586770674
gene-SYNPCC7002_RS15395	718.4007898258202	0.14644076098540745	0.08772224563913879	1.66936858397148	0.09504435574161514	0.14106308094250722
gene-SYNPCC7002_RS15400	412.81425376721364	-0.05179536685790678	0.0725492246266872	-0.7139341202394309	0.47526791762240717	0.5539943281756327
gene-SYNPCC7002_RS15405	6.148540773556805	0.2862052052292993	0.6395226741239243	0.4475294103080379	0.6544928577886173	0.7179238836535935
gene-SYNPCC7002_RS15410	0.15801880206140473	-0.9212199114464763	3.5327601547845835	-0.2607649178217844	0.7942738001571931	0.8382994102082928
gene-SYNPCC7002_RS16270	0	NA	NA	NA	NA	NA
gene-SYNPCC7002_RS15420	65.57612637531176	-0.1976601562700135	0.20220273410613074	-0.9775345380160242	0.3283045876651309	0.409530943910264
gene-SYNPCC7002_RS17150	49.55458007407399	0.2962611305383734	0.18059366375344912	1.640484634847634	0.10090444064695459	0.14894102798640765
gene-SYNPCC7002_RS17155	19.106281915575572	0.8010013760250534	0.2569899236108626	3.116859076692594	0.0018278892624018354	0.003995190778119339
gene-SYNPCC7002_RS15435	8.70564993271455	0.6107453956327809	0.4951399547868682	1.2334803316280036	0.2173966103536853	0.2897129797097074
gene-SYNPCC7002_RS15440	28.939500079895993	0.41970481027184786	0.28476835607565915	1.4738463783537028	0.14052295788252905	0.19898198366830558
gene-SYNPCC7002_RS15445	556.338587429144	0.4075665686805989	0.08923455950754529	4.567362364198557	4.938997711786333e-6	1.6035642520614203e-5
gene-SYNPCC7002_RS17025	18.219286291570747	-0.05003949671848541	0.3823164260847628	-0.13088502953150968	0.8958662575022817	0.9220728380079128
gene-SYNPCC7002_RS15450	79.86476448944303	-0.18732345010675974	0.17597773477793968	-1.0644724478533425	0.2871147293644501	0.36778408347951125
gene-SYNPCC7002_RS15455	114.2051357674908	-0.039733597907590505	0.15871725342148502	-0.25034202048642495	0.8023228631121158	0.8451412651786264
gene-SYNPCC7002_RS16850	0.43291393006035833	-0.9177869168610804	2.152351503921857	-0.4264112600515094	0.6698081979158317	0.7310078006249315
gene-SYNPCC7002_RS15465	0	NA	NA	NA	NA	NA
gene-SYNPCC7002_RS15470	1.0253527937665379	-2.178628174188898	1.5241627362875865	-1.429393412081047	0.15289119084532563	0.21369118513226212
gene-SYNPCC7002_RS15475	27.354376562808564	-0.5530343638952171	0.2733104269777875	-2.0234660272956337	0.043025122745594606	0.07016237900629206
gene-SYNPCC7002_RS15480	243.7119421027295	-0.1643694717835524	0.11728691633638844	-1.4014305850801583	0.16108535156993506	0.2235991779725042
gene-SYNPCC7002_RS15485	111.37321673300885	-0.32004239334755225	0.1642539880995648	-1.9484604121365636	0.051359897274236496	0.08209974690207582
gene-SYNPCC7002_RS15490	89.81346600579408	-0.15489103255570333	0.15096439601307582	-1.0260103484419425	0.3048867062314222	0.38596725384087355
gene-SYNPCC7002_RS16855	22.94962343671023	-0.434254337937113	0.31975535570827385	-1.3580830787813336	0.1744373238441046	0.24038042455656303
gene-SYNPCC7002_RS15495	21.776470895627867	0.043142690536339456	0.32698058385342904	0.13194266775081184	0.8950296396415613	0.9217979457587445
gene-SYNPCC7002_RS15500	57.57797488801548	0.1297699864941279	0.16012194632905663	0.8104447233450791	0.4176846224685609	0.4994625500298233
gene-SYNPCC7002_RS15505	223.8458728779902	-0.20465091445479897	0.11412115137363162	-1.793277687716046	0.0729285332672423	0.1125212879819177
gene-SYNPCC7002_RS15510	102.9506665104141	0.08433168853901793	0.1532753313193722	0.550197398453507	0.5821839877538257	0.6554885455162205
gene-SYNPCC7002_RS15515	155.8843768788651	-0.30986332493476826	0.1424378582706041	-2.175428138957892	0.02959804775300884	0.05010924716343599
gene-SYNPCC7002_RS15520	328.95616308373167	-0.14741897641603627	0.12424616107972414	-1.186507294349666	0.23542202256560146	0.3097809296930293
gene-SYNPCC7002_RS15525	147.7567574439253	0.13973195702396243	0.19501861771572992	0.7165057298664868	0.4736791307383113	0.5531382922799112
gene-SYNPCC7002_RS15530	205.53145342062479	-0.09473481028344057	0.19959089367921368	-0.47464495266853296	0.6350400598413375	0.7020576071401671
gene-SYNPCC7002_RS15535	131.53222614256265	-0.21872192292362286	0.30577697421362154	-0.7152988660644526	0.47442438909242884	0.553609137524222
gene-SYNPCC7002_RS15540	1515.4597978352688	-1.0931464463165812	0.07241710221984084	-15.095142070143217	1.743120501825602e-51	4.624984479024159e-50
gene-SYNPCC7002_RS16275	478.19415387404285	-0.5061558889699868	0.08599698012361305	-5.8857402695121674	3.962762247967347e-9	1.7384590348791993e-8
gene-SYNPCC7002_RS15550	18.683887471197384	-0.228737460487323	0.4209085906276807	-0.5434373770946748	0.5868286968103701	0.6598001012765432
gene-SYNPCC7002_RS15555	216.74657460864944	-0.042154861106888424	0.0970212323332279	-0.43449109120881774	0.6639318627301477	0.7263086987690058
gene-SYNPCC7002_RS15560	177.31257908725547	-0.23223214679222118	0.1196706697863986	-1.9405936910584247	0.05230757994486369	0.08349094491199396
gene-SYNPCC7002_RS15575	999.3480199276366	0.29961118196509556	0.07903839585555561	3.790704235858247	1.5022075039174826e-4	3.921488459823299e-4
gene-SYNPCC7002_RS15580	130.92951049390174	0.20919417412902733	0.15936794174054542	1.3126490299385314	0.18930124009387925	0.2581163075753526
gene-SYNPCC7002_RS15585	615.8914676677681	0.5777532792505725	0.06478818906031229	8.91757105161148	4.766264586914636e-19	4.299404759657767e-18
gene-SYNPCC7002_RS15590	23.671874024391723	1.1073855521314917	0.2702743766800749	4.097264290215381	4.180615043783195e-5	1.188116847824952e-4
gene-SYNPCC7002_RS15595	131.36796960850546	0.08646737521231923	0.15359599469218377	0.5629533204013907	0.5734666705302103	0.6474752746795572
gene-SYNPCC7002_RS15600	56.373961954398446	0.20011991017776093	0.2723652662928959	0.7347482771997665	0.4624928125710933	0.5420308596280337
gene-SYNPCC7002_RS15605	51.4051425069544	0.2640819725384065	0.19029009000791072	1.3877862611102243	0.16520213961645097	0.22862733045679853
gene-SYNPCC7002_RS15610	24.749234025048406	0.21110513896094305	0.24954738344500105	0.8459521235872607	0.3975794530919112	0.479673756861169
gene-SYNPCC7002_RS15615	38.67164440912536	-0.3630386951614451	0.2628462713689113	-1.3811825949469574	0.16722282493715873	0.23122609325996704
gene-SYNPCC7002_RS15620	26.722325706525393	-0.33496536712538444	0.24894594159285074	-1.3455345565472918	0.17845266953855732	0.2447674963119958
gene-SYNPCC7002_RS15625	61.73860578724509	0.11481850840513408	0.20257567219251407	0.5667931749278285	0.5708547081249911	0.6449761571380789
gene-SYNPCC7002_RS15630	515.1334838223311	-0.39108163018069236	0.07988542603374438	-4.8955316332104895	9.804031883407108e-7	3.4383154069977044e-6
gene-SYNPCC7002_RS15635	309.7680670251275	0.1932515133288875	0.0862781268295599	2.2398668171209906	0.025099570464983824	0.043285727008605564
gene-SYNPCC7002_RS15640	185.37189172827976	0.1511673075636604	0.13643514526554013	1.1079792326929212	0.2678707848452551	0.34587065438535736
gene-SYNPCC7002_RS15645	329.6496155816501	-0.6751683436176932	0.11079341072385203	-6.093939515054034	1.1016529916967744e-9	5.168189469742694e-9
gene-SYNPCC7002_RS15650	291.9115354973554	-0.5544126524708445	0.12909881066102077	-4.2944830369242135	1.7510086812988625e-5	5.282399908074947e-5
gene-SYNPCC7002_RS15655	455.2528016522949	-0.2902640212392351	0.09449659141595804	-3.0716877391010002	0.002128522648846609	0.004599484522240636
gene-SYNPCC7002_RS15660	643.8869411821199	-0.48035018105056493	0.09663415583081142	-4.970811582310187	6.66732195242402e-7	2.3795061918408546e-6
gene-SYNPCC7002_RS16290	1902.68672102694	-0.43911794915347757	0.08780402354485531	-5.0011142021202595	5.69999343669253e-7	2.0478222813067394e-6
gene-SYNPCC7002_RS16595	35.61121132064231	-0.19517065324597818	0.23339174971985827	-0.8362363000416376	0.40302198082535745	0.4847945566449952
gene-SYNPCC7002_RS16600	51.60396571772842	-0.30681359368734834	0.18001274034654313	-1.7043993280514504	0.08830650938089252	0.13252117332681923
gene-SYNPCC7002_RS16305	21.149321585401314	0.6912640320819982	0.2931054730952436	2.358413934690924	0.01835321504594739	0.03257091946476519
gene-SYNPCC7002_RS16310	19.459771042581053	0.3563835136991127	0.3423669559999276	1.0409401592459409	0.2979033218433266	0.3786074019657825
gene-SYNPCC7002_RS16315	40.18751835433559	0.2580914245349006	0.22254910989506452	1.1597054899774475	0.2461687342137177	0.3219588657170926
gene-SYNPCC7002_RS15680	384.9486481487727	-0.2663318183518412	0.11401380518309398	-2.335961140180707	0.019493266934443726	0.03429331797108388
gene-SYNPCC7002_RS15685	280.24651601503933	-0.12785911240531278	0.09498325105750205	-1.3461227214459943	0.1782629420741008	0.24468240811004355
gene-SYNPCC7002_RS15690	229.15290589111538	0.11640738295375515	0.09931748925857016	1.172073356090305	0.2411676059964716	0.31605649417432335
gene-SYNPCC7002_RS16320	133.7964438107412	-0.5399578427120875	0.15340216153698819	-3.519884187433	4.317352689665039e-4	0.0010491944937271569
gene-SYNPCC7002_RS15700	346.31356598728746	0.3529035251559183	0.10806514175838851	3.2656555056850634	0.0010921102243756594	0.002470119686162771
gene-SYNPCC7002_RS15705	58.36235994412048	-0.2890546084727346	0.16364489197121918	-1.7663527714850502	0.07733668330609116	0.11864400183024505
gene-SYNPCC7002_RS15710	83.70637499588838	0.10312708363542675	0.1442375514644691	0.714980825647409	0.47462089148713915	0.553638856123917
gene-SYNPCC7002_RS15715	129.01013717374704	-0.12052778832655224	0.1358749469494999	-0.8870493864578901	0.3750523119909827	0.45761188613449344
gene-SYNPCC7002_RS15720	224.38752093442613	-0.6017640230115081	0.1270199441697949	-4.73755540474097	2.1631172838805884e-6	7.340169501191074e-6
gene-SYNPCC7002_RS15725	1029.6100397143937	0.1352228601102035	0.08078850186126675	1.6737884351713022	0.09417218600223481	0.14005346138767583
gene-SYNPCC7002_RS15730	1975.5169979684347	-0.12172925501167026	0.05714380853197211	-2.1302264959039685	0.03315291858813366	0.055374611697517374
gene-SYNPCC7002_RS15735	952.3835770028629	1.079162276468253	0.07536523004626822	14.319100144797988	1.6626206011805737e-46	3.661158425864977e-45
gene-SYNPCC7002_RS15740	679.3303883399656	1.1984145507503945	0.07595596641022352	15.77775397232113	4.426614942478804e-56	1.351787978189046e-54
gene-SYNPCC7002_RS15745	146.21967937632243	2.71220249469588	0.15975120035312063	16.97766582473694	1.2017126358212563e-64	4.471199772590122e-63
gene-SYNPCC7002_RS15750	618.4855127738497	1.3046539582360688	0.10941761763638357	11.923618759199204	8.915035645637156e-33	1.4146063914180133e-31
gene-SYNPCC7002_RS15755	97.20340343645282	1.2610964401091234	0.14046584922139066	8.977957611045282	2.758393131200777e-19	2.5222933801403714e-18
gene-SYNPCC7002_RS15760	92.01975466542228	0.8693318419711457	0.14022692268268871	6.199464591676919	5.665556126163558e-10	2.7413161704620986e-9
gene-SYNPCC7002_RS15765	42.106232454114604	-0.25663314903616524	0.2168649758958627	-1.1833775738844938	0.23665954113200527	0.3109037884108365
gene-SYNPCC7002_RS15770	36.37680398738931	-0.013181149832154094	0.3268620737185	-0.04032633606646563	0.9678329577074501	0.9762777451227848
gene-SYNPCC7002_RS15775	23.396716125894088	-0.35756420786542686	0.33252139434232153	-1.0753118865408235	0.28223511621567005	0.3623939195518143
gene-SYNPCC7002_RS15780	265.4787600567058	-0.18303413576585342	0.13582698218383032	-1.3475535775221172	0.17780201012553673	0.24418545047787968
gene-SYNPCC7002_RS16325	483.8498084546563	-0.06548170304831186	0.10057531828717264	-0.6510712982418011	0.5150004631807664	0.5915743432633573
gene-SYNPCC7002_RS15790	118.31694988698497	-0.029046604746370986	0.164122375529923	-0.17698138143921255	0.8595230141742092	0.8916876227348808
gene-SYNPCC7002_RS15795	257.8150759894903	-0.22036120041590143	0.10961850474296406	-2.010255484989595	0.044404155664173044	0.07208437907970318
gene-SYNPCC7002_RS15800	592.1656303952602	0.09323763406844751	0.09535052663518945	0.9778407876568332	0.32815307447978603	0.409530943910264
gene-SYNPCC7002_RS15805	92.00881701908122	-0.07740052039172937	0.1696086828438525	-0.456347629696452	0.6481400186438289	0.7121619960455106
gene-SYNPCC7002_RS15810	194.61775093712885	0.2882469768731884	0.1579668886905454	1.8247303549660943	0.06804173017436033	0.10558536940287841
gene-SYNPCC7002_RS15815	1816.330551543405	0.11519347711188918	0.057697019606200065	1.996523874164041	0.045876929747072484	0.07402972163074459
gene-SYNPCC7002_RS15820	131.5794054679325	-0.02337683045593488	0.15085527543511015	-0.15496196860540246	0.8768512997218156	0.9071165411311977
gene-SYNPCC7002_RS15825	27.695428753913667	1.3418343983013126	0.21347027180298797	6.285813883910231	3.2614048361314724e-10	1.6167178337760454e-9
gene-SYNPCC7002_RS16330	134.10457525951392	0.8329620891677673	0.1630987748379736	5.107102061283125	3.2713707441262985e-7	1.2047129805161352e-6
gene-SYNPCC7002_RS15835	233.52311442861975	-0.9815085818064111	0.14092450798677036	-6.964782746650091	3.2891092430482266e-12	1.9937915018253013e-11
gene-SYNPCC7002_RS15840	169.55227411149954	-0.7547316216990299	0.14896578370031205	-5.066476360889637	4.0524704927625556e-7	1.482242597183321e-6
gene-SYNPCC7002_RS15845	166.00901868539964	0.46370094237560483	0.12050011242750643	3.8481370102834553	1.1901948672003183e-4	3.1631040928796635e-4
gene-SYNPCC7002_RS15850	6735.156294720691	0.09315487193968817	0.08798516436211386	1.0587565826017866	0.2897106515319412	0.37037653199403386
gene-SYNPCC7002_RS15855	125.92431336427519	-0.6232209033987666	0.14789720161090242	-4.2138789416609566	2.5102186711783175e-5	7.378859950370584e-5
gene-SYNPCC7002_RS15860	121.50177024923256	-0.8188165117571181	0.1443866724893359	-5.6709978673245915	1.4196816578818637e-8	5.9604533418464236e-8
gene-SYNPCC7002_RS15865	279.45749996420807	0.31636335238579505	0.08759424351037606	3.611691130688513	3.04206755933337e-4	7.615756140419271e-4
gene-SYNPCC7002_RS15870	357.16658425565714	0.18634377479273337	0.12678655457159727	1.4697439757896704	0.14163110763717018	0.20009378301567168
gene-SYNPCC7002_RS15875	378.77137216303896	-0.5908680636176924	0.09463046363759622	-6.243951904119631	4.266512338416462e-10	2.091046645293006e-9
gene-SYNPCC7002_RS15880	271.2435007191326	-0.6212056068364789	0.09057295636336626	-6.858621290269992	6.952828561268353e-12	4.092055645968302e-11
gene-SYNPCC7002_RS15885	792.0097197037963	-0.5909509162328047	0.08313419467593669	-7.108397676027002	1.1739788624219806e-12	7.238418243161812e-12
gene-SYNPCC7002_RS15890	477.04165459716376	-0.6464898110010859	0.10858851177097968	-5.953574650369788	2.6234810634127262e-9	1.181113797255493e-8
gene-SYNPCC7002_RS15895	51.25648687806382	-0.26661608713067414	0.22449803130962168	-1.1876099116564829	0.23498713105155025	0.30933442180311843
gene-SYNPCC7002_RS15900	555.9743270800208	0.5849959415319516	0.13059338662288747	4.479521947165942	7.481039822080907e-6	2.3671677325587386e-5
gene-SYNPCC7002_RS16870	48.25810890652514	0.6056414008355069	0.2972551503542346	2.03744628180125	0.04160533991832341	0.06798409152731594
gene-SYNPCC7002_RS16875	52.6134433011758	-0.3629325328414013	0.29368150922687203	-1.2358031453762115	0.21653174554317037	0.2887982119172816
gene-SYNPCC7002_RS16880	84.10356715220095	0.46614114786972716	0.27834213128281415	1.6747056786602552	0.09399199271881925	0.13988601399118064
gene-SYNPCC7002_RS15905	94.5106012157229	0.010821536347422321	0.13204767869943151	0.08195173481280524	0.9346850943274165	0.9505421458805678
gene-SYNPCC7002_RS15910	175.3831815610223	0.11448577118843493	0.1182771606273709	0.9679448727140091	0.33307190222802885	0.41438318974629346
gene-SYNPCC7002_RS15915	628.8848519403974	0.21313381056609196	0.08027643534664555	2.654998439401906	0.0079308775436333	0.015107505473996556
gene-SYNPCC7002_RS15925	596.2650890584184	-0.27744015056472876	0.09022120439204095	-3.0751102518999813	0.002104247518748852	0.004553107766169809
gene-SYNPCC7002_RS15930	89.72500958000857	-0.8514775342021622	0.1854480884918244	-4.591460290191669	4.401553966613994e-6	1.43627320462999e-5
gene-SYNPCC7002_RS15935	153.7745006875011	-0.720667761498896	0.14174261353284867	-5.084340859369593	3.6890492342843016e-7	1.3523728619907457e-6
gene-SYNPCC7002_RS15940	274.41688827550223	-0.7817478824159645	0.13271053096002652	-5.890624329213431	3.84739282714999e-9	1.6925060510866502e-8
gene-SYNPCC7002_RS15945	614.1386654796559	-0.548603724985345	0.10433713699910313	-5.257990977748036	1.4563766299505287e-7	5.546224883705719e-7
gene-SYNPCC7002_RS15950	378.07464462198163	-0.4765856171961087	0.09468758453066732	-5.033242948992458	4.822513205759889e-7	1.7441871784407553e-6
gene-SYNPCC7002_RS15955	662.1075620466414	-0.44417254458263633	0.07631378598105015	-5.820344763040992	5.872636481031082e-9	2.551640844174176e-8
gene-SYNPCC7002_RS15960	425.34102162933516	-0.37913849017759693	0.1258574817032728	-3.0124430033605054	0.0025915409714627026	0.005504473835055622
gene-SYNPCC7002_RS15965	219.3190484393114	-0.5408931348301852	0.13822866248196675	-3.9130316760516286	9.114457331755308e-5	2.4834594598393883e-4
gene-SYNPCC7002_RS15970	867.4218270480138	-0.30956029814007596	0.0725697180719506	-4.265695201311884	1.9928068947520263e-5	5.939885744302311e-5
gene-SYNPCC7002_RS15975	631.2948675487968	-0.39305016958918215	0.09598622199119525	-4.094860298025235	4.2242302353850784e-5	1.1952651461487324e-4
gene-SYNPCC7002_RS15980	950.3259256583831	-0.2238698318698855	0.06591101022698227	-3.3965468151516656	6.824188296788155e-4	0.0015960908610334725
gene-SYNPCC7002_RS15985	658.2686030360975	-0.1375827963167968	0.07138206491332731	-1.9274140708012713	0.05392804745102541	0.08573923850636997
gene-SYNPCC7002_RS15990	1060.621674230435	-0.907797117506657	0.08158021189274578	-11.127663148266222	9.201620168518598e-29	1.2308117555989547e-27
gene-SYNPCC7002_RS15995	139.41818139625047	0.14321342301948445	0.1255483752939278	1.1407031168997617	0.2539934890625696	0.3303241961010598
gene-SYNPCC7002_RS16000	432.86494856265983	0.14149950916920384	0.08561699859491927	1.6527034524847357	0.09839123141958668	0.14560931444160155
gene-SYNPCC7002_RS16005	107.68453002326146	0.20286204086724446	0.13356961733730868	1.5187738417708336	0.12881943237309648	0.18503764487480737
gene-SYNPCC7002_RS16885	7.748090888189278	0.29500514935559374	0.4753543695655893	0.6206004788073984	0.5348625245594021	0.6100598985196563
gene-SYNPCC7002_RS16015	21.559681766507133	-0.27111790725289475	0.262787359351016	-1.0317007177303048	0.30221234109584627	0.38318109993233623
gene-SYNPCC7002_RS16020	453.4539676855845	0.2855063633640515	0.0811399077614975	3.5186922346925558	4.336794926533045e-4	0.0010523392186797202
gene-SYNPCC7002_RS16025	700.2135744802906	0.19038580555319742	0.0677089633841836	2.8118257323323665	0.004926118452133796	0.009898103928961574
gene-SYNPCC7002_RS16030	272.49906091190326	-0.03701819264016302	0.09824760916615176	-0.3767846663582376	0.7063336368465372	0.7612443301909037
